filename,path_rgb,label,patient_id,timepoint,ordinal_label,split,path_thermal,mean_temp,max_temp,std_temp,range_temp,hot_spot_count,temp_gradient,glcm_contrast,glcm_homogeneity,glcm_entropy,rgb_full_path,p_rgb_0,p_rgb_1,p_rgb_2,p_thermal_0,p_thermal_1,p_thermal_2,p_fused_0,p_fused_1,p_fused_2,pred_rgb,pred_thermal,pred_fused
R0_0001.png,/content/STANDUP_Database/diabetic/R0/RGB/R0_0001.png,R0,R0_P1,T0,1,train,/content/STANDUP_Database/diabetic/R0/thermal/R0_0001.png,0.067864386010176,0.996779859443926,0.2091970681351944,0.996779859443926,1,10.454852831785848,47.83924567585191,0.9261187410152856,3.6406081087107225,/content/STANDUP_RGB_P/R0_0001.png,0.6174657,0.61362207,0.6128878,0.87,0.03666666666666667,0.01,0.7437328374385834,0.32514436801274615,0.3114438998699188,3,1,1
R0_0002.png,/content/STANDUP_Database/diabetic/R0/RGB/R0_0002.png,R0,R0_P1,T10,1,train,/content/STANDUP_Database/diabetic/R0/thermal/R0_0002.png,0.0963866076180527,0.9961147638555122,0.205166224664034,0.9961147638555122,7,19.09032777511786,44.54708520179747,0.8444687772858647,5.148236742637328,/content/STANDUP_RGB_P/R0_0002.png,0.6405435,0.6367954,0.6360791,0.94,0.09,0.02666666666666667,0.790271760225296,0.36339770078659056,0.33137286980946856,3,1,1
R0_0003.png,/content/STANDUP_Database/diabetic/R0/RGB/R0_0003.png,R0,R0_P2,T0,1,test,/content/STANDUP_Database/diabetic/R0/thermal/R0_0003.png,0.1240206085468439,0.9981328701268706,0.2516305192393792,0.9981328701268706,2,16.23286228221135,65.3949791800155,0.8648515401334875,4.970461433895913,/content/STANDUP_RGB_P/R0_0003.png,0.5840748,0.58012384,0.57936954,0.98,0.62,0.13206007092763822,0.7820373976230621,0.6000619208812714,0.3557148079552742,3,2,2
R0_0004.png,/content/STANDUP_Database/diabetic/R0/RGB/R0_0004.png,R0,R0_P2,T10,1,test,/content/STANDUP_Database/diabetic/R0/thermal/R0_0004.png,0.033476059529651,0.9998313374523596,0.1430256371366122,0.9998313374523596,1,7.785459502612962,25.773622677771588,0.9558927468217912,2.9334744606289256,/content/STANDUP_RGB_P/R0_0004.png,0.6026099,0.59871405,0.59797,0.7766666666666666,0.5166666666666667,0.35,0.6896382697423299,0.5576903601487477,0.4739850044250488,3,2,2
R0_0005.png,/content/STANDUP_Database/diabetic/R0/RGB/R0_0005.png,R0,R0_P3,T0,1,test,/content/STANDUP_Database/diabetic/R0/thermal/R0_0005.png,0.0302956183661836,0.9999999999595142,0.1406576713470949,0.9999999999595142,1,7.679153080909399,18.495195387573084,0.9578074400252792,2.90659790628645,/content/STANDUP_RGB_P/R0_0005.png,0.5439326,0.5399007,0.5391316,0.7666666666666667,0.5333333333333333,0.4033333333333333,0.6552996416886647,0.5366170267264048,0.471232457558314,3,2,2
R0_0006.png,/content/STANDUP_Database/diabetic/R0/RGB/R0_0006.png,R0,R0_P3,T10,1,test,/content/STANDUP_Database/diabetic/R0/thermal/R0_0006.png,0.0495116491666028,0.9999999999586776,0.159298547654501,0.9999999999586776,1,12.79876270380485,39.73850896861278,0.9191870002125944,3.683791063537389,/content/STANDUP_RGB_P/R0_0006.png,0.5326615,0.5286163,0.5278448,0.6833333333333333,0.47,0.15,0.6079974154631297,0.4993081545829773,0.338922393321991,3,1,1
R0_0007.png,/content/STANDUP_Database/diabetic/R0/RGB/R0_0007.png,R0,R0_P4,T0,1,train,/content/STANDUP_Database/diabetic/R0/thermal/R0_0007.png,0.2182563150213971,0.997899159621937,0.2980576861736187,0.997899159621937,5,22.485316402402574,70.45904067905622,0.7559418291695714,7.052465015771968,/content/STANDUP_RGB_P/R0_0007.png,0.6437052,0.63997155,0.6392579,0.9866666666666667,0.2130931201210171,0.12209488965359071,0.8151859279473623,0.42653233720017225,0.3806763987605112,3,1,1
R0_0008.png,/content/STANDUP_Database/diabetic/R0/RGB/R0_0008.png,R0,R0_P4,T10,1,train,/content/STANDUP_Database/diabetic/R0/thermal/R0_0008.png,0.1574655288179107,0.9999999999595142,0.2314339691385705,0.9999999999595142,12,18.676038994119843,45.7346252402343,0.7732507334508555,6.613620883511706,/content/STANDUP_RGB_P/R0_0008.png,0.56583345,0.5618392,0.5610769,0.9166666666666666,0.17420946626384692,0.05999773911787718,0.7412500580151875,0.36802434458593347,0.31053730930961,3,1,1
R0_0009.png,/content/STANDUP_Database/diabetic/R0/RGB/R0_0009.png,R0,R0_P5,T0,1,train,/content/STANDUP_Database/diabetic/R0/thermal/R0_0009.png,0.2292276955268281,0.9999999999596774,0.3127732034896968,0.9999999999596774,9,28.386309761142623,103.87239750160975,0.7597576878305315,7.241182707191501,/content/STANDUP_RGB_P/R0_0009.png,0.61168844,0.60782367,0.6070854,0.97,0.22926382293361502,0.2305160977713616,0.7908442175388336,0.41854374642202297,0.41880075227580227,3,1,1
R0_0010.png,/content/STANDUP_Database/diabetic/R0/RGB/R0_0010.png,R0,R0_P5,T10,1,train,/content/STANDUP_Database/diabetic/R0/thermal/R0_0010.png,0.2009781153466704,0.9968060394484456,0.282931608842791,0.9968060394484456,10,23.11888623148677,78.90086483024297,0.7792152399491239,6.969609074091145,/content/STANDUP_RGB_P/R0_0010.png,0.42191872,0.4179624,0.41720942,0.9966666666666667,0.15044800910948047,0.12603479512780277,0.7092926933368047,0.2842052056074059,0.27162210587784336,0,1,1
R0_0011.png,/content/STANDUP_Database/diabetic/R0/RGB/R0_0011.png,R0,R0_P6,T0,1,train,/content/STANDUP_Database/diabetic/R0/thermal/R0_0011.png,0.1537159834553893,0.9999999999591836,0.2375727367722507,0.9999999999591836,8,19.68225805946898,43.967328635493416,0.7942892799538762,6.5268387250314985,/content/STANDUP_RGB_P/R0_0011.png,0.6831933,0.6796676,0.6789931,0.9966666666666667,0.22189710289666395,0.07442130426512758,0.8399299963315328,0.4507823474726545,0.37670720507674715,3,1,1
R0_0012.png,/content/STANDUP_Database/diabetic/R0/RGB/R0_0012.png,R0,R0_P6,T10,1,train,/content/STANDUP_Database/diabetic/R0/thermal/R0_0012.png,0.0856237568140791,0.999710815459815,0.214475112342495,0.999710815459815,3,14.728411785465909,54.96684817425079,0.890014359530804,4.327502257331165,/content/STANDUP_RGB_P/R0_0012.png,0.5860509,0.58210534,0.581352,0.9733333333333334,0.05,0.08730479494736143,0.7796921304861705,0.3160526692867279,0.33432839520775054,3,1,1
R0_0013.png,/content/STANDUP_Database/diabetic/R0/RGB/R0_0013.png,R0,R0_P7,T0,1,train,/content/STANDUP_Database/diabetic/R0/thermal/R0_0013.png,0.1067554378473243,0.9999999999591836,0.2188560941632663,0.9999999999591836,3,16.39819808329366,45.77878763613353,0.8557686703429657,5.209963418239029,/content/STANDUP_RGB_P/R0_0013.png,0.49490014,0.49084052,0.4900669,0.9866666666666667,0.13,0.10467825956950681,0.7407834019263586,0.31042026221752167,0.297372572758844,0,1,1
R0_0014.png,/content/STANDUP_Database/diabetic/R0/RGB/R0_0014.png,R0,R0_P7,T10,1,train,/content/STANDUP_Database/diabetic/R0/thermal/R0_0014.png,0.0810208461073632,0.999419279866458,0.2083537938527288,0.999419279866458,6,13.494914561715866,48.60646220371889,0.8980520557123379,4.293004867188577,/content/STANDUP_RGB_P/R0_0014.png,0.5175505,0.513494,0.5127205,0.9566666666666667,0.08333333333333333,0.03251782020925822,0.7371085973580678,0.2984136740366618,0.2726191727369991,3,1,1
R0_0015.png,/content/STANDUP_Database/diabetic/R0/RGB/R0_0015.png,R0,R0_P8,T0,1,train,/content/STANDUP_Database/diabetic/R0/thermal/R0_0015.png,0.2362774636680646,0.9982507288222288,0.3072201567929951,0.9982507288222288,6,26.8880459394038,81.6528267136513,0.7342825916588525,7.591238022821087,/content/STANDUP_RGB_P/R0_0015.png,0.42322323,0.41926357,0.41850993,0.89,0.06877139979859014,0.08666666666666667,0.6566116136312485,0.24401748564968417,0.2525882985194524,0,1,1
R0_0016.png,/content/STANDUP_Database/diabetic/R0/RGB/R0_0016.png,R0,R0_P8,T10,1,train,/content/STANDUP_Database/diabetic/R0/thermal/R0_0016.png,0.1916700154155012,0.9999999999595142,0.2806633590694099,0.9999999999595142,12,22.35438598271882,61.56802530429708,0.770843468499192,6.882038585338956,/content/STANDUP_RGB_P/R0_0016.png,0.50800157,0.5039417,0.50316775,0.99,0.2947514194974786,0.15124542547471248,0.7490007829666138,0.39934656713055994,0.32720658696297267,3,1,1
R0_0017.png,/content/STANDUP_Database/diabetic/R0/RGB/R0_0017.png,R0,R0_P9,T0,1,train,/content/STANDUP_Database/diabetic/R0/thermal/R0_0017.png,0.2093829929389853,0.9991566874270882,0.3096566590006288,0.9991566874270882,16,24.530803219112723,80.2315422805956,0.7740364396686383,6.693769718744864,/content/STANDUP_RGB_P/R0_0017.png,0.539126,0.53508794,0.5343177,0.9933333333333333,0.2901233507460023,0.13752282435056912,0.7662296561400095,0.4126056469115449,0.33592024830161205,3,1,1
R0_0018.png,/content/STANDUP_Database/diabetic/R0/RGB/R0_0018.png,R0,R0_P9,T10,1,train,/content/STANDUP_Database/diabetic/R0/thermal/R0_0018.png,0.2238541278068483,0.9985362997248842,0.2944486259119102,0.9985362997248842,12,26.38835668371363,71.70039237668736,0.7383945977148725,7.519894962292065,/content/STANDUP_RGB_P/R0_0018.png,0.56042,0.55641496,0.5556507,0.9866666666666667,0.060990742978727246,0.056666666666666664,0.77354332168897,0.3087028523968038,0.3061586888631185,3,1,1
R0_0019.png,/content/STANDUP_Database/diabetic/R0/RGB/R0_0019.png,R0,R0_P10,T0,1,train,/content/STANDUP_Database/diabetic/R0/thermal/R0_0019.png,0.2641920097433263,0.9982648929613194,0.3369391782050124,0.9982648929613194,22,24.62196083711291,94.84961563101248,0.7762901293478003,7.050249104955675,/content/STANDUP_RGB_P/R0_0019.png,0.5422381,0.53820395,0.5374344,0.9966666666666667,0.2693806697589755,0.2579052622492913,0.7694523914655049,0.4037923122278154,0.3976698306886257,3,1,1
R0_0020.png,/content/STANDUP_Database/diabetic/R0/RGB/R0_0020.png,R0,R0_P10,T10,1,train,/content/STANDUP_Database/diabetic/R0/thermal/R0_0020.png,0.1801328834122021,0.9999999999595142,0.2634281977539406,0.9999999999595142,10,20.743481805545688,57.34288917361045,0.7868573738514217,6.567929974162625,/content/STANDUP_RGB_P/R0_0020.png,0.56323886,0.5592393,0.55847603,0.9966666666666667,0.3198324483241672,0.11044837786302066,0.7799527629216512,0.43953588811586475,0.3344622043447946,3,1,1
R0_0021.png,/content/STANDUP_Database/diabetic/R0/RGB/R0_0021.png,R0,R0_P11,T0,1,train,/content/STANDUP_Database/diabetic/R0/thermal/R0_0021.png,0.1487536026395629,0.9999999999591836,0.2314590959968008,0.9999999999591836,7,20.755610911711944,50.26521460602517,0.815931620129668,6.340638138861812,/content/STANDUP_RGB_P/R0_0021.png,0.56435865,0.5603614,0.5595985,0.9933333333333333,0.24771108673999814,0.12561016273918926,0.7788459924856821,0.40403623604272854,0.342604334118084,3,1,1
R0_0022.png,/content/STANDUP_Database/diabetic/R0/RGB/R0_0022.png,R0,R0_P11,T10,1,train,/content/STANDUP_Database/diabetic/R0/thermal/R0_0022.png,0.0672670088030523,0.9999999999596774,0.1985151719421902,0.9999999999596774,2,15.84809976123316,67.16083440103036,0.9088074055194542,3.9031339831941496,/content/STANDUP_RGB_P/R0_0022.png,0.5749212,0.5709471,0.5701885,0.8966666666666666,0.10333333333333333,0.08100190476190476,0.7357939287026722,0.33714022199312843,0.32559521355038595,3,1,1
R0_0023.png,/content/STANDUP_Database/diabetic/R0/RGB/R0_0023.png,R0,R0_P12,T0,1,train,/content/STANDUP_Database/diabetic/R0/thermal/R0_0023.png,0.2270564689226404,0.9999999999596774,0.30779432072232,0.9999999999596774,12,25.972960330561968,87.15743113389503,0.7547586743302986,7.243477869187753,/content/STANDUP_RGB_P/R0_0023.png,0.6977287,0.69429225,0.69363475,0.99,0.19122034739661078,0.17102046939270663,0.84386434674263,0.4427562973459952,0.4323276089257845,3,1,1
R0_0024.png,/content/STANDUP_Database/diabetic/R0/RGB/R0_0024.png,R0,R0_P12,T10,1,train,/content/STANDUP_Database/diabetic/R0/thermal/R0_0024.png,0.1540382678160231,0.9991737585318023,0.2486065608929976,0.9991737585318023,9,20.117998968220835,52.47629724535988,0.8019461479045475,6.248254483615565,/content/STANDUP_RGB_P/R0_0024.png,0.5416032,0.5375682,0.5367985,0.9933333333333333,0.1685885758543045,0.029469162933449724,0.7674682704607645,0.35307839370489275,0.28313382005315063,3,1,1
R0_0025.png,/content/STANDUP_Database/diabetic/R0/RGB/R0_0025.png,R0,R0_P13,T0,1,train,/content/STANDUP_Database/diabetic/R0/thermal/R0_0025.png,0.1838994955699832,0.9959349593091082,0.2705708985046332,0.9959349593091082,16,20.703502170508823,64.82583279949255,0.8003787720494565,6.430565842705354,/content/STANDUP_RGB_P/R0_0025.png,0.63143367,0.6276458,0.62692195,1.0,0.3096728076204379,0.09333333333333334,0.8157168328762054,0.46865929909868637,0.3601276425520579,3,1,1
R0_0026.png,/content/STANDUP_Database/diabetic/R0/RGB/R0_0026.png,R0,R0_P13,T10,1,train,/content/STANDUP_Database/diabetic/R0/thermal/R0_0026.png,0.1068947954194184,0.9999999999586776,0.2113960455407406,0.9999999999586776,3,17.606178675231433,52.76593529788993,0.8490864719528131,5.3230521548446905,/content/STANDUP_RGB_P/R0_0026.png,0.6630918,0.65945375,0.65875816,0.9766666666666667,0.10666666666666667,0.11525361418020173,0.8198792227109273,0.38306020816167197,0.3870058888161751,3,1,1
R0_0027.png,/content/STANDUP_Database/diabetic/R0/RGB/R0_0027.png,R0,R0_P14,T0,1,train,/content/STANDUP_Database/diabetic/R0/thermal/R0_0027.png,0.1859011942620234,0.997942386790208,0.2705389012464422,0.997942386790208,10,21.95977701076975,72.78050928892239,0.7848004074467837,6.704597918027812,/content/STANDUP_RGB_P/R0_0027.png,0.627785,0.623982,0.6232553,0.99,0.17295562302555015,0.13105167430040002,0.8088925135135651,0.3984688176487156,0.37715349337158977,3,1,1
R0_0028.png,/content/STANDUP_Database/diabetic/R0/RGB/R0_0028.png,R0,R0_P14,T10,1,train,/content/STANDUP_Database/diabetic/R0/thermal/R0_0028.png,0.0602258204324512,0.9956088992566202,0.1839249522063355,0.9956088992566202,3,14.567318800669698,73.71236386931993,0.9242108887264469,3.699014144735746,/content/STANDUP_RGB_P/R0_0028.png,0.6357731,0.63200384,0.63128346,0.7266666666666667,0.023333333333333334,0.0033333333333333335,0.6812198944886525,0.3276685885588328,0.3173083976904551,3,1,1
R0_0029.png,/content/STANDUP_Database/diabetic/R0/RGB/R0_0029.png,R0,R0_P15,T0,1,test,/content/STANDUP_Database/diabetic/R0/thermal/R0_0029.png,0.1995634650402691,0.9999999999588476,0.3010535451406878,0.9999999999588476,10,22.968188881361527,76.53235105702007,0.8000571546155786,6.552831392550001,/content/STANDUP_RGB_P/R0_0029.png,0.50180984,0.49774936,0.49697536,0.9966666666666667,0.5910710482157697,0.3284847590343948,0.7492382510503133,0.5444102033156867,0.4127300606676338,1,2,2
R0_0030.png,/content/STANDUP_Database/diabetic/R0/RGB/R0_0030.png,R0,R0_P15,T10,1,test,/content/STANDUP_Database/diabetic/R0/thermal/R0_0030.png,0.1598594646072308,0.9997084547696912,0.2667975358972922,0.9997084547696912,11,19.998297310158527,55.11098654708951,0.8221169705403275,6.029683694499141,/content/STANDUP_RGB_P/R0_0030.png,0.67479384,0.6712195,0.670536,0.88,0.5968511594988926,0.1393095421300494,0.7773969197273254,0.6340353436101488,0.40492276189258514,3,2,2
R0_0031.png,/content/STANDUP_Database/diabetic/R0/RGB/R0_0031.png,R0,R0_P16,T0,1,train,/content/STANDUP_Database/diabetic/R0/thermal/R0_0031.png,0.191219940692401,0.9956797234621556,0.2995944191112286,0.9956797234621556,14,22.577479608975317,80.9388613068587,0.8107454505672838,6.220019227764643,/content/STANDUP_RGB_P/R0_0031.png,0.49345765,0.48939842,0.4886248,0.9166666666666666,0.13474914593673679,0.023333333333333334,0.7050621559222539,0.312073782896881,0.25597907225290933,0,1,1
R0_0032.png,/content/STANDUP_Database/diabetic/R0/RGB/R0_0032.png,R0,R0_P16,T10,1,train,/content/STANDUP_Database/diabetic/R0/thermal/R0_0032.png,0.1023441777253404,0.9985481997271204,0.2126041071612404,0.9985481997271204,1,17.442949243569696,50.36402946829287,0.8653110442245817,5.133792311260463,/content/STANDUP_RGB_P/R0_0032.png,0.54330844,0.5392757,0.5385064,0.9866666666666667,0.08,0.04911408896333519,0.7649875517686209,0.30963785290718077,0.2938102388137904,3,1,1
R0_0033.png,/content/STANDUP_Database/diabetic/R0/RGB/R0_0033.png,R0,R0_P17,T0,1,train,/content/STANDUP_Database/diabetic/R0/thermal/R0_0033.png,0.0761572198431023,0.9966986794299106,0.2165951744025578,0.9966986794299106,3,13.092635565534447,62.53139013453351,0.9126198632907104,3.931341357367682,/content/STANDUP_RGB_P/R0_0033.png,0.49556476,0.491505,0.49073124,0.9,0.12666666666666668,0.04666666666666667,0.6977823793888092,0.30908583184083305,0.26869895299275715,0,1,1
R0_0034.png,/content/STANDUP_Database/diabetic/R0/RGB/R0_0034.png,R0,R0_P17,T10,1,train,/content/STANDUP_Database/diabetic/R0/thermal/R0_0034.png,0.1479979502700855,0.9999999999583332,0.2533774912906689,0.9999999999583332,10,22.10516507976827,51.10754324151589,0.7956171105986498,6.3003442794519975,/content/STANDUP_RGB_P/R0_0034.png,0.51431584,0.5102579,0.5094842,0.9633333333333334,0.10971651947403473,0.0694305973952781,0.7388245884577433,0.30998720961761733,0.28945738463132437,3,1,1
R0_0035.png,/content/STANDUP_Database/diabetic/R0/RGB/R0_0035.png,R0,R0_P18,T0,1,train,/content/STANDUP_Database/diabetic/R0/thermal/R0_0035.png,0.2829614375147857,0.9999999999595142,0.3685907482296741,0.9999999999595142,16,25.867467726059942,107.09669282511884,0.7790157795735109,7.0035560695955255,/content/STANDUP_RGB_P/R0_0035.png,0.5655909,0.56159616,0.56083375,0.9866666666666667,0.24916245126026,0.1362850729517396,0.7761287923653921,0.40537930321344295,0.3485594125535218,3,1,1
R0_0036.png,/content/STANDUP_Database/diabetic/R0/RGB/R0_0036.png,R0,R0_P18,T10,1,train,/content/STANDUP_Database/diabetic/R0/thermal/R0_0036.png,0.2019213398400668,0.9999999999588476,0.3157210131384874,0.9999999999588476,11,22.32472633393068,78.20147341448376,0.8096185066901703,6.245311900650341,/content/STANDUP_RGB_P/R0_0036.png,0.5758684,0.5718967,0.5711385,0.98,0.3351862430600594,0.14988432990801984,0.7779342138767242,0.45354145765444986,0.3605114155376586,3,1,1
R0_0037.png,/content/STANDUP_Database/diabetic/R0/RGB/R0_0037.png,R0,R0_P19,T0,1,train,/content/STANDUP_Database/diabetic/R0/thermal/R0_0037.png,0.2821174364082059,0.9962099124957816,0.3623219024948515,0.9962099124957816,13,29.80347998611872,128.06306053812602,0.7499106458455902,7.32715440281039,/content/STANDUP_RGB_P/R0_0037.png,0.43145123,0.4274716,0.42671406,0.9633333333333334,0.2175172975172975,0.08,0.6973922822872798,0.3224944527204026,0.2533570313453674,0,1,1
R0_0038.png,/content/STANDUP_Database/diabetic/R0/RGB/R0_0038.png,R0,R0_P19,T10,1,train,/content/STANDUP_Database/diabetic/R0/thermal/R0_0038.png,0.2522765317520771,0.9959514169637266,0.3387477574452865,0.9959514169637266,10,27.5684562138842,105.77574471493404,0.7538286141722863,7.192683426336305,/content/STANDUP_RGB_P/R0_0038.png,0.43767136,0.43367812,0.43291792,0.9866666666666667,0.10905519302870297,0.02666666666666667,0.712169015010198,0.27136665670169124,0.22979229470094045,0,1,1
R0_0039.png,/content/STANDUP_Database/diabetic/R0/RGB/R0_0039.png,R0,R0_P20,T0,1,train,/content/STANDUP_Database/diabetic/R0/thermal/R0_0039.png,0.236751502914614,0.9985540774610184,0.3437977039792161,0.9985540774610184,10,26.32704294267948,123.00216207560209,0.7891851698558182,6.6959172754727705,/content/STANDUP_RGB_P/R0_0039.png,0.5656764,0.5616818,0.56091946,0.9833333333333333,0.20121424493885592,0.12251489811466577,0.7745048622290294,0.38144802599001204,0.34171718087457836,3,1,1
R0_0040.png,/content/STANDUP_Database/diabetic/R0/RGB/R0_0040.png,R0,R0_P20,T10,1,train,/content/STANDUP_Database/diabetic/R0/thermal/R0_0040.png,0.1818919990434329,0.9985599077938369,0.3002790863331346,0.9985599077938369,14,22.08570979134369,102.38072549648274,0.8158014719742565,6.011431028662148,/content/STANDUP_RGB_P/R0_0040.png,0.49942327,0.495363,0.49458903,0.8966666666666666,0.23427224032700275,0.04333107245121052,0.6980449660619099,0.36481761869102824,0.2689600515969279,0,1,1
R0_0041.png,/content/STANDUP_Database/diabetic/R0/RGB/R0_0041.png,R0,R0_P21,T0,1,test,/content/STANDUP_Database/diabetic/R0/thermal/R0_0041.png,0.1732510670144589,0.996162927939946,0.2741334504891088,0.996162927939946,4,20.29992504042352,73.47849935938953,0.8076690817982859,6.143761575706629,/content/STANDUP_RGB_P/R0_0041.png,0.42312303,0.4191636,0.41841003,0.94,0.5190662074244163,0.1416521901553005,0.6815615159273147,0.4691149109679531,0.28003111157144756,0,2,1
R0_0042.png,/content/STANDUP_Database/diabetic/R0/RGB/R0_0042.png,R0,R0_P21,T10,1,test,/content/STANDUP_Database/diabetic/R0/thermal/R0_0042.png,0.097165470955028,0.9999999999596774,0.2538778634612436,0.9999999999596774,2,17.800877874022234,111.28635490070958,0.8990772818840984,4.128711833039796,/content/STANDUP_RGB_P/R0_0042.png,0.5211446,0.51709014,0.516317,0.18666666666666668,0.13,0.05326087095044262,0.35390564759572346,0.32354507088661194,0.28478894043814246,3,0,0
R0_0043.png,/content/STANDUP_Database/diabetic/R0/RGB/R0_0043.png,R0,R0_P22,T0,1,test,/content/STANDUP_Database/diabetic/R0/thermal/R0_0043.png,0.201674247175976,0.9999999999593496,0.3021537090389957,0.9999999999593496,12,21.132315040691385,85.13316784113177,0.8142345953141134,6.361602013076966,/content/STANDUP_RGB_P/R0_0043.png,0.57448745,0.57051235,0.5697536,0.9833333333333333,0.5449199126787321,0.2190423149413067,0.7789103905359904,0.557716133526332,0.3943979510936239,3,2,2
R0_0044.png,/content/STANDUP_Database/diabetic/R0/RGB/R0_0044.png,R0,R0_P22,T10,1,test,/content/STANDUP_Database/diabetic/R0/thermal/R0_0044.png,0.1511709150094156,0.9959839357029724,0.2547305476536809,0.9959839357029724,6,18.92354066225465,56.55921684817753,0.8314824071713075,5.912833782786794,/content/STANDUP_RGB_P/R0_0044.png,0.53418106,0.5301374,0.5293662,0.96,0.7766666666666666,0.09910757468617833,0.7470905292034149,0.6534020431836446,0.3142368849440261,3,2,2
R0_0045.png,/content/STANDUP_Database/diabetic/R0/RGB/R0_0045.png,R0,R0_P23,T0,1,train,/content/STANDUP_Database/diabetic/R0/thermal/R0_0045.png,0.2477491466400368,0.9999999999586776,0.3430361430897847,0.9999999999586776,16,25.111712503345608,105.4297325432474,0.7692367050035079,6.865795942547807,/content/STANDUP_RGB_P/R0_0045.png,0.5331392,0.5290946,0.5283231,0.9866666666666667,0.22903115815980532,0.11072440880367682,0.7599029477437338,0.37906286749771884,0.31952376136099064,3,1,1
R0_0046.png,/content/STANDUP_Database/diabetic/R0/RGB/R0_0046.png,R0,R0_P23,T10,1,train,/content/STANDUP_Database/diabetic/R0/thermal/R0_0046.png,0.2515001379953215,0.9988432619607176,0.3573286136727901,0.9988432619607176,7,25.848410801657625,123.57226937861222,0.7739075930698849,6.7913507428834485,/content/STANDUP_RGB_P/R0_0046.png,0.56331223,0.5593129,0.55854964,0.99,0.13500016682871022,0.11222479567585128,0.7766561162471771,0.34715652343396264,0.33538721911935876,3,1,1
R0_0047.png,/content/STANDUP_Database/diabetic/R0/RGB/R0_0047.png,R0,R0_P24,T0,1,test,/content/STANDUP_Database/diabetic/R0/thermal/R0_0047.png,0.1948225626444131,0.9976580795844052,0.2857518953629201,0.9976580795844052,12,22.753685560713425,69.55413196669258,0.7963580373354899,6.6426127385426526,/content/STANDUP_RGB_P/R0_0047.png,0.48832068,0.48426327,0.48349014,0.99,0.5948322369039012,0.3320881608091971,0.7391603392362595,0.5395477539986349,0.40778915002759203,0,2,2
R0_0048.png,/content/STANDUP_Database/diabetic/R0/RGB/R0_0048.png,R0,R0_P24,T10,1,test,/content/STANDUP_Database/diabetic/R0/thermal/R0_0048.png,0.1592013008484096,0.9956797234621558,0.2675198798848346,0.9956797234621558,9,23.290967712456663,71.85249839846716,0.8167517987420968,6.133673356982998,/content/STANDUP_RGB_P/R0_0048.png,0.50391513,0.49985477,0.4990808,0.61,0.248252138473779,0.04854389721627409,0.5569575655460357,0.3740534558783919,0.2738123520934352,1,1,1
R0_0049.png,/content/STANDUP_Database/diabetic/R0/RGB/R0_0049.png,R0,R0_P25,T0,1,train,/content/STANDUP_Database/diabetic/R0/thermal/R0_0049.png,0.1480717877176619,0.9962099124957816,0.2467614595773757,0.9962099124957816,9,20.587627212899697,55.356221973098144,0.8153650103207402,6.143087347607566,/content/STANDUP_RGB_P/R0_0049.png,0.5783804,0.5744148,0.57365775,0.98,0.21192190918763787,0.09700803491990502,0.7791902029514313,0.39316834943215206,0.33533289300163954,3,1,1
R0_0050.png,/content/STANDUP_Database/diabetic/R0/RGB/R0_0050.png,R0,R0_P25,T10,1,train,/content/STANDUP_Database/diabetic/R0/thermal/R0_0050.png,0.0743824758544643,0.9999999999596774,0.2054861598894459,0.9999999999596774,3,14.529710287202692,57.569466688024406,0.9073833774713668,4.020614958223125,/content/STANDUP_RGB_P/R0_0050.png,0.5319784,0.5279326,0.52716094,0.9766666666666667,0.10924691358024691,0.060317111207020574,0.7543225475152333,0.3185897489329915,0.2937390268807472,3,1,1
R0_0051.png,/content/STANDUP_Database/diabetic/R0/RGB/R0_0051.png,R0,R0_P26,T0,1,train,/content/STANDUP_Database/diabetic/R0/thermal/R0_0051.png,0.1094585999344927,0.9981674301966597,0.2206793384860719,0.9981674301966597,1,16.109300171762136,51.1898222293436,0.8645072807993179,5.131896448412707,/content/STANDUP_RGB_P/R0_0051.png,0.4844584,0.48040295,0.47963023,0.98,0.12666666666666668,0.05471154120677023,0.7322291934490204,0.30353480656941734,0.267170886532035,0,1,1
R0_0052.png,/content/STANDUP_Database/diabetic/R0/RGB/R0_0052.png,R0,R0_P26,T10,1,train,/content/STANDUP_Database/diabetic/R0/thermal/R0_0052.png,0.0708118302414523,0.999135944660173,0.2060625522969289,0.999135944660173,1,13.280701224571906,74.20455637412331,0.920573030900275,3.807838553500363,/content/STANDUP_RGB_P/R0_0052.png,0.4900559,0.48599783,0.4852244,0.9133333333333333,0.056666666666666664,0.02,0.7016946111122767,0.2713322462638219,0.25261219799518586,0,1,1
R0_0053.png,/content/STANDUP_Database/diabetic/R0/RGB/R0_0053.png,R0,R0_P27,T0,1,train,/content/STANDUP_Database/diabetic/R0/thermal/R0_0053.png,0.1849319877061402,0.9999999999590165,0.2726417702292963,0.9999999999590165,13,24.539940253976752,79.92737027547166,0.785709504507451,6.610350546219577,/content/STANDUP_RGB_P/R0_0053.png,0.47527158,0.4712228,0.47045135,0.99,0.20009953257288773,0.06817791142207741,0.7326357913017273,0.335661160334181,0.2693146332012731,0,1,1
R0_0054.png,/content/STANDUP_Database/diabetic/R0/RGB/R0_0054.png,R0,R0_P27,T10,1,train,/content/STANDUP_Database/diabetic/R0/thermal/R0_0054.png,0.1744008603181393,0.9985422740117212,0.2502287104080672,0.9985422740117212,7,26.19253473692165,80.85662235746929,0.7879404064910017,6.860545276019938,/content/STANDUP_RGB_P/R0_0054.png,0.46057564,0.45654306,0.45577505,0.9066666666666666,0.15476151048424883,0.10927050246089437,0.6836211534341177,0.305652284320608,0.28252277738496534,0,1,1
R0_0055.png,/content/STANDUP_Database/diabetic/R0/RGB/R0_0055.png,R0,R0_P28,T0,1,train,/content/STANDUP_Database/diabetic/R0/thermal/R0_0055.png,0.174888336139087,0.9999999999593496,0.2694495678783776,0.9999999999593496,12,21.315742475214183,75.1846973094218,0.8093501821891981,6.378951879846268,/content/STANDUP_RGB_P/R0_0055.png,0.5472242,0.543197,0.5424287,0.9966666666666667,0.2157038678434058,0.04524636124977161,0.7719454451402028,0.3794504220141254,0.2938375167817309,3,1,1
R0_0056.png,/content/STANDUP_Database/diabetic/R0/RGB/R0_0056.png,R0,R0_P28,T10,1,train,/content/STANDUP_Database/diabetic/R0/thermal/R0_0056.png,0.1770240808796029,0.9999999999595142,0.2335800048240018,0.9999999999595142,10,25.38867622238242,64.92272581679002,0.7560962528116852,7.282732320327764,/content/STANDUP_RGB_P/R0_0056.png,0.5468992,0.54287153,0.5421031,0.84,0.14333333333333334,0.06612526539278131,0.6934495997428893,0.3431024340788523,0.30411418856835415,3,1,1
R0_0057.png,/content/STANDUP_Database/diabetic/R0/RGB/R0_0057.png,R0,R0_P29,T0,1,train,/content/STANDUP_Database/diabetic/R0/thermal/R0_0057.png,0.1120201024999733,0.9999999999596774,0.2183922648185677,0.9999999999596774,8,17.33659855198615,50.15058456118197,0.8587628139364253,5.326547330018892,/content/STANDUP_RGB_P/R0_0057.png,0.44333053,0.439326,0.43856353,0.9966666666666667,0.17857748249576538,0.1699380832869102,0.7199985965092977,0.3089517353942297,0.30425080448181874,0,1,1
R0_0058.png,/content/STANDUP_Database/diabetic/R0/RGB/R0_0058.png,R0,R0_P29,T10,1,train,/content/STANDUP_Database/diabetic/R0/thermal/R0_0058.png,0.0841844002485793,0.9985362997248844,0.223996580983439,0.9985362997248844,2,15.50996115014628,81.99107142857538,0.91636048637731,4.0842378347400405,/content/STANDUP_RGB_P/R0_0058.png,0.5446643,0.54063344,0.5398644,0.9733333333333334,0.16,0.06880314107771458,0.7589988283316295,0.3503167200088501,0.30433378098426134,3,1,1
R0_0059.png,/content/STANDUP_Database/diabetic/R0/RGB/R0_0059.png,R0,R0_P30,T0,1,test,/content/STANDUP_Database/diabetic/R0/thermal/R0_0059.png,0.2085266308502039,0.9999999999593496,0.3024690854448763,0.9999999999593496,6,23.96239377484012,92.42528827675363,0.7937860903959901,6.774109965245396,/content/STANDUP_RGB_P/R0_0059.png,0.58046585,0.5765054,0.5757494,0.9633333333333334,0.6869088628119479,0.3353259909571008,0.7718995932737986,0.6317071427020555,0.4555376941174664,3,2,2
R0_0060.png,/content/STANDUP_Database/diabetic/R0/RGB/R0_0060.png,R0,R0_P30,T10,1,test,/content/STANDUP_Database/diabetic/R0/thermal/R0_0060.png,0.1433007555506438,0.9999999999593496,0.2436766646049169,0.9999999999593496,8,19.062861371545964,62.447189301733935,0.8276800668681681,5.871345281961268,/content/STANDUP_RGB_P/R0_0060.png,0.62206656,0.61824065,0.61750966,0.91,0.6742954590072893,0.2888459659590441,0.7660332787036896,0.6462680567379129,0.45317781453202755,3,2,2
R0_0061.png,/content/STANDUP_Database/diabetic/R0/RGB/R0_0061.png,R0,R0_P31,T0,1,train,/content/STANDUP_Database/diabetic/R0/thermal/R0_0061.png,0.2301471316043391,0.9989501973217866,0.3411671755786661,0.9989501973217866,7,25.599031557821963,98.59801409353614,0.7827585152978705,6.6485213835573695,/content/STANDUP_RGB_P/R0_0061.png,0.45538336,0.45135832,0.4505917,0.9966666666666667,0.1633384282390013,0.10500918907087718,0.7260250135262807,0.3073483732839294,0.27780045113047797,0,1,1
R0_0062.png,/content/STANDUP_Database/diabetic/R0/RGB/R0_0062.png,R0,R0_P31,T10,1,train,/content/STANDUP_Database/diabetic/R0/thermal/R0_0062.png,0.1521844854127161,0.9999999999590165,0.2355605867377435,0.9999999999590165,11,20.806860538684063,46.68393657911914,0.7886278535938334,6.504379650649677,/content/STANDUP_RGB_P/R0_0062.png,0.4909012,0.48684272,0.48606935,0.9833333333333333,0.10356129824300458,0.052416657850486444,0.737117267648379,0.29520200997183643,0.26924300464259704,0,1,1
R0_0063.png,/content/STANDUP_Database/diabetic/R0/RGB/R0_0063.png,R0,R0_P32,T0,1,train,/content/STANDUP_Database/diabetic/R0/thermal/R0_0063.png,0.2803547157337376,0.9999999999586776,0.3359133336671915,0.9999999999586776,20,32.09168497161099,127.89001441384696,0.7437626585656516,7.726550469474279,/content/STANDUP_RGB_P/R0_0063.png,0.6069285,0.6030472,0.60230577,0.85,0.2048712288447388,0.12979761904761905,0.7284642636775971,0.4039592104707245,0.3660516944839841,3,1,1
R0_0064.png,/content/STANDUP_Database/diabetic/R0/RGB/R0_0064.png,R0,R0_P32,T10,1,train,/content/STANDUP_Database/diabetic/R0/thermal/R0_0064.png,0.1901711857988065,0.9977781434752376,0.2867526402216351,0.9977781434752376,13,23.73889367322108,89.88705156951265,0.7920778241807404,6.547495241143526,/content/STANDUP_RGB_P/R0_0064.png,0.6248385,0.6210235,0.6202946,0.9933333333333333,0.23277067417365596,0.08978052747043311,0.8090859023729959,0.4268970751487329,0.3550375491966423,3,1,1
R0_0065.png,/content/STANDUP_Database/diabetic/R0/RGB/R0_0065.png,R0,R0_P33,T0,1,train,/content/STANDUP_Database/diabetic/R0/thermal/R0_0065.png,0.214778761177117,0.998861528041032,0.3168060059900534,0.998861528041032,8,24.508029013174745,90.73422485586651,0.7869760461798363,6.639821973328745,/content/STANDUP_RGB_P/R0_0065.png,0.5820413,0.578085,0.57732964,0.9966666666666667,0.24491599729956554,0.14698331340796486,0.7893539949258168,0.41150050129146065,0.36215647451404104,3,1,1
R0_0066.png,/content/STANDUP_Database/diabetic/R0/RGB/R0_0066.png,R0,R0_P33,T10,1,train,/content/STANDUP_Database/diabetic/R0/thermal/R0_0066.png,0.2251110742323055,0.9999999999591836,0.3334329316409116,0.9999999999591836,6,25.91869068486459,104.90783151826356,0.7878246161584519,6.725224573393169,/content/STANDUP_RGB_P/R0_0066.png,0.56719065,0.5631992,0.5624374,0.9966666666666667,0.2199085655375771,0.1745914783485599,0.7819286568959554,0.3915538938127186,0.3685144467357729,3,1,1
R0_0067.png,/content/STANDUP_Database/diabetic/R0/RGB/R0_0067.png,R0,R0_P34,T0,1,train,/content/STANDUP_Database/diabetic/R0/thermal/R0_0067.png,0.2360460450255442,0.9999999999591836,0.3483958278330386,0.9999999999591836,10,32.073653090215615,149.11142696990453,0.7900089968904428,6.695867033142042,/content/STANDUP_RGB_P/R0_0067.png,0.40042743,0.3965344,0.3957938,0.7666666666666667,0.035375346034847745,0.02666666666666667,0.5835470487674077,0.21595487956706835,0.2112302311261495,0,1,1
R0_0068.png,/content/STANDUP_Database/diabetic/R0/RGB/R0_0068.png,R0,R0_P34,T10,1,train,/content/STANDUP_Database/diabetic/R0/thermal/R0_0068.png,0.2474636308665591,0.99999999996,0.3781064630127713,0.99999999996,8,24.43858554300087,154.33468129404997,0.8316519225501648,6.152872696374814,/content/STANDUP_RGB_P/R0_0068.png,0.5515701,0.54754955,0.54678243,0.9266666666666666,0.12248681721427916,0.06333333333333334,0.7391183920701345,0.3350181814896011,0.3050578836599986,3,1,1
R0_0069.png,/content/STANDUP_Database/diabetic/R0/RGB/R0_0069.png,R0,R0_P35,T0,1,train,/content/STANDUP_Database/diabetic/R0/thermal/R0_0069.png,0.3168118107632378,0.9999999999595142,0.3833780097673867,0.9999999999595142,15,25.246529901646998,160.3891335682316,0.805883825437276,6.901861716343803,/content/STANDUP_RGB_P/R0_0069.png,0.54055184,0.53651553,0.53574556,0.96,0.09951174694701378,0.01,0.7502759206295013,0.3180136404355583,0.27287278056144715,3,1,1
R0_0070.png,/content/STANDUP_Database/diabetic/R0/RGB/R0_0070.png,R0,R0_P35,T10,1,train,/content/STANDUP_Database/diabetic/R0/thermal/R0_0070.png,0.1586571133818437,0.9999999999598392,0.321870551792848,0.9999999999598392,3,19.89912102066075,134.512131646389,0.8765492265809284,4.885592414656715,/content/STANDUP_RGB_P/R0_0070.png,0.58078665,0.5768271,0.5760712,0.68,0.12123426473393095,0.05267213400366214,0.6303933227062226,0.3490306867969734,0.31437166837931824,3,1,1
R0_0071.png,/content/STANDUP_Database/diabetic/R0/RGB/R0_0071.png,R0,R0_P36,T0,1,train,/content/STANDUP_Database/diabetic/R0/thermal/R0_0071.png,0.2161043897927231,0.9959514169637266,0.3037262468711629,0.9959514169637266,8,25.81440462126109,90.3584641255675,0.7824744610142584,6.9241223163760885,/content/STANDUP_RGB_P/R0_0071.png,0.41338134,0.4094484,0.4087,1.0,0.13551300710542954,0.061190846369855445,0.7066906690597534,0.2724806961720385,0.23494541784435155,0,1,1
R0_0072.png,/content/STANDUP_Database/diabetic/R0/RGB/R0_0072.png,R0,R0_P36,T10,1,train,/content/STANDUP_Database/diabetic/R0/thermal/R0_0072.png,0.2050507128025761,0.9999999999585062,0.3102836689356992,0.9999999999585062,18,25.957297206143284,95.1712844330621,0.7884037011488384,6.590694225865729,/content/STANDUP_RGB_P/R0_0072.png,0.6431354,0.6393991,0.6386849,0.9833333333333333,0.2893451232799049,0.21069750282139477,0.8132343808809916,0.4643721172754047,0.4246912156193003,3,1,1
R0_0073.png,/content/STANDUP_Database/diabetic/R0/RGB/R0_0073.png,R0,R0_P37,T0,1,train,/content/STANDUP_Database/diabetic/R0/thermal/R0_0073.png,0.2798531312521968,0.9999999999590165,0.3994311654573378,0.9999999999590165,15,31.21637292722592,185.53086963486368,0.796150643768699,6.509767338423191,/content/STANDUP_RGB_P/R0_0073.png,0.53336936,0.5293249,0.5285535,0.87,0.08,0.0033333333333333335,0.7016846811771393,0.3046624445915222,0.2659434096018473,3,1,1
R0_0074.png,/content/STANDUP_Database/diabetic/R0/RGB/R0_0074.png,R0,R0_P37,T10,1,train,/content/STANDUP_Database/diabetic/R0/thermal/R0_0074.png,0.2901901732272502,0.9999999999591836,0.394076597788038,0.9999999999591836,13,31.10117750066309,149.64934336964583,0.7762399563637281,6.958837427214615,/content/STANDUP_RGB_P/R0_0074.png,0.5256956,0.5216443,0.52087164,0.9,0.0861591263650546,0.016666666666666666,0.7128478109836578,0.3039017103134935,0.26876915295918785,3,1,1
R0_0075.png,/content/STANDUP_Database/diabetic/R0/RGB/R0_0075.png,R0,R0_P38,T0,1,test,/content/STANDUP_Database/diabetic/R0/thermal/R0_0075.png,0.2155351572861747,0.9970549194882564,0.3188680773706081,0.9970549194882564,6,24.975787488979712,111.95139333761198,0.7905080440337464,6.628895584504254,/content/STANDUP_RGB_P/R0_0075.png,0.5923923,0.58846474,0.58771473,0.98,0.558032802703286,0.4628427344641136,0.7861961627006531,0.5732487698208812,0.5252787330786908,3,2,3
R0_0076.png,/content/STANDUP_Database/diabetic/R0/RGB/R0_0076.png,R0,R0_P38,T10,1,test,/content/STANDUP_Database/diabetic/R0/thermal/R0_0076.png,0.2435956203931712,0.9999999999593496,0.3238930137695923,0.9999999999593496,8,25.39018610992443,98.90074471493294,0.7566385039111703,7.224056907494142,/content/STANDUP_RGB_P/R0_0076.png,0.5956117,0.59169364,0.5909455,0.9733333333333334,0.30187464479578857,0.3629340749595385,0.784472512404124,0.44678414227551877,0.4769397786067834,3,1,1
R0_0077.png,/content/STANDUP_Database/diabetic/R0/RGB/R0_0077.png,R0,R0_P39,T0,1,train,/content/STANDUP_Database/diabetic/R0/thermal/R0_0077.png,0.2213450704123164,0.9939516128631471,0.3019417734524349,0.9939516128631471,16,25.48611029197982,94.76681614350376,0.7605217929935372,7.009420620516966,/content/STANDUP_RGB_P/R0_0077.png,0.48481324,0.48075762,0.4799848,0.9533333333333334,0.07279038718291055,0.002648539778449144,0.7190732882420222,0.27677400554690723,0.24131666493259768,0,1,1
R0_0078.png,/content/STANDUP_Database/diabetic/R0/RGB/R0_0078.png,R0,R0_P39,T10,1,train,/content/STANDUP_Database/diabetic/R0/thermal/R0_0078.png,0.2395700731519895,0.9966543994238576,0.29465765271154,0.9966543994238576,7,26.79031077180243,89.57603299167904,0.7422160330998101,7.802721077678469,/content/STANDUP_RGB_P/R0_0078.png,0.5190839,0.51502824,0.51425487,0.99,0.09486541185269584,0.08238405125258372,0.7545419585704803,0.3049468250746023,0.2983194596415659,3,1,1
R0_0079.png,/content/STANDUP_Database/diabetic/R0/RGB/R0_0079.png,R0,R0_P40,T0,1,train,/content/STANDUP_Database/diabetic/R0/thermal/R0_0079.png,0.2255677457215497,0.9999999999595142,0.2843860023011518,0.9999999999595142,15,24.14621981739621,69.73650704677014,0.7372939088991718,7.525063577151293,/content/STANDUP_RGB_P/R0_0079.png,0.5410708,0.5370352,0.5362654,0.92,0.14,0.11548138767546781,0.730535409450531,0.3385176134109497,0.3258733804527241,3,1,1
R0_0080.png,/content/STANDUP_Database/diabetic/R0/RGB/R0_0080.png,R0,R0_P40,T10,1,train,/content/STANDUP_Database/diabetic/R0/thermal/R0_0080.png,0.1407633958064267,0.9973760932537514,0.2362547639842804,0.9973760932537514,9,17.97423809539396,43.58271941063746,0.8089134664627399,6.103329655520457,/content/STANDUP_RGB_P/R0_0080.png,0.5493926,0.5453686,0.54460084,0.9866666666666667,0.2752552425209712,0.030741056781854712,0.7680296238263449,0.4103119271667814,0.2876709505825472,3,1,1
R0_0081.png,/content/STANDUP_Database/diabetic/R0/RGB/R0_0081.png,R0,R0_P41,T0,1,train,/content/STANDUP_Database/diabetic/R0/thermal/R0_0081.png,0.0645978951956325,0.9998765634883195,0.1907332374099969,0.9998765634883195,1,11.523867786272769,49.47922005125186,0.9272735349742808,3.7245971384475394,/content/STANDUP_RGB_P/R0_0081.png,0.5922563,0.58832824,0.58757824,0.81,0.01,0.0,0.7011281538009644,0.29916412115097046,0.2937891185283661,3,1,1
R0_0082.png,/content/STANDUP_Database/diabetic/R0/RGB/R0_0082.png,R0,R0_P41,T10,1,train,/content/STANDUP_Database/diabetic/R0/thermal/R0_0082.png,0.059659974668189,0.9999999999596774,0.1986619335865439,0.9999999999596774,1,10.451174952476435,75.1373318385683,0.9426111796758616,3.352776386849574,/content/STANDUP_RGB_P/R0_0082.png,0.48757035,0.48351333,0.4827402,0.82,0.023333333333333334,0.0,0.6537851727008819,0.25342332939306894,0.2413700968027115,0,1,1
R0_0083.png,/content/STANDUP_Database/diabetic/R0/RGB/R0_0083.png,R0,R0_P42,T0,1,train,/content/STANDUP_Database/diabetic/R0/thermal/R0_0083.png,0.1135757261423672,0.9991253643907062,0.2356042639991538,0.9991253643907062,4,17.710969054318213,58.95339525945315,0.8624218562710656,5.070716115083302,/content/STANDUP_RGB_P/R0_0083.png,0.41345364,0.40952045,0.408772,0.9933333333333333,0.20980703835508108,0.15395176633183094,0.7033934859434763,0.309663742804631,0.28136187903078363,0,1,1
R0_0084.png,/content/STANDUP_Database/diabetic/R0/RGB/R0_0084.png,R0,R0_P42,T10,1,train,/content/STANDUP_Database/diabetic/R0/thermal/R0_0084.png,0.0893235758657877,0.9959349593091082,0.2235254887169554,0.9959349593091082,2,15.13966072157149,63.58484144779421,0.8983786113760913,4.3331780996784905,/content/STANDUP_RGB_P/R0_0084.png,0.53760374,0.53356385,0.5327933,0.9333333333333333,0.08333333333333333,0.025469807744381262,0.7354685346285502,0.308448592821757,0.2791315456034528,3,1,1
R0_0085.png,/content/STANDUP_Database/diabetic/R0/RGB/R0_0085.png,R0,R0_P43,T0,1,train,/content/STANDUP_Database/diabetic/R0/thermal/R0_0085.png,0.1435997628262774,0.9994262764945728,0.2361658991958378,0.9994262764945728,9,18.50970340727877,46.4959561178765,0.8092303116794352,6.1332775741670815,/content/STANDUP_RGB_P/R0_0085.png,0.4737361,0.46968868,0.4689176,1.0,0.19581960184435804,0.030250546573170507,0.7368680536746979,0.33275414279630167,0.24958407741713945,0,1,1
R0_0086.png,/content/STANDUP_Database/diabetic/R0/RGB/R0_0086.png,R0,R0_P43,T10,1,train,/content/STANDUP_Database/diabetic/R0/thermal/R0_0086.png,0.2465169475209375,0.9964034793837204,0.32173884876288,0.9964034793837204,12,23.156476769419427,82.51929852659035,0.7703710519899705,7.13160103029097,/content/STANDUP_RGB_P/R0_0086.png,0.44744712,0.44343504,0.44267106,0.9966666666666667,0.18680482932373269,0.1376521270632532,0.7220568939050038,0.3151199362101375,0.29016159381269346,0,1,1
R0_0087.png,/content/STANDUP_Database/diabetic/R0/RGB/R0_0087.png,R0,R0_P44,T0,1,test,/content/STANDUP_Database/diabetic/R0/thermal/R0_0087.png,0.2652260055245982,0.9999999999588476,0.3080434204129202,0.9999999999588476,14,27.938414566579254,78.18513773222797,0.7061801262069362,8.14548141391194,/content/STANDUP_RGB_P/R0_0087.png,0.48253518,0.478481,0.47770843,0.6966666666666667,0.4882045621780721,0.39992344928515144,0.5896009250481924,0.48334277843972884,0.43881593919164036,0,1,1
R0_0088.png,/content/STANDUP_Database/diabetic/R0/RGB/R0_0088.png,R0,R0_P44,T10,1,test,/content/STANDUP_Database/diabetic/R0/thermal/R0_0088.png,0.2307151126367864,0.9999999999590165,0.3013931255280414,0.9999999999590165,6,26.934611650580745,84.28863709161315,0.7566839354924397,7.411753181826207,/content/STANDUP_RGB_P/R0_0088.png,0.56386405,0.5598658,0.5591027,0.95,0.3739788066573776,0.3707759567638895,0.7569320261478424,0.4669222896907646,0.4649393354128133,3,1,1
R0_0089.png,/content/STANDUP_Database/diabetic/R0/RGB/R0_0089.png,R0,R0_P45,T0,1,train,/content/STANDUP_Database/diabetic/R0/thermal/R0_0089.png,0.0927351948485295,0.9979757084616204,0.2150371091759587,0.9979757084616204,6,16.796954747550842,54.01097053171439,0.8807021152829785,4.641652889971228,/content/STANDUP_RGB_P/R0_0089.png,0.49554855,0.4914888,0.49071506,0.9766666666666667,0.13647370502174772,0.061494628932462034,0.736107606490453,0.3139812596878453,0.2761048427951266,0,1,1
R0_0090.png,/content/STANDUP_Database/diabetic/R0/RGB/R0_0090.png,R0,R0_P45,T10,1,train,/content/STANDUP_Database/diabetic/R0/thermal/R0_0090.png,0.0873294458281574,0.9999999999591836,0.2076058219311025,0.9999999999591836,4,18.851582566469016,60.809056694431206,0.8838085335391855,4.613180497317376,/content/STANDUP_RGB_P/R0_0090.png,0.3939854,0.39011425,0.3893779,0.96,0.05980703835508107,0.07923352356199026,0.6769926953315735,0.22496064307700037,0.23430570778967738,0,1,1
R0_0091.png,/content/STANDUP_Database/diabetic/R0/RGB/R0_0091.png,R0,R0_P46,T0,1,train,/content/STANDUP_Database/diabetic/R0/thermal/R0_0091.png,0.2336993835915061,0.9945276497294832,0.3319037761793271,0.9945276497294832,13,26.71424991337919,95.12624119155032,0.7662004243891458,6.889174698280076,/content/STANDUP_RGB_P/R0_0091.png,0.5545119,0.5504962,0.54973,0.9533333333333334,0.07454492753623189,0.0033333333333333335,0.7539226190249125,0.312520574062458,0.27653166810671487,3,1,1
R0_0092.png,/content/STANDUP_Database/diabetic/R0/RGB/R0_0092.png,R0,R0_P46,T10,1,train,/content/STANDUP_Database/diabetic/R0/thermal/R0_0092.png,0.2195095912837858,0.9967666078366998,0.3067443668338985,0.9967666078366998,9,29.99951550697065,104.50268257528116,0.7511554346618927,7.209843415323943,/content/STANDUP_RGB_P/R0_0092.png,0.59567845,0.59176064,0.5910125,0.97,0.07681831734083366,0.09666666666666666,0.7828392243385315,0.3342894763584051,0.34383957227071127,3,1,1
R0_0093.png,/content/STANDUP_Database/diabetic/R0/RGB/R0_0093.png,R0,R0_P47,T0,1,train,/content/STANDUP_Database/diabetic/R0/thermal/R0_0093.png,0.2223855045292125,0.995967741895324,0.3524309117447657,0.995967741895324,17,26.696040837045413,162.96180333120978,0.8314786539329186,5.971780543305618,/content/STANDUP_RGB_P/R0_0093.png,0.30442762,0.30099937,0.3003484,0.9266666666666666,0.18666666666666668,0.09333333333333334,0.615547145207723,0.2438330199321111,0.19684086720148722,0,1,1
R0_0094.png,/content/STANDUP_Database/diabetic/R0/RGB/R0_0094.png,R0,R0_P47,T10,1,train,/content/STANDUP_Database/diabetic/R0/thermal/R0_0094.png,0.1900957337028592,0.9991737585318022,0.2921717836782166,0.9991737585318022,14,23.786407025558585,88.09925528508066,0.7972567132436341,6.51639502952047,/content/STANDUP_RGB_P/R0_0094.png,0.31860808,0.3150925,0.31442472,1.0,0.2527858793895957,0.05458271027440541,0.6593040376901627,0.2839391917070506,0.18450371683058497,0,1,1
R0_0095.png,/content/STANDUP_Database/diabetic/R0/RGB/R0_0095.png,R0,R0_P48,T0,1,train,/content/STANDUP_Database/diabetic/R0/thermal/R0_0095.png,0.2240264298496723,0.9999999999595142,0.3220899865240031,0.9999999999595142,18,25.795700635391043,99.34385009609964,0.777154613379825,6.824859708822364,/content/STANDUP_RGB_P/R0_0095.png,0.41131112,0.4073842,0.40663695,0.9966666666666667,0.20010224846956381,0.06654688030957236,0.7039888932307561,0.30374321772633617,0.2365919168317271,0,1,1
R0_0096.png,/content/STANDUP_Database/diabetic/R0/RGB/R0_0096.png,R0,R0_P48,T10,1,train,/content/STANDUP_Database/diabetic/R0/thermal/R0_0096.png,0.2448065540751255,0.9985540774610184,0.3254549767053142,0.9985540774610184,12,26.38322857348712,89.57295003203606,0.747663664125825,7.36161025819451,/content/STANDUP_RGB_P/R0_0096.png,0.5192211,0.5151655,0.5143922,0.99,0.20209326608193776,0.14321014538914367,0.7546105635166168,0.35862938693768215,0.32880117126062713,3,1,1
R0_0097.png,/content/STANDUP_Database/diabetic/R0/RGB/R0_0097.png,R0,R0_P49,T0,1,train,/content/STANDUP_Database/diabetic/R0/thermal/R0_0097.png,0.1648867878149154,0.9993777998598228,0.2606665317863862,0.9993777998598228,9,18.18717530956721,63.890695067268645,0.8297047876701775,6.037750050013045,/content/STANDUP_RGB_P/R0_0097.png,0.44438756,0.44038108,0.43961823,0.9733333333333334,0.363812438123266,0.04566201981718538,0.7088604442278544,0.40209675901772585,0.2426401248416066,0,1,1
R0_0098.png,/content/STANDUP_Database/diabetic/R0/RGB/R0_0098.png,R0,R0_P49,T10,1,train,/content/STANDUP_Database/diabetic/R0/thermal/R0_0098.png,0.0851815521723012,0.999128919820012,0.2283632468924323,0.999128919820012,3,13.101252336625514,88.41299647662198,0.9214625183156236,3.930073081050736,/content/STANDUP_RGB_P/R0_0098.png,0.4859748,0.48191857,0.4811456,0.86,0.05333333333333334,0.015224165190421178,0.6729873943328857,0.267625953356425,0.24818487786708407,0,1,1
R0_0099.png,/content/STANDUP_Database/diabetic/R0/RGB/R0_0099.png,R0,R0_P50,T0,1,train,/content/STANDUP_Database/diabetic/R0/thermal/R0_0099.png,0.15218411529273,0.9999999999593496,0.2491936206936005,0.9999999999593496,16,21.127568597278497,53.44358584241317,0.8059072464797604,6.291974199534985,/content/STANDUP_RGB_P/R0_0099.png,0.5809581,0.576999,0.57624316,0.9866666666666667,0.08173413774917741,0.06062893664237248,0.7838123973210653,0.32936657320236273,0.3184360493987619,3,1,1
R0_0100.png,/content/STANDUP_Database/diabetic/R0/RGB/R0_0100.png,R0,R0_P50,T10,1,train,/content/STANDUP_Database/diabetic/R0/thermal/R0_0100.png,0.1065039731488458,0.9982090795094442,0.2602106835207286,0.9982090795094442,5,19.13298843693991,104.8960602178164,0.8909854441015043,4.420810377750348,/content/STANDUP_RGB_P/R0_0100.png,0.52599233,0.52194124,0.52116865,0.7833333333333333,0.13333333333333333,0.08467706286257547,0.6546628336111704,0.32763728896776834,0.3029228560296001,3,1,1
R0_0101.png,/content/STANDUP_Database/diabetic/R0/RGB/R0_0101.png,R0,R0_P51,T0,1,train,/content/STANDUP_Database/diabetic/R0/thermal/R0_0101.png,0.2072257283639159,0.9994239630933412,0.3280538245361936,0.9994239630933412,4,24.096303769435103,101.10826393338354,0.8002507961615956,6.367459776504006,/content/STANDUP_RGB_P/R0_0101.png,0.45326847,0.44924662,0.44848073,0.97,0.2137336566128107,0.13386514227752574,0.7116342341899872,0.3314901358921216,0.29117293378295844,0,1,1
R0_0102.png,/content/STANDUP_Database/diabetic/R0/RGB/R0_0102.png,R0,R0_P51,T10,1,train,/content/STANDUP_Database/diabetic/R0/thermal/R0_0102.png,0.1793669675217662,0.9970668428911376,0.2958696822257451,0.9970668428911376,9,22.330830566770647,84.96044202434848,0.8147831136190516,6.104025256010531,/content/STANDUP_RGB_P/R0_0102.png,0.50266165,0.4986012,0.49782723,0.9766666666666667,0.23372969490453344,0.06349322155820133,0.7396641560395558,0.3661654465504723,0.280660226721102,1,1,1
R0_0103.png,/content/STANDUP_Database/diabetic/R0/RGB/R0_0103.png,R0,R0_P52,T0,1,test,/content/STANDUP_Database/diabetic/R0/thermal/R0_0103.png,0.1937998123744541,0.999128919820012,0.2841123440224909,0.999128919820012,12,22.993166543978514,72.05321108264448,0.7757372109424925,6.736371106860437,/content/STANDUP_RGB_P/R0_0103.png,0.48600852,0.48195228,0.4811794,0.9966666666666667,0.46124282791467847,0.3224545888686548,0.7413375957806905,0.4715975538604078,0.40181698762299467,0,1,1
R0_0104.png,/content/STANDUP_Database/diabetic/R0/RGB/R0_0104.png,R0,R0_P52,T10,1,test,/content/STANDUP_Database/diabetic/R0/thermal/R0_0104.png,0.1989967158891021,0.9999999999593496,0.310485434880634,0.9999999999593496,11,24.1949108133152,90.10409993594494,0.7868213977879773,6.46717596266829,/content/STANDUP_RGB_P/R0_0104.png,0.4721185,0.4680726,0.46730182,0.9666666666666667,0.5819576772398437,0.20902385984998073,0.7193925817807516,0.5250151352259858,0.3381628377990977,0,2,2
R0_0105.png,/content/STANDUP_Database/diabetic/R0/RGB/R0_0105.png,R0,R0_P53,T0,1,test,/content/STANDUP_Database/diabetic/R0/thermal/R0_0105.png,0.1996912903966634,0.9999999999590165,0.2925307666429719,0.9999999999590165,19,23.451511849200585,84.77934817425398,0.8008746485453988,6.455305451002337,/content/STANDUP_RGB_P/R0_0105.png,0.33049858,0.32691473,0.32623383,0.99,0.6800031500853873,0.3353003411590398,0.6602492880821228,0.5034589388866115,0.33076708759364193,0,2,2
R0_0106.png,/content/STANDUP_Database/diabetic/R0/RGB/R0_0106.png,R0,R0_P53,T10,1,test,/content/STANDUP_Database/diabetic/R0/thermal/R0_0106.png,0.1853685915364621,0.9999999999595142,0.3067305633632911,0.9999999999595142,8,23.07427900038453,97.92672966048188,0.8246516021050964,6.039048519428157,/content/STANDUP_RGB_P/R0_0106.png,0.46966022,0.46561685,0.46484655,0.7533333333333333,0.5858137689385606,0.35581679721935217,0.6114967779318492,0.52571531049181,0.41033167431882833,0,2,2
R0_0107.png,/content/STANDUP_Database/diabetic/R0/RGB/R0_0107.png,R0,R0_P54,T0,1,train,/content/STANDUP_Database/diabetic/R0/thermal/R0_0107.png,0.2621654001879305,0.997417742566536,0.3355843494774175,0.997417742566536,11,26.89769485180933,115.13993433697252,0.7707446060345488,7.295029348295872,/content/STANDUP_RGB_P/R0_0107.png,0.53175926,0.5277132,0.5269415,0.9933333333333333,0.30328998878300806,0.28134539592944047,0.7625462977091471,0.41550158418566296,0.4041434370909257,3,1,1
R0_0108.png,/content/STANDUP_Database/diabetic/R0/RGB/R0_0108.png,R0,R0_P54,T10,1,train,/content/STANDUP_Database/diabetic/R0/thermal/R0_0108.png,0.1921660428266684,0.9999999999591836,0.2742329229912512,0.9999999999591836,11,25.025829239591754,90.82054772582332,0.7774043279614944,6.805450455859553,/content/STANDUP_RGB_P/R0_0108.png,0.5662591,0.56226575,0.5615036,0.93,0.2003333968685301,0.09297204259344681,0.7481295430660249,0.3812995753072814,0.3272378158733683,3,1,1
R0_0109.png,/content/STANDUP_Database/diabetic/R0/RGB/R0_0109.png,R0,R0_P55,T0,1,train,/content/STANDUP_Database/diabetic/R0/thermal/R0_0109.png,0.091225777388137,0.999375260267414,0.2264863116676338,0.999375260267414,4,17.762836790657033,73.49607623318914,0.8897336069969708,4.381687986349475,/content/STANDUP_RGB_P/R0_0109.png,0.5856531,0.5817064,0.5809529,0.9633333333333334,0.06647370502174774,0.07092294088112257,0.774493229786555,0.32409005485386094,0.3259379118239231,3,1,1
R0_0110.png,/content/STANDUP_Database/diabetic/R0/RGB/R0_0110.png,R0,R0_P55,T10,1,train,/content/STANDUP_Database/diabetic/R0/thermal/R0_0110.png,0.0897051454668425,0.9999999999593496,0.2405324076922353,0.9999999999593496,2,14.52413816520674,77.3366431774548,0.9074925885311508,4.037627701928967,/content/STANDUP_RGB_P/R0_0110.png,0.51637113,0.5123141,0.5115405,0.8966666666666666,0.07666666666666666,0.03412119343360005,0.7065188988049824,0.29449037392934163,0.27283083297053845,3,1,1
R0_0111.png,/content/STANDUP_Database/diabetic/R0/RGB/R0_0111.png,R0,R0_P56,T0,1,train,/content/STANDUP_Database/diabetic/R0/thermal/R0_0111.png,0.1727718439319118,0.9999999999593496,0.2865958112640155,0.9999999999593496,12,21.11715087000353,73.33636290839716,0.8184916565498948,5.921015527528629,/content/STANDUP_RGB_P/R0_0111.png,0.4410617,0.4370616,0.43630004,0.96,0.23002499656250885,0.02518256739718482,0.7005308526754379,0.33354330220009293,0.23074130334428333,0,1,1
R0_0112.png,/content/STANDUP_Database/diabetic/R0/RGB/R0_0112.png,R0,R0_P56,T10,1,train,/content/STANDUP_Database/diabetic/R0/thermal/R0_0112.png,0.1158406770159281,0.9999999999593496,0.2211808925751304,0.9999999999593496,9,20.04307058272257,54.64946348494938,0.8297003383541006,5.601008798566808,/content/STANDUP_RGB_P/R0_0112.png,0.5284319,0.5243828,0.5236106,0.9533333333333334,0.29989663597725424,0.17907615701866664,0.7408826128641764,0.41213973282169597,0.3513433744535472,3,1,1
R0_0113.png,/content/STANDUP_Database/diabetic/R0/RGB/R0_0113.png,R0,R0_P57,T0,1,train,/content/STANDUP_Database/diabetic/R0/thermal/R0_0113.png,0.1668178086259566,0.9965555842169712,0.2271161494743078,0.9965555842169712,15,25.19096576492058,46.7853739590048,0.7401411433359336,7.465919748886714,/content/STANDUP_RGB_P/R0_0113.png,0.4668596,0.46281925,0.46204963,0.8333333333333334,0.15877139979859015,0.06333333333333334,0.6500964711109798,0.3107953241182358,0.2626914832989375,0,1,1
R0_0114.png,/content/STANDUP_Database/diabetic/R0/RGB/R0_0114.png,R0,R0_P57,T10,1,train,/content/STANDUP_Database/diabetic/R0/thermal/R0_0114.png,0.0508937856792021,0.9959349593091082,0.160560704366074,0.9959349593091082,1,15.548623336588252,43.86771300448821,0.9134652329898016,3.7729703125979994,/content/STANDUP_RGB_P/R0_0114.png,0.5071776,0.5031176,0.5023436,0.9066666666666666,0.14333333333333334,0.016666666666666666,0.7069221289952596,0.32322547713915506,0.25950513084729515,3,1,1
R0_0115.png,/content/STANDUP_Database/diabetic/R0/RGB/R0_0115.png,R0,R0_P58,T0,1,train,/content/STANDUP_Database/diabetic/R0/thermal/R0_0115.png,0.1334587097790463,0.9974071595442682,0.2688428687087811,0.9974071595442682,7,20.71603873467492,82.17196508648925,0.8423835938573252,5.275608391329611,/content/STANDUP_RGB_P/R0_0115.png,0.44922763,0.44521248,0.44444788,0.9766666666666667,0.29773057103564077,0.2983068704344043,0.712947148879369,0.37147152722085386,0.37137737272864624,0,1,1
R0_0116.png,/content/STANDUP_Database/diabetic/R0/RGB/R0_0116.png,R0,R0_P58,T10,1,train,/content/STANDUP_Database/diabetic/R0/thermal/R0_0116.png,0.1367108012259856,0.995316159209794,0.2173172281155614,0.995316159209794,8,21.9440218626694,47.29095932095206,0.7717372781515512,6.630227616927034,/content/STANDUP_RGB_P/R0_0116.png,0.5019942,0.49793375,0.49715972,0.8633333333333333,0.14333333333333334,0.06666666666666667,0.6826637629667918,0.3206335393587748,0.28191319306691487,1,1,1
R0_0117.png,/content/STANDUP_Database/diabetic/R0/RGB/R0_0117.png,R0,R0_P59,T0,1,train,/content/STANDUP_Database/diabetic/R0/thermal/R0_0117.png,0.0975887686364416,0.999135944660173,0.2049284322329836,0.999135944660173,11,17.490289482706235,50.56021780910087,0.8502998836401893,5.061843495664792,/content/STANDUP_RGB_P/R0_0117.png,0.53476125,0.5307182,0.5299471,0.96,0.09333333333333334,0.06578075563000185,0.7473806250095367,0.31202577034632367,0.2978639288499283,3,1,1
R0_0118.png,/content/STANDUP_Database/diabetic/R0/RGB/R0_0118.png,R0,R0_P59,T10,1,train,/content/STANDUP_Database/diabetic/R0/thermal/R0_0118.png,0.094384275649605,0.9999999999595142,0.2222798012559826,0.9999999999595142,10,16.247614685528102,73.4374599615673,0.8830470204755162,4.470217623080175,/content/STANDUP_RGB_P/R0_0118.png,0.57224596,0.5682657,0.56750596,0.9366666666666666,0.09666666666666666,0.10353742503947057,0.7544563110669453,0.3324661715825399,0.3355216903677883,3,1,1
R0_0119.png,/content/STANDUP_Database/diabetic/R0/RGB/R0_0119.png,R0,R0_P60,T0,1,train,/content/STANDUP_Database/diabetic/R0/thermal/R0_0119.png,0.1571707198760538,0.9962857142458628,0.2576114858869744,0.9962857142458628,5,23.08674745258158,83.63929372198129,0.8028387949579099,6.334843391891704,/content/STANDUP_RGB_P/R0_0119.png,0.6078515,0.60397327,0.6032325,0.87,0.1343367746441913,0.09636637032889672,0.7389257526397706,0.36915502205338835,0.3497994366331068,3,1,1
R0_0120.png,/content/STANDUP_Database/diabetic/R0/RGB/R0_0120.png,R0,R0_P60,T10,1,train,/content/STANDUP_Database/diabetic/R0/thermal/R0_0120.png,0.0669097351039205,0.9999999999595142,0.1907047760014525,0.9999999999595142,4,14.621873605493091,47.78050928892147,0.9031968960749184,4.032118384416015,/content/STANDUP_RGB_P/R0_0120.png,0.65988404,0.6562294,0.65553063,0.9533333333333334,0.07666666666666666,0.027668571428571428,0.8066086844603221,0.3664480217297872,0.3415996014853886,3,1,1
R0_0121.png,/content/STANDUP_Database/diabetic/R0/RGB/R0_0121.png,R0,R0_P61,T0,1,test,/content/STANDUP_Database/diabetic/R0/thermal/R0_0121.png,0.257001725064979,0.9999999999595142,0.3501186111276281,0.9999999999595142,15,26.55918545543273,103.89217648943772,0.7712659258114413,7.052704129685042,/content/STANDUP_RGB_P/R0_0121.png,0.514146,0.51008797,0.50931424,0.98,0.5395376458065846,0.413589567221978,0.7470729851722717,0.524812806362765,0.461451903123547,3,2,2
R0_0122.png,/content/STANDUP_Database/diabetic/R0/RGB/R0_0122.png,R0,R0_P61,T10,1,test,/content/STANDUP_Database/diabetic/R0/thermal/R0_0122.png,0.2462121885630578,0.9999999999591836,0.3403653279094765,0.9999999999591836,6,27.65683357648415,106.72653747598406,0.7720576055665753,7.017446876884444,/content/STANDUP_RGB_P/R0_0122.png,0.52973753,0.5256896,0.5249176,0.9666666666666667,0.5492207804510456,0.5471396182793168,0.7482020994027456,0.5374551911746195,0.5360286104091896,3,3,3
R0_0123.png,/content/STANDUP_Database/diabetic/R0/RGB/R0_0123.png,R0,R0_P62,T0,1,train,/content/STANDUP_Database/diabetic/R0/thermal/R0_0123.png,0.2324300545422224,0.993975903574539,0.3399463398046198,0.993975903574539,9,27.3990493703166,110.18273542601672,0.7781930528279057,6.807483995023363,/content/STANDUP_RGB_P/R0_0123.png,0.5612369,0.55723345,0.55646944,0.96,0.07787826086956522,0.0033333333333333335,0.7606184589862823,0.3175558568332506,0.2799013868967692,3,1,1
R0_0124.png,/content/STANDUP_Database/diabetic/R0/RGB/R0_0124.png,R0,R0_P62,T10,1,train,/content/STANDUP_Database/diabetic/R0/thermal/R0_0124.png,0.1932788996503602,0.9999999999590165,0.2950059072737084,0.9999999999590165,7,22.779348462355767,71.1598734785436,0.7846173818159019,6.60780938761001,/content/STANDUP_RGB_P/R0_0124.png,0.64269215,0.6389538,0.6382392,0.9933333333333333,0.28310133090381084,0.1551550450042888,0.8180127410093943,0.4610275679367992,0.3966971249439321,3,1,1
R0_0125.png,/content/STANDUP_Database/diabetic/R0/RGB/R0_0125.png,R0,R0_P63,T0,1,train,/content/STANDUP_Database/diabetic/R0/thermal/R0_0125.png,0.2214129690268423,0.9992346938359162,0.3542757828929074,0.9992346938359162,7,26.22895810679406,119.13180653428272,0.7986896182200717,6.308666612257029,/content/STANDUP_RGB_P/R0_0125.png,0.5330491,0.52900434,0.5282329,0.98,0.21718931053803114,0.1872021679496667,0.7565245532989502,0.37309682297073676,0.3577175202178906,3,1,1
R0_0126.png,/content/STANDUP_Database/diabetic/R0/RGB/R0_0126.png,R0,R0_P63,T10,1,train,/content/STANDUP_Database/diabetic/R0/thermal/R0_0126.png,0.179534313881557,0.9999999999590165,0.2665874580259337,0.9999999999590165,14,25.71956531586397,69.5530709481154,0.768082807927967,6.696656356286225,/content/STANDUP_RGB_P/R0_0126.png,0.48039272,0.4763399,0.4755677,0.96,0.1675938179021495,0.0745663820161518,0.7201963621377945,0.3219668621781179,0.2750670402474253,0,1,1
R0_0127.png,/content/STANDUP_Database/diabetic/R0/RGB/R0_0127.png,R0,R0_P64,T0,1,train,/content/STANDUP_Database/diabetic/R0/thermal/R0_0127.png,0.2254373610829849,0.9999999999595142,0.3281223778780691,0.9999999999595142,8,25.091224285070457,99.44402626522128,0.7778265969989091,6.799253940284837,/content/STANDUP_RGB_P/R0_0127.png,0.5620337,0.5580318,0.5572681,1.0,0.20407293303168333,0.12823858518293615,0.7810168564319611,0.38105236522037045,0.34275333413924336,3,1,1
R0_0128.png,/content/STANDUP_Database/diabetic/R0/RGB/R0_0128.png,R0,R0_P64,T10,1,train,/content/STANDUP_Database/diabetic/R0/thermal/R0_0128.png,0.2007298668981597,0.999087439813377,0.2825586357395217,0.999087439813377,7,22.961165787833075,73.22173286355417,0.7752418561577297,6.969306417364388,/content/STANDUP_RGB_P/R0_0128.png,0.49152038,0.48746172,0.4866883,0.9966666666666667,0.232350681242863,0.19909024090480945,0.744093520840009,0.3599061985897619,0.34288926348543236,0,1,1
R0_0129.png,/content/STANDUP_Database/diabetic/R0/RGB/R0_0129.png,R0,R0_P65,T0,1,test,/content/STANDUP_Database/diabetic/R0/thermal/R0_0129.png,0.142278587860034,0.9982578396806746,0.2684574901651181,0.9982578396806746,6,18.51207812408159,80.49619634849978,0.8529926941734152,5.401828765482414,/content/STANDUP_RGB_P/R0_0129.png,0.6141443,0.6102884,0.6095518,0.9266666666666666,0.7897857958037047,0.5370869795337985,0.7704054959615072,0.7000370886901214,0.5733193834551011,3,3,3
R0_0130.png,/content/STANDUP_Database/diabetic/R0/RGB/R0_0130.png,R0,R0_P65,T10,1,test,/content/STANDUP_Database/diabetic/R0/thermal/R0_0130.png,0.1320405152075307,0.9985481997271204,0.2539191390641935,0.9985481997271204,7,19.306334057684577,77.65635009609765,0.8439392393748694,5.422923233831606,/content/STANDUP_RGB_P/R0_0130.png,0.44079772,0.4367981,0.43603665,0.9333333333333333,0.6986636286013918,0.6461417409511213,0.6870655248562495,0.5677308621522583,0.5410891936586204,0,3,3
R0_0131.png,/content/STANDUP_Database/diabetic/R0/RGB/R0_0131.png,R0,R0_P66,T0,1,train,/content/STANDUP_Database/diabetic/R0/thermal/R0_0131.png,0.1908252429645612,0.9994239630933412,0.2580003249294257,0.9994239630933412,10,22.347307753703763,74.73450512492526,0.7724397812302433,7.173765693392115,/content/STANDUP_RGB_P/R0_0131.png,0.56046385,0.5564589,0.55569464,0.98,0.16036991867768027,0.0920584637869119,0.7702319228649139,0.35841440455788004,0.32387655173484087,3,1,1
R0_0132.png,/content/STANDUP_Database/diabetic/R0/RGB/R0_0132.png,R0,R0_P66,T10,1,train,/content/STANDUP_Database/diabetic/R0/thermal/R0_0132.png,0.0965743150852414,0.999875559939444,0.2294892088357972,0.999875559939444,9,17.737570990112854,83.42961242793635,0.8793616765169702,4.542774755831212,/content/STANDUP_RGB_P/R0_0132.png,0.4525122,0.44849157,0.44772586,0.86,0.07666666666666666,0.08796575366833566,0.656256102323532,0.26257912000020345,0.26784580796648444,0,1,1
R0_0133.png,/content/STANDUP_Database/diabetic/R0/RGB/R0_0133.png,R0,R0_P67,T0,1,test,/content/STANDUP_Database/diabetic/R0/thermal/R0_0133.png,0.2773025208559848,0.9985599077938369,0.3569965981229652,0.9985599077938369,16,26.881197364234247,152.4468289558087,0.7724640339051075,7.05204164353233,/content/STANDUP_RGB_P/R0_0133.png,0.51511276,0.5110551,0.51028144,0.8666666666666667,0.32754279959718025,0.29586077686691586,0.6908897121747335,0.4192989557411255,0.4030711102314011,3,1,1
R0_0134.png,/content/STANDUP_Database/diabetic/R0/RGB/R0_0134.png,R0,R0_P67,T10,1,test,/content/STANDUP_Database/diabetic/R0/thermal/R0_0134.png,0.1973360805762731,0.9982307438702162,0.2870025184069286,0.9982307438702162,11,22.34354340686962,93.67140454837198,0.8006405300794343,6.471167466614172,/content/STANDUP_RGB_P/R0_0134.png,0.5922076,0.5882795,0.5875294,0.9066666666666666,0.46590513330994154,0.16858495209731356,0.749437138636907,0.5270923095062281,0.3780571864749873,3,1,2
R0_0135.png,/content/STANDUP_Database/diabetic/R0/RGB/R0_0135.png,R0,R0_P68,T0,1,train,/content/STANDUP_Database/diabetic/R0/thermal/R0_0135.png,0.0633056757626392,0.9999999999528302,0.1920368499642547,0.9999999999528302,1,12.474706272287031,65.0112908392095,0.926703512748124,3.6748679862250033,/content/STANDUP_RGB_P/R0_0135.png,0.41811883,0.41417265,0.41342166,0.8166666666666667,0.016666666666666666,0.0,0.6173927505811055,0.2154196580251058,0.2067108303308487,0,1,1
R0_0136.png,/content/STANDUP_Database/diabetic/R0/RGB/R0_0136.png,R0,R0_P68,T10,1,train,/content/STANDUP_Database/diabetic/R0/thermal/R0_0136.png,0.0794959628549635,0.9991324464604168,0.2134535396671829,0.9991324464604168,5,13.281243788654722,64.83572229340531,0.9041789725393607,4.060503683669961,/content/STANDUP_RGB_P/R0_0136.png,0.3547331,0.35102427,0.35031927,0.9733333333333334,0.1859135802469136,0.11294827080805196,0.6640332214037578,0.2684689251522959,0.23163376856366344,0,1,1
R0_0137.png,/content/STANDUP_Database/diabetic/R0/RGB/R0_0137.png,R0,R0_P69,T0,1,train,/content/STANDUP_Database/diabetic/R0/thermal/R0_0137.png,0.2354234622969766,0.999623619898811,0.3105429267109452,0.999623619898811,5,24.45285965148812,84.79684497117749,0.7577858547046538,7.309660873720789,/content/STANDUP_RGB_P/R0_0137.png,0.39069214,0.3868327,0.3860986,0.99,0.23510517222689237,0.22487970881495367,0.6903460723161697,0.3109689431538515,0.30548915114419406,0,1,1
R0_0138.png,/content/STANDUP_Database/diabetic/R0/RGB/R0_0138.png,R0,R0_P69,T10,1,train,/content/STANDUP_Database/diabetic/R0/thermal/R0_0138.png,0.150893735979341,0.9999999999586776,0.2472588277266522,0.9999999999586776,16,22.97364628294189,63.04776585522647,0.789459918075496,6.434102117517406,/content/STANDUP_RGB_P/R0_0138.png,0.31569344,0.31219527,0.31153083,0.95,0.15647867972531965,0.07537604484190778,0.6328467190265655,0.23433697548945273,0.19345343665892997,0,1,1
R1_0001.png,/content/STANDUP_Database/diabetic/R1/RGB/R1_0001.png,R1,R1_P1,T0,2,train,/content/STANDUP_Database/diabetic/R1/thermal/R1_0001.png,0.1814490220505268,0.9999999999591836,0.3380478308001299,0.9999999999591836,6,21.488122764228304,108.45811979501164,0.8580769282605146,5.31630365770137,/content/STANDUP_RGB_P/R1_0001.png,0.62524337,0.62143004,0.6207014,0.9233333333333333,0.8754459990181738,0.2310758321226589,0.7742883495489756,0.7484380192119983,0.42588860237305126,3,2,2
R1_0002.png,/content/STANDUP_Database/diabetic/R1/RGB/R1_0002.png,R1,R1_P1,T10,2,train,/content/STANDUP_Database/diabetic/R1/thermal/R1_0002.png,0.161196402899257,0.997667638443244,0.3025510644065926,0.997667638443244,5,20.055657971519704,83.64441864190249,0.8452208930817056,5.439455034847587,/content/STANDUP_RGB_P/R1_0002.png,0.5952272,0.59130806,0.59055966,0.94,0.9045466484496527,0.21345695177389334,0.7676135909557342,0.7479273528789249,0.4020083065811453,3,2,2
R1_0003.png,/content/STANDUP_Database/diabetic/R1/RGB/R1_0003.png,R1,R1_P2,T0,2,train,/content/STANDUP_Database/diabetic/R1/thermal/R1_0003.png,0.0639172966580255,0.9999999999585062,0.1801439512496596,0.9999999999585062,3,14.23083077083011,39.08159833440414,0.9022807940295466,4.099142713018855,/content/STANDUP_RGB_P/R1_0003.png,0.5691545,0.5651673,0.56440634,0.9366666666666666,0.8133333333333334,0.16666666666666666,0.7529105838139851,0.6892503205935161,0.365536501010259,3,2,2
R1_0004.png,/content/STANDUP_Database/diabetic/R1/RGB/R1_0004.png,R1,R1_P2,T10,2,train,/content/STANDUP_Database/diabetic/R1/thermal/R1_0004.png,0.0685927975702064,0.9961470064791168,0.1890041872483241,0.9961470064791168,3,13.95902062351264,43.50720691864485,0.9020368146758322,4.094690428619515,/content/STANDUP_RGB_P/R1_0004.png,0.58078086,0.5768213,0.5760654,0.8933333333333333,0.7133333333333334,0.0,0.7370570985476176,0.645077330271403,0.2880327105522156,3,2,2
R1_0005.png,/content/STANDUP_Database/diabetic/R1/RGB/R1_0005.png,R1,R1_P3,T0,2,train,/content/STANDUP_Database/diabetic/R1/thermal/R1_0005.png,0.1698292255584262,0.9999999999588476,0.2680772482930866,0.9999999999588476,18,19.669273488567796,68.46248398463028,0.8153995143729549,6.084666697845687,/content/STANDUP_RGB_P/R1_0005.png,0.54611534,0.54208654,0.5413179,0.97,0.8668738769073319,0.03,0.7580576694011688,0.7044802092800057,0.285658940076828,3,2,2
R1_0006.png,/content/STANDUP_Database/diabetic/R1/RGB/R1_0006.png,R1,R1_P3,T10,2,train,/content/STANDUP_Database/diabetic/R1/thermal/R1_0006.png,0.1443347073386251,0.9967930028747664,0.2290743242322702,0.9967930028747664,10,18.15172237378111,46.03943786034929,0.8088076702110512,6.193432109618738,/content/STANDUP_RGB_P/R1_0006.png,0.5289885,0.52493984,0.5241677,0.98,0.7545021561012181,0.035530492898913954,0.7544942402839661,0.639720995586391,0.27984910470102864,3,2,2
R1_0007.png,/content/STANDUP_Database/diabetic/R1/RGB/R1_0007.png,R1,R1_P4,T0,2,train,/content/STANDUP_Database/diabetic/R1/thermal/R1_0007.png,0.1671346198049928,0.997448979551617,0.2654758085404375,0.997448979551617,10,20.319605047332463,62.36366912236168,0.8127190069842319,6.2305012280399925,/content/STANDUP_RGB_P/R1_0007.png,0.48801795,0.48396072,0.4831876,0.99,0.8894206629114272,0.060384604693354924,0.7390089732408524,0.6866906904139579,0.271786095381231,0,2,2
R1_0008.png,/content/STANDUP_Database/diabetic/R1/RGB/R1_0008.png,R1,R1_P4,T10,2,train,/content/STANDUP_Database/diabetic/R1/thermal/R1_0008.png,0.1296053759103042,0.9999999999591836,0.208578553085042,0.9999999999591836,9,17.916511944827352,46.2886370916111,0.8202446086774544,6.021922457748581,/content/STANDUP_RGB_P/R1_0008.png,0.55375403,0.5497371,0.54897064,0.9566666666666667,0.8575613599718567,0.13591090086273744,0.7552103491624196,0.7036492279023407,0.3424407702841977,3,2,2
R1_0009.png,/content/STANDUP_Database/diabetic/R1/RGB/R1_0009.png,R1,R1_P5,T0,2,train,/content/STANDUP_Database/diabetic/R1/thermal/R1_0009.png,0.1823051845522769,0.9982993196862954,0.2783139561736632,0.9982993196862954,9,21.519904099998502,64.73654708520654,0.8005324577052225,6.476207470557425,/content/STANDUP_RGB_P/R1_0009.png,0.5591272,0.5551198,0.5543551,0.9933333333333333,0.9210126853260662,0.08643516958314251,0.7762302724520365,0.7380662489073111,0.32039512723961505,3,2,2
R1_0010.png,/content/STANDUP_Database/diabetic/R1/RGB/R1_0010.png,R1,R1_P5,T10,2,train,/content/STANDUP_Database/diabetic/R1/thermal/R1_0010.png,0.123361472696348,0.9970725994907524,0.249579038187901,0.9970725994907524,1,18.580124244354916,59.40398782831903,0.857408987184337,5.245532014079804,/content/STANDUP_RGB_P/R1_0010.png,0.5760683,0.572097,0.57133895,0.98,0.8866666666666667,0.13824142876225845,0.7780341410636902,0.7293818350632986,0.3547901901749677,3,2,2
R1_0011.png,/content/STANDUP_Database/diabetic/R1/RGB/R1_0011.png,R1,R1_P6,T0,2,train,/content/STANDUP_Database/diabetic/R1/thermal/R1_0011.png,0.0832358030730308,0.998152709316582,0.2455791298903603,0.998152709316582,1,11.691310991540334,76.96132286995935,0.9316920105619604,3.608191035664056,/content/STANDUP_RGB_P/R1_0011.png,0.6260594,0.62224936,0.62152135,0.8866666666666667,0.6966666666666667,0.01213647441104793,0.7563630398114523,0.659458015759786,0.3168289140663333,3,2,2
R1_0012.png,/content/STANDUP_Database/diabetic/R1/RGB/R1_0012.png,R1,R1_P6,T10,2,train,/content/STANDUP_Database/diabetic/R1/thermal/R1_0012.png,0.2140162340282245,0.9985540774610184,0.3168940068190881,0.9985540774610184,10,25.99373446001882,98.43481742473637,0.7794697989487892,6.926986494918367,/content/STANDUP_RGB_P/R1_0012.png,0.5792706,0.57530725,0.5745506,0.9833333333333333,0.6883673632177364,0.15619052758099655,0.7813019673029582,0.6318373066203122,0.36537057812155294,3,2,2
R1_0013.png,/content/STANDUP_Database/diabetic/R1/RGB/R1_0013.png,R1,R1_P7,T0,2,train,/content/STANDUP_Database/diabetic/R1/thermal/R1_0013.png,0.1738867826864105,0.9999999999590165,0.2599943717009089,0.9999999999590165,8,21.879085920262597,62.446268417685005,0.7884147080158669,6.6334930299823895,/content/STANDUP_RGB_P/R1_0013.png,0.5433369,0.5393042,0.5385349,1.0,0.891471586469609,0.16130724498804427,0.7716684639453888,0.7153878916520866,0.34992106233624626,3,2,2
R1_0014.png,/content/STANDUP_Database/diabetic/R1/RGB/R1_0014.png,R1,R1_P7,T10,2,train,/content/STANDUP_Database/diabetic/R1/thermal/R1_0014.png,0.1726734412355982,0.9999999999595142,0.2567504639819477,0.9999999999595142,6,22.651859482177827,65.0471252402355,0.7806502787454388,6.7334520836476575,/content/STANDUP_RGB_P/R1_0014.png,0.39375538,0.38988507,0.38914883,0.9933333333333333,0.9055492745068898,0.14689913042703426,0.693544354836146,0.6477171712233241,0.2680239808972635,0,2,2
R1_0015.png,/content/STANDUP_Database/diabetic/R1/RGB/R1_0015.png,R1,R1_P8,T0,2,test,/content/STANDUP_Database/diabetic/R1/thermal/R1_0015.png,0.2018469920169045,0.9952578541377192,0.2818113078449396,0.9952578541377192,9,22.206432127667263,58.15390775144574,0.7777798410223467,6.957502967771145,/content/STANDUP_RGB_P/R1_0015.png,0.4983509,0.49429074,0.4935168,0.96,0.5366666666666666,0.10931520644511582,0.7291754442453384,0.5154787029822667,0.3014160046164483,0,2,2
R1_0016.png,/content/STANDUP_Database/diabetic/R1/RGB/R1_0016.png,R1,R1_P8,T10,2,test,/content/STANDUP_Database/diabetic/R1/thermal/R1_0016.png,0.2187043476525219,0.9979838709275006,0.311015256237225,0.9979838709275006,11,24.274625759693272,78.21840967329076,0.7776956988413148,6.894205876192711,/content/STANDUP_RGB_P/R1_0016.png,0.577565,0.5735974,0.57284,0.9933333333333333,0.44693413877435867,0.2694723276468057,0.7854491738478342,0.5102657551762876,0.42115615150193064,3,1,2
R1_0017.png,/content/STANDUP_Database/diabetic/R1/RGB/R1_0017.png,R1,R1_P9,T0,2,train,/content/STANDUP_Database/diabetic/R1/thermal/R1_0017.png,0.2886121842250706,0.999958350646399,0.3644755610114349,0.999958350646399,16,27.785499759644544,131.19386611147638,0.7582111728909873,7.353855433891551,/content/STANDUP_RGB_P/R1_0017.png,0.61419725,0.61034155,0.60960495,0.9366666666666666,0.7637356644191862,0.09854389721627409,0.7754319604237874,0.687038606669432,0.3540744259679088,3,2,2
R1_0018.png,/content/STANDUP_Database/diabetic/R1/RGB/R1_0018.png,R1,R1_P9,T10,2,train,/content/STANDUP_Database/diabetic/R1/thermal/R1_0018.png,0.2691668967198317,0.9999999999595142,0.3968380267083553,0.9999999999595142,12,28.348928885300648,181.8297565663165,0.8248604554965753,6.212606092862159,/content/STANDUP_RGB_P/R1_0018.png,0.57462215,0.5706474,0.56988865,0.9333333333333333,0.7061591263650546,0.03666666666666667,0.7539777437845866,0.6384032724320238,0.3032776590188344,3,2,2
R1_0019.png,/content/STANDUP_Database/diabetic/R1/RGB/R1_0019.png,R1,R1_P10,T0,2,train,/content/STANDUP_Database/diabetic/R1/thermal/R1_0019.png,0.2136470585550478,0.9995418575185524,0.3344777663281781,0.9995418575185524,9,22.84186508359536,85.14946348495128,0.80876645346684,6.250206568200062,/content/STANDUP_RGB_P/R1_0019.png,0.46884653,0.46480402,0.4640339,0.9933333333333333,0.8341523783012322,0.06347700837696409,0.7310899315277735,0.6494782009027447,0.26375545503420045,0,2,2
R1_0020.png,/content/STANDUP_Database/diabetic/R1/RGB/R1_0020.png,R1,R1_P10,T10,2,train,/content/STANDUP_Database/diabetic/R1/thermal/R1_0020.png,0.257727338265423,0.9999999999588476,0.3364522865800729,0.9999999999588476,13,26.21358314416291,86.99439461884023,0.7462118369559256,7.382316196350793,/content/STANDUP_RGB_P/R1_0020.png,0.59985197,0.5959472,0.5952015,0.98,0.7666716657574979,0.1726345466953717,0.7899259829521179,0.6813094358889266,0.383918019502471,3,2,2
R1_0021.png,/content/STANDUP_Database/diabetic/R1/RGB/R1_0021.png,R1,R1_P11,T0,2,train,/content/STANDUP_Database/diabetic/R1/thermal/R1_0021.png,0.2565718995397324,0.9999999999595142,0.3510503628653951,0.9999999999595142,12,24.912721932365827,91.99109144779506,0.7672117385958315,6.895134649090244,/content/STANDUP_RGB_P/R1_0021.png,0.55185866,0.5478386,0.54707164,0.9933333333333333,0.7839067452336834,0.18873226183064684,0.7725959984461466,0.6658726867628836,0.3679019487768804,3,2,2
R1_0022.png,/content/STANDUP_Database/diabetic/R1/RGB/R1_0022.png,R1,R1_P11,T10,2,train,/content/STANDUP_Database/diabetic/R1/thermal/R1_0022.png,0.210582755660127,0.9999999999593496,0.3100284701633027,0.9999999999593496,9,24.38907701825036,78.33139814222142,0.7828173466390621,6.6533315115806335,/content/STANDUP_RGB_P/R1_0022.png,0.5403964,0.5363599,0.5355899,1.0,0.7691206340931067,0.17203870033037771,0.7701981961727142,0.6527402701448505,0.35381428706055934,3,2,2
R1_0023.png,/content/STANDUP_Database/diabetic/R1/RGB/R1_0023.png,R1,R1_P12,T0,2,train,/content/STANDUP_Database/diabetic/R1/thermal/R1_0023.png,0.1312005248042206,0.9959514169637266,0.2373101651086359,0.9959514169637266,5,19.30371836135692,53.13036515054833,0.8306052954681524,5.704773158440388,/content/STANDUP_RGB_P/R1_0023.png,0.61847794,0.61463815,0.61390454,0.97,0.83,0.053214597520516854,0.7942389702796936,0.7223190748691559,0.33355956664546654,3,2,2
R1_0024.png,/content/STANDUP_Database/diabetic/R1/RGB/R1_0024.png,R1,R1_P12,T10,2,train,/content/STANDUP_Database/diabetic/R1/thermal/R1_0024.png,0.0745030511971701,0.9985362997248844,0.2141067238864979,0.9985362997248844,1,14.458801856012384,79.17833119795479,0.9124246078301496,3.86216962287436,/content/STANDUP_RGB_P/R1_0024.png,0.46393287,0.45989606,0.45912713,0.97,0.6933333333333334,0.06931520644511581,0.7169664359092712,0.5766146955887477,0.26422116728467643,0,2,2
R1_0025.png,/content/STANDUP_Database/diabetic/R1/RGB/R1_0025.png,R1,R1_P13,T0,2,train,/content/STANDUP_Database/diabetic/R1/thermal/R1_0025.png,0.1762462956727389,0.9982648929613196,0.2816974414434122,0.9982648929613196,14,21.291902685021583,81.96192344651446,0.8103289444305175,6.16239225076174,/content/STANDUP_RGB_P/R1_0025.png,0.50902116,0.50496155,0.50418764,0.9833333333333333,0.8237637274481465,0.01799746982178565,0.7461772481600444,0.6643626388419475,0.2610925566748851,3,2,2
R1_0026.png,/content/STANDUP_Database/diabetic/R1/RGB/R1_0026.png,R1,R1_P13,T10,2,train,/content/STANDUP_Database/diabetic/R1/thermal/R1_0026.png,0.1966283568104841,0.9999999999593496,0.292268452170231,0.9999999999593496,8,23.589747248947575,91.94222453555956,0.7894430395447152,6.691214808035772,/content/STANDUP_RGB_P/R1_0026.png,0.6012558,0.5973555,0.5966106,0.9733333333333334,0.8116195017785738,0.18557394659564355,0.7872945539156596,0.7044874933705185,0.3910922761561744,3,2,2
R1_0027.png,/content/STANDUP_Database/diabetic/R1/RGB/R1_0027.png,R1,R1_P14,T0,2,test,/content/STANDUP_Database/diabetic/R1/thermal/R1_0027.png,0.2174745272929904,0.9944379390693144,0.2952864013077994,0.9944379390693144,31,21.4877222343542,79.69318545804525,0.8041819110523284,6.526712779590321,/content/STANDUP_RGB_P/R1_0027.png,0.47324392,0.46919695,0.468426,0.89,0.23244191531772918,0.12333333333333334,0.6816219609975815,0.3508194303732887,0.29587966124216714,0,1,1
R1_0028.png,/content/STANDUP_Database/diabetic/R1/RGB/R1_0028.png,R1,R1_P14,T10,2,test,/content/STANDUP_Database/diabetic/R1/thermal/R1_0028.png,0.2290891889588844,0.998388829175476,0.3385326260073555,0.998388829175476,7,24.43300146741896,105.05465246637397,0.7927728881139166,6.621865669068883,/content/STANDUP_RGB_P/R1_0028.png,0.48391023,0.4798551,0.47908244,1.0,0.4144224672303439,0.22746947276313875,0.741955116391182,0.44713877880502945,0.3532759540663152,0,1,1
R1_0029.png,/content/STANDUP_Database/diabetic/R1/RGB/R1_0029.png,R1,R1_P15,T0,2,test,/content/STANDUP_Database/diabetic/R1/thermal/R1_0029.png,0.2921589490786316,0.9999999999595142,0.3953148758067968,0.9999999999595142,16,27.905788237378538,123.11971492633748,0.7779962108973735,6.885093069374728,/content/STANDUP_RGB_P/R1_0029.png,0.5310945,0.52704775,0.526276,0.98,0.5434314142805285,0.22666666666666666,0.7555472457408905,0.535239583807287,0.37647132953008017,3,2,2
R1_0030.png,/content/STANDUP_Database/diabetic/R1/RGB/R1_0030.png,R1,R1_P15,T10,2,test,/content/STANDUP_Database/diabetic/R1/thermal/R1_0030.png,0.2909617824318554,0.9984882841614796,0.3809197486507445,0.9984882841614796,23,32.39437119404377,143.7487588084668,0.7595627489652758,7.182436050218012,/content/STANDUP_RGB_P/R1_0030.png,0.5299446,0.52589685,0.52512485,0.7,0.19,0.10666666666666667,0.6149722993373871,0.35794842362403867,0.3158957572778066,3,1,1
R1_0031.png,/content/STANDUP_Database/diabetic/R1/RGB/R1_0031.png,R1,R1_P16,T0,2,train,/content/STANDUP_Database/diabetic/R1/thermal/R1_0031.png,0.1799452942327523,0.9999999999593496,0.2527830411246698,0.9999999999593496,5,18.744628465992463,50.07367072389847,0.7890562863849058,6.732457365382126,/content/STANDUP_RGB_P/R1_0031.png,0.38818386,0.38433352,0.38360122,0.98,0.8703663860985595,0.13560705250556238,0.6840919309854507,0.6273499536131302,0.25960413548377637,0,2,2
R1_0032.png,/content/STANDUP_Database/diabetic/R1/RGB/R1_0032.png,R1,R1_P16,T10,2,train,/content/STANDUP_Database/diabetic/R1/thermal/R1_0032.png,0.0759901458493496,0.9999999999595142,0.2051784316577485,0.9999999999595142,6,14.927408017680127,64.3465326713687,0.9109156642561228,4.043830823142373,/content/STANDUP_RGB_P/R1_0032.png,0.5464692,0.54244083,0.54167235,0.9666666666666667,0.6723872852686613,0.07540027820635524,0.756567939122518,0.6074140584649428,0.3085363135912452,3,2,2
R1_0033.png,/content/STANDUP_Database/diabetic/R1/RGB/R1_0033.png,R1,R1_P17,T0,2,train,/content/STANDUP_Database/diabetic/R1/thermal/R1_0033.png,0.1208198214092764,0.997298919525924,0.282541143241394,0.997298919525924,3,18.073976363279357,111.5253443305642,0.8875754388254224,4.442040190865821,/content/STANDUP_RGB_P/R1_0033.png,0.54144883,0.53741366,0.53664386,0.8266666666666667,0.7133333333333334,0.027668571428571428,0.6840577491124471,0.6253734950224559,0.2821562170764378,3,2,2
R1_0034.png,/content/STANDUP_Database/diabetic/R1/RGB/R1_0034.png,R1,R1_P17,T10,2,train,/content/STANDUP_Database/diabetic/R1/thermal/R1_0034.png,0.3079187326521204,0.9999999999593496,0.3764298604778905,0.9999999999593496,8,28.924250850425047,130.82443145420496,0.7486205663185814,7.639134088486095,/content/STANDUP_RGB_P/R1_0034.png,0.59203917,0.5881105,0.5873603,0.9166666666666666,0.7939036390853021,0.09,0.7543529172738392,0.6910070728099393,0.33868016123771666,3,2,2
R1_0035.png,/content/STANDUP_Database/diabetic/R1/RGB/R1_0035.png,R1,R1_P18,T0,2,train,/content/STANDUP_Database/diabetic/R1/thermal/R1_0035.png,0.1836749308146044,0.999421630960116,0.3088129904534938,0.999421630960116,11,19.413628695208075,89.29684497117715,0.8432974048154426,5.682696274258445,/content/STANDUP_RGB_P/R1_0035.png,0.42032182,0.41636968,0.41561753,0.9766666666666667,0.8855628910917399,0.10979761904761906,0.6984942444165547,0.6509662838408529,0.2627075723125821,0,2,2
R1_0036.png,/content/STANDUP_Database/diabetic/R1/RGB/R1_0036.png,R1,R1_P18,T10,2,train,/content/STANDUP_Database/diabetic/R1/thermal/R1_0036.png,0.1675675092991225,0.9999999999588476,0.2767853751482642,0.9999999999588476,5,19.66475982094999,63.67761050608985,0.8377805204998305,5.944251830547541,/content/STANDUP_RGB_P/R1_0036.png,0.46684712,0.4628068,0.46203715,0.9833333333333333,0.9307257851582293,0.13774755594273838,0.7250902275244395,0.6967662881126764,0.29989235101709977,0,2,2
R1_0037.png,/content/STANDUP_Database/diabetic/R1/RGB/R1_0037.png,R1,R1_P19,T0,2,train,/content/STANDUP_Database/diabetic/R1/thermal/R1_0037.png,0.2352054379483297,0.9999999999591836,0.3261926278261923,0.9999999999591836,14,23.50007753747259,87.23822869955679,0.7964185313950801,6.758196831622941,/content/STANDUP_RGB_P/R1_0037.png,0.60103226,0.5971312,0.5963862,0.9966666666666667,0.8650972603270403,0.11555904054882561,0.7988494618733724,0.731114226505607,0.3559726173889758,3,2,2
R1_0038.png,/content/STANDUP_Database/diabetic/R1/RGB/R1_0038.png,R1,R1_P19,T10,2,train,/content/STANDUP_Database/diabetic/R1/thermal/R1_0038.png,0.2042939006031507,0.9991359446601732,0.2922663624728555,0.9991359446601732,6,23.119671225896862,62.96084240871731,0.7803381602503433,6.926002093466317,/content/STANDUP_RGB_P/R1_0038.png,0.5381709,0.53413165,0.5333612,0.9966666666666667,0.9047728526783045,0.20782551107191094,0.7674187703927358,0.7194522494173078,0.37059335379492764,3,2,2
R1_0039.png,/content/STANDUP_Database/diabetic/R1/RGB/R1_0039.png,R1,R1_P20,T0,2,train,/content/STANDUP_Database/diabetic/R1/thermal/R1_0039.png,0.191535907716111,0.995335276927304,0.2675472160849362,0.995335276927304,12,21.00798738551542,59.32130845612267,0.7849893583449837,6.8714906306352574,/content/STANDUP_RGB_P/R1_0039.png,0.50624734,0.50218725,0.5014132,0.9766666666666667,0.778770406881799,0.06666666666666667,0.7414570041497548,0.6404788294632384,0.2840399463971456,3,2,2
R1_0040.png,/content/STANDUP_Database/diabetic/R1/RGB/R1_0040.png,R1,R1_P20,T10,2,train,/content/STANDUP_Database/diabetic/R1/thermal/R1_0040.png,0.173932287129334,0.9959349593091082,0.2799694076968033,0.9959349593091082,6,20.311870771326884,59.94670884049083,0.8126051971086439,6.298310404339622,/content/STANDUP_RGB_P/R1_0040.png,0.42441928,0.42045656,0.41970232,0.99,0.8389115813154177,0.04777079341423604,0.7072096419334412,0.6296840698906876,0.23373655735260296,0,2,2
R1_0041.png,/content/STANDUP_Database/diabetic/R1/RGB/R1_0041.png,R1,R1_P21,T0,2,train,/content/STANDUP_Database/diabetic/R1/thermal/R1_0041.png,0.2046203879434658,0.9985302762669622,0.2665497333821153,0.9985302762669622,10,22.440410249424847,52.25760730301447,0.7603261244328291,7.256654972489455,/content/STANDUP_RGB_P/R1_0041.png,0.5467002,0.54267216,0.54190373,1.0,0.8627035610300611,0.18389883014062658,0.7733500897884369,0.7026878591588294,0.36290128217388995,3,2,2
R1_0042.png,/content/STANDUP_Database/diabetic/R1/RGB/R1_0042.png,R1,R1_P21,T10,2,train,/content/STANDUP_Database/diabetic/R1/thermal/R1_0042.png,0.1508904327850918,0.9999999999593496,0.22963116629096,0.9999999999593496,7,18.985050285638263,45.39109545163672,0.7997015517716598,6.429362258094617,/content/STANDUP_RGB_P/R1_0042.png,0.6314622,0.62767446,0.6269506,0.9966666666666667,0.7795562088902425,0.0657278119650779,0.8140644415219624,0.7036153346506571,0.3463392167849987,3,2,2
R1_0043.png,/content/STANDUP_Database/diabetic/R1/RGB/R1_0043.png,R1,R1_P22,T0,2,train,/content/STANDUP_Database/diabetic/R1/thermal/R1_0043.png,0.2293766511241203,0.999423963093341,0.3164436675168007,0.999423963093341,17,23.864984502132906,90.2821508648363,0.7748850335883132,6.803378162669884,/content/STANDUP_RGB_P/R1_0043.png,0.57619125,0.57222027,0.5714623,0.9966666666666667,0.7800625139355286,0.0745074605874763,0.7864289565881093,0.6761413899004273,0.3229848670925968,3,2,2
R1_0044.png,/content/STANDUP_Database/diabetic/R1/RGB/R1_0044.png,R1,R1_P22,T10,2,train,/content/STANDUP_Database/diabetic/R1/thermal/R1_0044.png,0.1791752838348783,0.9991253643907062,0.2755599830432328,0.9991253643907062,10,20.938732501450676,63.84312940423235,0.7957939102422854,6.436540820214148,/content/STANDUP_RGB_P/R1_0044.png,0.44453064,0.44052386,0.43976098,1.0,0.856081112368589,0.04348140576474564,0.7222653180360794,0.648302487603667,0.24162119437750526,0,2,2
R1_0045.png,/content/STANDUP_Database/diabetic/R1/RGB/R1_0045.png,R1,R1_P23,T0,2,test,/content/STANDUP_Database/diabetic/R1/thermal/R1_0045.png,0.1811350844314928,0.9982363315285852,0.2504822450539352,0.9982363315285852,10,22.6185433096852,57.312940422810286,0.7671393647818915,7.002464109957183,/content/STANDUP_RGB_P/R1_0045.png,0.4798283,0.47577587,0.47500375,0.9166666666666666,0.7191353649893693,0.17940992400846276,0.6982474823792775,0.597455616344973,0.3272068365703096,0,2,2
R1_0046.png,/content/STANDUP_Database/diabetic/R1/RGB/R1_0046.png,R1,R1_P23,T10,2,test,/content/STANDUP_Database/diabetic/R1/thermal/R1_0046.png,0.2156215549584041,0.9999999999595142,0.2617813549318417,0.9999999999595142,13,24.140902593089145,59.89816223575084,0.731785318663203,7.762973210786585,/content/STANDUP_RGB_P/R1_0046.png,0.528506,0.524457,0.5236848,0.69,0.3333333333333333,0.22849986910860778,0.6092529904842376,0.42889515558878577,0.3760923343898904,3,1,1
R1_0047.png,/content/STANDUP_Database/diabetic/R1/RGB/R1_0047.png,R1,R1_P24,T0,2,train,/content/STANDUP_Database/diabetic/R1/thermal/R1_0047.png,0.180224948641325,0.9964327193887296,0.2392459304763863,0.9964327193887296,8,23.379322594421595,62.36234785394453,0.7596770756027955,7.180169172798944,/content/STANDUP_RGB_P/R1_0047.png,0.5605585,0.5565538,0.55578953,0.9233333333333333,0.7633333333333333,0.0958845205065603,0.7419459156195323,0.6599435571829477,0.32583702539190623,3,2,2
R1_0048.png,/content/STANDUP_Database/diabetic/R1/RGB/R1_0048.png,R1,R1_P24,T10,2,train,/content/STANDUP_Database/diabetic/R1/thermal/R1_0048.png,0.099359035048348,0.9976998995910944,0.2226652476336618,0.9976998995910944,8,17.498183950894447,65.40899263293272,0.8670350080342822,4.845227652313601,/content/STANDUP_RGB_P/R1_0048.png,0.53210557,0.52805984,0.52728826,0.9566666666666667,0.6864737050217478,0.08674438299561095,0.7443861158688863,0.6072667726120397,0.3070163205356625,3,2,2
R1_0049.png,/content/STANDUP_Database/diabetic/R1/RGB/R1_0049.png,R1,R1_P25,T0,2,test,/content/STANDUP_Database/diabetic/R1/thermal/R1_0049.png,0.2419706243208416,0.9998765634883195,0.3298507722355301,0.9998765634883195,8,24.892660707270608,104.35069666880828,0.7741898543319016,6.918552185945288,/content/STANDUP_RGB_P/R1_0049.png,0.5187975,0.51474166,0.5139683,0.9966666666666667,0.4981306890576713,0.32604056532546966,0.7577320917447408,0.50643617411105,0.42000442711196884,3,1,2
R1_0050.png,/content/STANDUP_Database/diabetic/R1/RGB/R1_0050.png,R1,R1_P25,T10,2,test,/content/STANDUP_Database/diabetic/R1/thermal/R1_0050.png,0.1983166757237524,0.9999999999598392,0.2812092115441361,0.9999999999598392,11,22.58983818073907,68.29180012812739,0.7805263885311386,6.83737928121778,/content/STANDUP_RGB_P/R1_0050.png,0.50384146,0.4997811,0.4990071,1.0,0.7264212425002847,0.35988185775472364,0.7519207298755646,0.6131011722211736,0.42944448179102757,1,2,2
R1_0051.png,/content/STANDUP_Database/diabetic/R1/RGB/R1_0051.png,R1,R1_P26,T0,2,train,/content/STANDUP_Database/diabetic/R1/thermal/R1_0051.png,0.2017789102393544,0.9938775509798417,0.3229268198844565,0.9938775509798417,8,26.49663029368756,104.59368994235318,0.789929257379773,6.486270207389596,/content/STANDUP_RGB_P/R1_0051.png,0.5072861,0.5032261,0.50245214,0.8333333333333334,0.6280254248580193,0.023333333333333334,0.6703097025553386,0.5656257631282436,0.26289273420969644,3,2,2
R1_0052.png,/content/STANDUP_Database/diabetic/R1/RGB/R1_0052.png,R1,R1_P26,T10,2,train,/content/STANDUP_Database/diabetic/R1/thermal/R1_0052.png,0.225950112917979,0.9999999999595142,0.3295585419363211,0.9999999999595142,12,27.857992208168387,108.45880044843736,0.7608796173870926,6.989944377752191,/content/STANDUP_RGB_P/R1_0052.png,0.60123616,0.5973358,0.59659094,0.9766666666666667,0.743840618185384,0.25621398749474766,0.7889514156182607,0.6705882168075358,0.42640246183933855,3,2,2
R1_0053.png,/content/STANDUP_Database/diabetic/R1/RGB/R1_0053.png,R1,R1_P27,T0,2,train,/content/STANDUP_Database/diabetic/R1/thermal/R1_0053.png,0.1980318043522924,0.9950838634646292,0.2665492956292188,0.9950838634646292,12,27.82784525233212,70.00244234465637,0.735720084328754,7.436635791588158,/content/STANDUP_RGB_P/R1_0053.png,0.40508735,0.40117934,0.4004358,0.8833333333333333,0.6466666666666666,0.02,0.6442103425661723,0.5239230050643284,0.21021790266036988,0,2,2
R1_0054.png,/content/STANDUP_Database/diabetic/R1/RGB/R1_0054.png,R1,R1_P27,T10,2,train,/content/STANDUP_Database/diabetic/R1/thermal/R1_0054.png,0.1690243382878204,0.9973867595413372,0.2758238112850366,0.9973867595413372,14,28.38234811977374,89.82030749520244,0.7814302976698115,6.474617563616548,/content/STANDUP_RGB_P/R1_0054.png,0.50345194,0.4993916,0.49861756,0.9133333333333333,0.7400415171432568,0.06330158169363412,0.7083926383654277,0.619716551365856,0.28095957068251803,1,2,2
R1_0055.png,/content/STANDUP_Database/diabetic/R1/RGB/R1_0055.png,R1,R1_P28,T0,2,test,/content/STANDUP_Database/diabetic/R1/thermal/R1_0055.png,0.2617781418189471,0.9968317971948284,0.368266882974219,0.9968317971948284,27,28.723666566686912,133.69554772582896,0.7723419358156003,6.800793780685378,/content/STANDUP_RGB_P/R1_0055.png,0.53494143,0.53089863,0.53012747,0.8633333333333333,0.36666666666666664,0.24951115248627095,0.6991373840967814,0.4487826486428579,0.389819309105608,3,1,1
R1_0056.png,/content/STANDUP_Database/diabetic/R1/RGB/R1_0056.png,R1,R1_P28,T10,2,test,/content/STANDUP_Database/diabetic/R1/thermal/R1_0056.png,0.1514146655829273,0.9956622324640276,0.3076580950533548,0.9956622324640276,13,28.56695675410621,147.77222133249316,0.8471353188840917,5.125835647904998,/content/STANDUP_RGB_P/R1_0056.png,0.5252468,0.5211951,0.52042246,0.32,0.24,0.04,0.4226233994960785,0.3805975568294525,0.28021122932434084,3,0,0
R1_0057.png,/content/STANDUP_Database/diabetic/R1/RGB/R1_0057.png,R1,R1_P29,T0,2,train,/content/STANDUP_Database/diabetic/R1/thermal/R1_0057.png,0.2318398954554173,0.9985362997248844,0.3348646860478909,0.9985362997248844,11,24.479022241253126,103.72641736067216,0.804951347130863,6.545657180114777,/content/STANDUP_RGB_P/R1_0057.png,0.49178818,0.48772946,0.48695594,1.0,0.7698069637287551,0.11956386445143863,0.7458940893411636,0.6287682118648734,0.3032599025874289,0,2,2
R1_0058.png,/content/STANDUP_Database/diabetic/R1/RGB/R1_0058.png,R1,R1_P29,T10,2,train,/content/STANDUP_Database/diabetic/R1/thermal/R1_0058.png,0.1814336998946542,0.9999999999595142,0.2818457859017041,0.9999999999595142,16,20.422617586425336,73.84809417040783,0.8146191292907831,6.146461431790596,/content/STANDUP_RGB_P/R1_0058.png,0.44791818,0.4439053,0.4431412,0.9933333333333333,0.8021630064310289,0.031006623139863448,0.7206257549921671,0.6230341501862633,0.23707390766883157,0,2,2
R1_0059.png,/content/STANDUP_Database/diabetic/R1/RGB/R1_0059.png,R1,R1_P30,T0,2,train,/content/STANDUP_Database/diabetic/R1/thermal/R1_0059.png,0.1716364740677989,0.995967741895324,0.28861110577661,0.995967741895324,13,19.19977441324836,81.25708680333496,0.8337786625075795,5.777627665111472,/content/STANDUP_RGB_P/R1_0059.png,0.5597191,0.55571276,0.5549482,0.9533333333333334,0.8456062246709184,0.12333333333333334,0.7565262095133464,0.7006594920828499,0.3391407720247904,3,2,2
R1_0060.png,/content/STANDUP_Database/diabetic/R1/RGB/R1_0060.png,R1,R1_P30,T10,2,train,/content/STANDUP_Database/diabetic/R1/thermal/R1_0060.png,0.1079528630604444,0.999539979885432,0.2437754266808206,0.999539979885432,5,16.972343849040335,66.63625080077358,0.8780348177136544,4.732625208368599,/content/STANDUP_RGB_P/R1_0060.png,0.6343842,0.6306089,0.62988746,0.97,0.8231403716884145,0.19071431775533715,0.8021921074390411,0.7268746439855341,0.41030088970881484,3,2,2
R1_0061.png,/content/STANDUP_Database/diabetic/R1/RGB/R1_0061.png,R1,R1_P31,T0,2,train,/content/STANDUP_Database/diabetic/R1/thermal/R1_0061.png,0.1980253837937877,0.9991670137034908,0.2779123720867353,0.9991670137034908,25,23.330678932148533,71.13653106983249,0.779984345567834,6.818639057685487,/content/STANDUP_RGB_P/R1_0061.png,0.5873461,0.58340406,0.5826514,1.0,0.8258186773064861,0.16146036805097158,0.793673038482666,0.7046113707424764,0.3720558723876074,3,2,2
R1_0062.png,/content/STANDUP_Database/diabetic/R1/RGB/R1_0062.png,R1,R1_P31,T10,2,train,/content/STANDUP_Database/diabetic/R1/thermal/R1_0062.png,0.1613779608537733,0.9959349593091082,0.2486649755382718,0.9959349593091082,13,21.524240211622423,56.176769698915216,0.7959588141731038,6.469336266999774,/content/STANDUP_RGB_P/R1_0062.png,0.54249895,0.53846514,0.53769565,0.95,0.7491925439223868,0.08558800189559052,0.7462494730949402,0.6438288430862239,0.31164182409080066,3,2,2
R1_0063.png,/content/STANDUP_Database/diabetic/R1/RGB/R1_0063.png,R1,R1_P32,T0,2,train,/content/STANDUP_Database/diabetic/R1/thermal/R1_0063.png,0.1432894309995978,0.9991217798185372,0.2496622846195833,0.9991217798185372,9,19.089584521044177,53.88536995516076,0.8301020364259348,5.864619761425115,/content/STANDUP_RGB_P/R1_0063.png,0.520412,0.5163571,0.51558393,0.9933333333333333,0.7914121623556837,0.058310559595634526,0.7568726805845896,0.65388464310373,0.28694724599769217,3,2,2
R1_0064.png,/content/STANDUP_Database/diabetic/R1/RGB/R1_0064.png,R1,R1_P32,T10,2,train,/content/STANDUP_Database/diabetic/R1/thermal/R1_0064.png,0.1674044174101235,0.9999999999591836,0.2574948059950315,0.9999999999591836,13,22.742555099727028,56.71688821268934,0.7851290523156895,6.608701669969506,/content/STANDUP_RGB_P/R1_0064.png,0.589227,0.58529025,0.5845386,0.9933333333333333,0.779172695931171,0.11138556586296845,0.7912801770369211,0.6822314745467775,0.347962072425045,3,2,2
R1_0065.png,/content/STANDUP_Database/diabetic/R1/RGB/R1_0065.png,R1,R1_P33,T0,2,test,/content/STANDUP_Database/diabetic/R1/thermal/R1_0065.png,0.1981993707272799,0.9985481997271204,0.3039678621644334,0.9985481997271204,11,22.4606915806306,84.67380685458657,0.8138035245885291,6.277459945446372,/content/STANDUP_RGB_P/R1_0065.png,0.6450885,0.64136124,0.6406488,0.9866666666666667,0.44905002182120757,0.20319775627350517,0.815877580245336,0.5452056291967367,0.4219232692633853,3,1,2
R1_0066.png,/content/STANDUP_Database/diabetic/R1/RGB/R1_0066.png,R1,R1_P33,T10,2,test,/content/STANDUP_Database/diabetic/R1/thermal/R1_0066.png,0.1934738500885762,0.9999999999593496,0.2988066491835854,0.9999999999593496,8,22.73694927638185,93.2881566303727,0.8102662999778295,6.36715616214917,/content/STANDUP_RGB_P/R1_0066.png,0.6730141,0.66942984,0.6687443,0.93,0.6480236178211225,0.3757340623771924,0.8015070521831513,0.6587267282392508,0.5222391940075048,3,2,3
R1_0067.png,/content/STANDUP_Database/diabetic/R1/RGB/R1_0067.png,R1,R1_P34,T0,2,train,/content/STANDUP_Database/diabetic/R1/thermal/R1_0067.png,0.1558738962947981,0.9999999999596774,0.2676066790700677,0.9999999999596774,14,19.97766201044081,74.20103299167756,0.8280789008366446,5.766287497442983,/content/STANDUP_RGB_P/R1_0067.png,0.53734326,0.53330314,0.53253245,0.9166666666666666,0.7402401069742204,0.04935367229502951,0.7270049651463826,0.6367716242840767,0.2909430629160084,3,2,2
R1_0068.png,/content/STANDUP_Database/diabetic/R1/RGB/R1_0068.png,R1,R1_P34,T10,2,train,/content/STANDUP_Database/diabetic/R1/thermal/R1_0068.png,0.1398116168935728,0.9991394147619392,0.2260638319601617,0.9991394147619392,9,19.85405111133699,49.31826553491692,0.8000242921630535,6.207654964334767,/content/STANDUP_RGB_P/R1_0068.png,0.57282096,0.568842,0.5680826,1.0,0.8080456297038818,0.04360602563448372,0.7864104807376862,0.6884438117563141,0.3058442983320734,3,2,2
R2_0001.png,/content/STANDUP_Database/diabetic/R2/RGB/R2_0001.png,R2,R2_P1,T0,3,train,/content/STANDUP_Database/diabetic/R2/thermal/R2_0001.png,0.1594241746703919,0.9999999999591836,0.2944483683799742,0.9999999999591836,5,22.415003146209163,94.17530829597112,0.8470303632864007,5.483924814951962,/content/STANDUP_RGB_P/R2_0001.png,0.5748016,0.57082736,0.5700687,0.8333333333333334,0.8627991329016097,0.788777565935904,0.704067478577296,0.7168132489115897,0.6794231414693863,3,3,3
R2_0002.png,/content/STANDUP_Database/diabetic/R2/RGB/R2_0002.png,R2,R2_P1,T10,3,train,/content/STANDUP_Database/diabetic/R2/thermal/R2_0002.png,0.1063019233134404,0.9984930680711904,0.2029549268960801,0.9984930680711904,5,16.584278720239126,39.05849615631245,0.8500663905135525,5.247035158359985,/content/STANDUP_RGB_P/R2_0002.png,0.6055572,0.6016711,0.6009289,0.9766666666666667,0.8531403716884144,0.8764021781408011,0.7911119349797566,0.7274057356755976,0.7386655403834194,3,3,3
R2_0003.png,/content/STANDUP_Database/diabetic/R2/RGB/R2_0003.png,R2,R2_P2,T0,3,train,/content/STANDUP_Database/diabetic/R2/thermal/R2_0003.png,0.1804610394773844,0.9999999999596774,0.3313266068650652,0.9999999999596774,6,22.71105434637064,108.18421684818286,0.8394310815110066,5.5474556477625,/content/STANDUP_RGB_P/R2_0003.png,0.68891686,0.68542546,0.6847575,0.9033333333333333,0.8910979761078708,0.7232000298196714,0.7961250976721446,0.7882617182232317,0.7039787504521331,3,3,3
R2_0004.png,/content/STANDUP_Database/diabetic/R2/RGB/R2_0004.png,R2,R2_P2,T10,3,train,/content/STANDUP_Database/diabetic/R2/thermal/R2_0004.png,0.1478659856934818,0.9999999999591836,0.2906085369510787,0.9999999999591836,7,23.348802781456712,92.56286034593928,0.8364651403831024,5.403669760848136,/content/STANDUP_RGB_P/R2_0004.png,0.5900596,0.58612525,0.585374,0.7966666666666666,0.833173294312678,0.7727285565560262,0.6933631225426992,0.7096492744718602,0.6790512771221598,3,3,3
R2_0005.png,/content/STANDUP_Database/diabetic/R2/RGB/R2_0005.png,R2,R2_P3,T0,3,train,/content/STANDUP_Database/diabetic/R2/thermal/R2_0005.png,0.1092590023187195,0.99970725991219,0.2466906618531963,0.99970725991219,4,18.617058480062507,68.70175368354028,0.8741460690802335,4.6614004787104975,/content/STANDUP_RGB_P/R2_0005.png,0.543202,0.53916913,0.53839976,0.9666666666666667,0.7864737050217477,0.6638557638390692,0.7549343248208364,0.6628214188656254,0.6011277598969058,3,3,3
R2_0006.png,/content/STANDUP_Database/diabetic/R2/RGB/R2_0006.png,R2,R2_P3,T10,3,train,/content/STANDUP_Database/diabetic/R2/thermal/R2_0006.png,0.1531433422429196,0.9994096811865651,0.2954165190954891,0.9994096811865651,6,19.424106526917274,98.18717969250876,0.8594107377076706,5.023757536285613,/content/STANDUP_RGB_P/R2_0006.png,0.58024603,0.5762851,0.575529,0.86,0.830005664532521,0.7304267767808554,0.7201230156421661,0.7031453941787971,0.652977878041154,3,3,3
R2_0007.png,/content/STANDUP_Database/diabetic/R2/RGB/R2_0007.png,R2,R2_P4,T0,3,train,/content/STANDUP_Database/diabetic/R2/thermal/R2_0007.png,0.1543749449515565,0.9964871193970994,0.2721211476606304,0.9964871193970994,9,20.725435931151612,78.10097693786584,0.8274316623311047,5.747412688600365,/content/STANDUP_RGB_P/R2_0007.png,0.6635562,0.6599207,0.6592255,0.9366666666666666,0.7901751401303553,0.6806035384041416,0.8001114424069722,0.7250479162871015,0.6699145309379869,3,3,3
R2_0008.png,/content/STANDUP_Database/diabetic/R2/RGB/R2_0008.png,R2,R2_P4,T10,3,train,/content/STANDUP_Database/diabetic/R2/thermal/R2_0008.png,0.1216328256313951,0.9967532467120586,0.2396399735877596,0.9967532467120586,8,19.01515882123414,63.844891095456354,0.8418282383593041,5.284129538842501,/content/STANDUP_RGB_P/R2_0008.png,0.55034924,0.54632676,0.5455593,0.9666666666666667,0.8886636286013917,0.7853638219647289,0.7585079511006674,0.7174951925393738,0.6654615545179785,3,3,3
R2_0009.png,/content/STANDUP_Database/diabetic/R2/RGB/R2_0009.png,R2,R2_P5,T0,3,train,/content/STANDUP_Database/diabetic/R2/thermal/R2_0009.png,0.1447822480141849,0.9985481997271204,0.2244624709033952,0.9985481997271204,2,17.983010296201112,34.17096412556378,0.8083143575966365,6.551481731880559,/content/STANDUP_RGB_P/R2_0009.png,0.53517866,0.53113616,0.53036505,0.9733333333333334,0.8659135802469136,0.8357351598173516,0.7542559973398845,0.6985248676876963,0.6830501048281856,3,3,3
R2_0010.png,/content/STANDUP_Database/diabetic/R2/RGB/R2_0010.png,R2,R2_P5,T10,3,train,/content/STANDUP_Database/diabetic/R2/thermal/R2_0010.png,0.0995792844542477,0.9991531882047944,0.191443952938228,0.9991531882047944,4,15.525903165380395,36.39662075592886,0.842970185026819,5.5120217464848,/content/STANDUP_RGB_P/R2_0010.png,0.5974828,0.59357053,0.59282345,0.8633333333333333,0.8166666666666667,0.8562834423279848,0.7304080669085184,0.705118598540624,0.7245534440624757,3,3,3
R2_0011.png,/content/STANDUP_Database/diabetic/R2/RGB/R2_0011.png,R2,R2_P6,T0,3,train,/content/STANDUP_Database/diabetic/R2/thermal/R2_0011.png,0.1141538668471626,0.9972511453153976,0.2197010604174711,0.9972511453153976,3,16.945936026550285,41.16139493914414,0.8535922310536871,5.466327599888106,/content/STANDUP_RGB_P/R2_0011.png,0.6239021,0.62008333,0.6193538,0.9766666666666667,0.83,0.799068493150685,0.8002843745549519,0.7250416660308838,0.7092111321802008,3,3,3
R2_0012.png,/content/STANDUP_Database/diabetic/R2/RGB/R2_0012.png,R2,R2_P6,T10,3,train,/content/STANDUP_Database/diabetic/R2/thermal/R2_0012.png,0.0812907727614314,0.9988338192012138,0.2136367622990373,0.9988338192012138,5,15.665677265594471,64.38561018578292,0.9065462339761868,4.2096301176755615,/content/STANDUP_RGB_P/R2_0012.png,0.6000473,0.5961432,0.5953976,0.9933333333333333,0.7064737050217478,0.6948851983570722,0.796690311829249,0.6513084455570622,0.6451413949739768,3,3,3
R2_0013.png,/content/STANDUP_Database/diabetic/R2/RGB/R2_0013.png,R2,R2_P7,T0,3,test,/content/STANDUP_Database/diabetic/R2/thermal/R2_0013.png,0.2519558018125714,0.9997096399129036,0.3233725674587078,0.9997096399129036,25,24.93680691799817,91.73722773863553,0.7715404628162081,7.105033134394432,/content/STANDUP_RGB_P/R2_0013.png,0.6751909,0.67161894,0.67093575,0.97,0.6436825833668415,0.35899381322164214,0.8225954627990723,0.6576507609064433,0.5149647816146358,3,2,3
R2_0014.png,/content/STANDUP_Database/diabetic/R2/RGB/R2_0014.png,R2,R2_P7,T10,3,test,/content/STANDUP_Database/diabetic/R2/thermal/R2_0014.png,0.2045077654755268,0.9999999999595142,0.272419754325833,0.9999999999595142,6,22.398238023344906,66.0783552210169,0.7642648344366204,7.172841457162916,/content/STANDUP_RGB_P/R2_0014.png,0.5944059,0.59048426,0.5897354,0.9833333333333333,0.7983828522012196,0.5685082038709625,0.7888696114222209,0.6944335568569879,0.5791217963133803,3,3,3
R2_0015.png,/content/STANDUP_Database/diabetic/R2/RGB/R2_0015.png,R2,R2_P8,T0,3,test,/content/STANDUP_Database/diabetic/R2/thermal/R2_0015.png,0.2001348236727285,0.996779859443926,0.2731467362536612,0.996779859443926,12,22.289017819004677,64.7674567584935,0.7753533436504194,7.103639188924052,/content/STANDUP_RGB_P/R2_0015.png,0.6447555,0.64102674,0.64031404,0.9933333333333333,0.6608435347323717,0.36192288220098817,0.8190444080034891,0.6509351350190788,0.5011184623845975,3,2,3
R2_0016.png,/content/STANDUP_Database/diabetic/R2/RGB/R2_0016.png,R2,R2_P8,T10,3,test,/content/STANDUP_Database/diabetic/R2/thermal/R2_0016.png,0.1552022973427251,0.9999999999595142,0.233992482845351,0.9999999999595142,9,19.77101965886247,47.010890454840585,0.797123122052397,6.702454685120978,/content/STANDUP_RGB_P/R2_0016.png,0.5711196,0.56713676,0.56637657,0.9766666666666667,0.34717967923553367,0.1762700847011003,0.7738931365807851,0.45715822188095045,0.37132332579400107,3,1,1
R2_0017.png,/content/STANDUP_Database/diabetic/R2/RGB/R2_0017.png,R2,R2_P9,T0,3,test,/content/STANDUP_Database/diabetic/R2/thermal/R2_0017.png,0.2429308371957097,0.9974489795516168,0.3066124555695725,0.9974489795516168,21,25.138830161361238,88.19298526586127,0.7589032142505029,7.358482004611739,/content/STANDUP_RGB_P/R2_0017.png,0.5415298,0.5374947,0.536725,0.9733333333333334,0.38009210217320416,0.3154945999199326,0.757431553999583,0.45879341060083856,0.42610979228288803,3,1,1
R2_0018.png,/content/STANDUP_Database/diabetic/R2/RGB/R2_0018.png,R2,R2_P9,T10,3,test,/content/STANDUP_Database/diabetic/R2/thermal/R2_0018.png,0.2185619850160393,0.9999999999593496,0.2757631734176421,0.9999999999593496,14,23.48270148807909,65.97930012812772,0.7464720217503946,7.522836804308249,/content/STANDUP_RGB_P/R2_0018.png,0.60781044,0.603932,0.6031912,0.9433333333333334,0.47,0.36611652033678715,0.7755718855063121,0.5369660115242004,0.4846538586276373,3,1,2
R2_0019.png,/content/STANDUP_Database/diabetic/R2/RGB/R2_0019.png,R2,R2_P10,T0,3,train,/content/STANDUP_Database/diabetic/R2/thermal/R2_0019.png,0.2143986793698339,0.9999999999497488,0.3571252954435382,0.9999999999497488,7,26.38864933649147,124.2077194106436,0.8228444026251956,5.937849263733823,/content/STANDUP_RGB_P/R2_0019.png,0.5738213,0.5698447,0.56908566,0.8566666666666667,0.8071113646716498,0.7972626100112034,0.7152439864476522,0.6884780437097262,0.6831741338038957,3,3,3
R2_0020.png,/content/STANDUP_Database/diabetic/R2/RGB/R2_0020.png,R2,R2_P10,T10,3,train,/content/STANDUP_Database/diabetic/R2/thermal/R2_0020.png,0.2011739194404773,0.9999999999591836,0.2672385386547176,0.9999999999591836,10,23.184306877292485,63.852978859710426,0.7585280707698117,7.253562099116354,/content/STANDUP_RGB_P/R2_0020.png,0.5696569,0.56567085,0.56491005,0.97,0.8289264365869702,0.7066830828044618,0.7698284542560577,0.6972986422398657,0.635796568505655,3,3,3
R2_0021.png,/content/STANDUP_Database/diabetic/R2/RGB/R2_0021.png,R2,R2_P11,T0,3,train,/content/STANDUP_Database/diabetic/R2/thermal/R2_0021.png,0.2053052663864152,0.9985481997271204,0.3085065930404271,0.9985481997271204,2,21.87061660251644,69.05997757847841,0.7884985612444053,6.598408051131771,/content/STANDUP_RGB_P/R2_0021.png,0.57492346,0.57094944,0.57019085,0.9833333333333333,0.789160882787919,0.6947731270662632,0.7791283945242564,0.6800551590109944,0.6324819869931383,3,3,3
R2_0022.png,/content/STANDUP_Database/diabetic/R2/RGB/R2_0022.png,R2,R2_P11,T10,3,train,/content/STANDUP_Database/diabetic/R2/thermal/R2_0022.png,0.1259081978340387,0.9999999999595142,0.2334479756818431,0.9999999999595142,4,16.388654233696887,41.04940743113678,0.8349333298482084,5.639409445329285,/content/STANDUP_RGB_P/R2_0022.png,0.6014404,0.5975408,0.59679604,0.9733333333333334,0.89,0.8756373600871922,0.7873868815104167,0.7437703979015351,0.7362166979268969,3,3,3
R2_0023.png,/content/STANDUP_Database/diabetic/R2/RGB/R2_0023.png,R2,R2_P12,T0,3,test,/content/STANDUP_Database/diabetic/R2/thermal/R2_0023.png,0.0978219531044549,0.9964871193970992,0.2137812564494746,0.9964871193970992,2,13.877426792258849,38.31878603459565,0.8764587074738481,4.826927867965179,/content/STANDUP_RGB_P/R2_0023.png,0.6034677,0.5995747,0.5988312,0.7933333333333333,0.5233333333333333,0.31666666666666665,0.698400518099467,0.5614540092150371,0.4577489217122396,3,2,2
R2_0024.png,/content/STANDUP_Database/diabetic/R2/RGB/R2_0024.png,R2,R2_P12,T10,3,test,/content/STANDUP_Database/diabetic/R2/thermal/R2_0024.png,0.0577456685666161,0.9999999999595142,0.1799384948135885,0.9999999999595142,1,10.495772897044876,47.109385009612176,0.924991406746096,3.6079428988410056,/content/STANDUP_RGB_P/R2_0024.png,0.51765716,0.51360065,0.5128272,0.6733333333333333,0.06666666666666667,0.0,0.5954952470461528,0.29013365705808003,0.25641360878944397,3,1,1
R2_0025.png,/content/STANDUP_Database/diabetic/R2/RGB/R2_0025.png,R2,R2_P13,T0,3,train,/content/STANDUP_Database/diabetic/R2/thermal/R2_0025.png,0.2102108530323265,0.9999999999586776,0.323573737074261,0.9999999999586776,8,28.665993303691128,113.83868513774247,0.7970952550407601,6.612203433921892,/content/STANDUP_RGB_P/R2_0025.png,0.5029494,0.49888906,0.49811503,0.95,0.8491695784377549,0.7556910629507679,0.7264747083187103,0.6740293186330544,0.6269030479310342,1,3,3
R2_0026.png,/content/STANDUP_Database/diabetic/R2/RGB/R2_0026.png,R2,R2_P13,T10,3,train,/content/STANDUP_Database/diabetic/R2/thermal/R2_0026.png,0.1619950959241355,0.99970725991219,0.2721685491143065,0.99970725991219,8,22.316129722715697,61.47381486227263,0.8111627404114976,6.287517752338926,/content/STANDUP_RGB_P/R2_0026.png,0.40986264,0.40594,0.4051936,0.97,0.8056277464009147,0.6811312285132771,0.6899313187599182,0.605783871321719,0.5431624127958002,0,3,3
R2_0027.png,/content/STANDUP_Database/diabetic/R2/RGB/R2_0027.png,R2,R2_P14,T0,3,train,/content/STANDUP_Database/diabetic/R2/thermal/R2_0027.png,0.2652438165620074,0.998221695275711,0.3543009271318586,0.998221695275711,11,30.44989392065277,104.30529308136694,0.7391998521363204,7.34626379544601,/content/STANDUP_RGB_P/R2_0027.png,0.58896995,0.5850325,0.58428067,0.9733333333333334,0.8206359878240891,0.7807556209039479,0.7811516396204631,0.7028342552512321,0.6825181452965632,3,3,3
R2_0028.png,/content/STANDUP_Database/diabetic/R2/RGB/R2_0028.png,R2,R2_P14,T10,3,train,/content/STANDUP_Database/diabetic/R2/thermal/R2_0028.png,0.2702263625430507,0.9999999999591836,0.3351214897713835,0.9999999999591836,7,30.364696017435545,97.82855541320482,0.7189942248417085,7.842217292978014,/content/STANDUP_RGB_P/R2_0028.png,0.6079411,0.60406315,0.6033224,0.8133333333333334,0.7666666666666667,0.721856770947856,0.710637212196986,0.6853649099667867,0.6625895788447471,3,3,3
R2_0029.png,/content/STANDUP_Database/diabetic/R2/RGB/R2_0029.png,R2,R2_P15,T0,3,train,/content/STANDUP_Database/diabetic/R2/thermal/R2_0029.png,0.1960625155813879,0.9999138895642852,0.2800259131394754,0.9999138895642852,7,22.94823349525796,56.025824791804936,0.7674911774892763,7.015929269098834,/content/STANDUP_RGB_P/R2_0029.png,0.48809922,0.48404196,0.4832688,0.9866666666666667,0.8672925150744109,0.7958182052602253,0.7373829420407614,0.6756672370608642,0.6395435013289195,0,3,3
R2_0030.png,/content/STANDUP_Database/diabetic/R2/RGB/R2_0030.png,R2,R2_P15,T10,3,train,/content/STANDUP_Database/diabetic/R2/thermal/R2_0030.png,0.127063943380888,0.9999999999586776,0.2233580069842001,0.9999999999586776,6,19.17575984305582,34.03699551569801,0.8077996521215558,6.094269570558672,/content/STANDUP_RGB_P/R2_0030.png,0.5561323,0.55211943,0.55135375,0.9933333333333333,0.964328282694316,0.93793213719276,0.7747328249613443,0.7582238582870842,0.7446429449029138,3,3,3
R2_0031.png,/content/STANDUP_Database/diabetic/R2/RGB/R2_0031.png,R2,R2_P16,T0,3,train,/content/STANDUP_Database/diabetic/R2/thermal/R2_0031.png,0.2181387722608201,0.9979166666250868,0.3510099854531513,0.9979166666250868,8,26.91268980504295,131.10722293402824,0.8104091163680884,6.200448957298388,/content/STANDUP_RGB_P/R2_0031.png,0.576008,0.5720366,0.5712785,0.9233333333333333,0.7426209795486474,0.6874609930967839,0.7496706775824229,0.6573288017517102,0.6293697527873293,3,3,3
R2_0032.png,/content/STANDUP_Database/diabetic/R2/RGB/R2_0032.png,R2,R2_P16,T10,3,train,/content/STANDUP_Database/diabetic/R2/thermal/R2_0032.png,0.2119379840219792,0.9967532467120586,0.3196491079664842,0.9967532467120586,13,25.66416912548369,102.8340006406221,0.7940131900394793,6.631055058369217,/content/STANDUP_RGB_P/R2_0032.png,0.47842166,0.47437024,0.47359836,1.0,0.7447504053010224,0.6631716544641493,0.7392108291387558,0.6095603232330917,0.5683850077397345,0,3,3
R2_0033.png,/content/STANDUP_Database/diabetic/R2/RGB/R2_0033.png,R2,R2_P17,T0,3,train,/content/STANDUP_Database/diabetic/R2/thermal/R2_0033.png,0.2771886852861788,0.9999999999579832,0.3761758598612845,0.9999999999579832,20,27.276365708660407,123.9495916079494,0.7730929666717735,7.003875033456985,/content/STANDUP_RGB_P/R2_0033.png,0.49117517,0.48711666,0.48634326,0.9733333333333334,0.772807181439838,0.7051069949486317,0.7322542540232341,0.629961923043947,0.5957251297642023,0,3,3
R2_0034.png,/content/STANDUP_Database/diabetic/R2/RGB/R2_0034.png,R2,R2_P17,T10,3,train,/content/STANDUP_Database/diabetic/R2/thermal/R2_0034.png,0.2443521345372282,0.9999999999591836,0.3407471973781577,0.9999999999591836,11,29.54020324970744,121.18557815503566,0.7820418644465439,6.982656601546172,/content/STANDUP_RGB_P/R2_0034.png,0.48762336,0.48356628,0.48279312,0.9866666666666667,0.8173417095918186,0.7029972103854898,0.7371450151999792,0.650453996885753,0.5928951664577367,0,3,3
R2_0035.png,/content/STANDUP_Database/diabetic/R2/RGB/R2_0035.png,R2,R2_P18,T0,3,train,/content/STANDUP_Database/diabetic/R2/thermal/R2_0035.png,0.199420478970616,0.9999999999595142,0.286287196259565,0.9999999999595142,8,25.329730580652974,83.39581998719437,0.7695897771332592,7.027549452938926,/content/STANDUP_RGB_P/R2_0035.png,0.5857469,0.5818004,0.58104694,0.9566666666666667,0.7460823308697911,0.7348832222660151,0.7712067755063374,0.663941366040288,0.6579650805810972,3,3,3
R2_0036.png,/content/STANDUP_Database/diabetic/R2/RGB/R2_0036.png,R2,R2_P18,T10,3,train,/content/STANDUP_Database/diabetic/R2/thermal/R2_0036.png,0.1569499990796312,0.9999999999593496,0.2371318446367473,0.9999999999593496,7,20.739291137065795,54.35117713004932,0.786369922441031,6.706220304486753,/content/STANDUP_RGB_P/R2_0036.png,0.59777033,0.593859,0.5931121,0.9633333333333334,0.7508270008928275,0.6965665959388363,0.7805518333117167,0.6723430088940608,0.644839353515225,3,3,3
R2_0037.png,/content/STANDUP_Database/diabetic/R2/RGB/R2_0037.png,R2,R2_P19,T0,3,train,/content/STANDUP_Database/diabetic/R2/thermal/R2_0037.png,0.2236715803438153,0.9991217798185372,0.311244245111526,0.9991217798185372,11,24.992138685996924,89.61693225497129,0.7719203478429245,7.005847089029673,/content/STANDUP_RGB_P/R2_0037.png,0.57357377,0.5695965,0.5688374,1.0,0.7729549497247864,0.7407548576263834,0.7867868840694427,0.6712757393658721,0.654796130938741,3,3,3
R2_0038.png,/content/STANDUP_Database/diabetic/R2/RGB/R2_0038.png,R2,R2_P19,T10,3,train,/content/STANDUP_Database/diabetic/R2/thermal/R2_0038.png,0.1714871591202282,0.996225319355554,0.2577027339760784,0.996225319355554,12,22.179212971318066,64.73918962204219,0.7754000632824192,6.640333422534749,/content/STANDUP_RGB_P/R2_0038.png,0.5949951,0.59107524,0.59032667,0.9733333333333334,0.838788131540477,0.6447710562512414,0.7841642073790233,0.7149316865530907,0.6175488615416058,3,3,3
R2_0039.png,/content/STANDUP_Database/diabetic/R2/RGB/R2_0039.png,R2,R2_P20,T0,3,train,/content/STANDUP_Database/diabetic/R2/thermal/R2_0039.png,0.2724502266165071,0.996818970462824,0.3338711412283259,0.996818970462824,19,24.66736220339735,114.43261531070488,0.7693355443801598,7.186195976016905,/content/STANDUP_RGB_P/R2_0039.png,0.6193721,0.6155358,0.61480284,0.98,0.7323482591666751,0.7368915670828035,0.7996860647201538,0.6739420274276522,0.6758472022273148,3,3,3
R2_0040.png,/content/STANDUP_Database/diabetic/R2/RGB/R2_0040.png,R2,R2_P20,T10,3,train,/content/STANDUP_Database/diabetic/R2/thermal/R2_0040.png,0.1662443461929433,0.9999999999593496,0.2433101580513003,0.9999999999593496,16,20.291067103311377,51.39802210122127,0.7810720829745624,6.622856112613083,/content/STANDUP_RGB_P/R2_0040.png,0.57891023,0.5749459,0.5741891,0.9666666666666667,0.7738388708811009,0.6562298480160816,0.7727884491284689,0.6743923987736804,0.6152094872538141,3,3,3
R2_0041.png,/content/STANDUP_Database/diabetic/R2/RGB/R2_0041.png,R2,R2_P21,T0,3,train,/content/STANDUP_Database/diabetic/R2/thermal/R2_0041.png,0.2310065902373008,0.9999999999591836,0.3119262751202206,0.9999999999591836,12,23.63201558327821,86.84549167201178,0.7771451040459815,6.995635974846013,/content/STANDUP_RGB_P/R2_0041.png,0.4495648,0.445549,0.44478434,1.0,0.9030042463387375,0.7833070427477704,0.724782407283783,0.6742766287846031,0.6140456929952078,0,3,3
R2_0042.png,/content/STANDUP_Database/diabetic/R2/RGB/R2_0042.png,R2,R2_P21,T10,3,train,/content/STANDUP_Database/diabetic/R2/thermal/R2_0042.png,0.2070109972495488,0.9999999999591836,0.2793883374501669,0.9999999999591836,14,23.05897342241113,72.43469730942259,0.7614469640280045,7.159366686349276,/content/STANDUP_RGB_P/R2_0042.png,0.48250434,0.4784501,0.47767758,0.99,0.8391765362652222,0.7667262534550762,0.7362521690130234,0.6588133129791458,0.6222019185747671,0,3,3
R2_0043.png,/content/STANDUP_Database/diabetic/R2/RGB/R2_0043.png,R2,R2_P22,T0,3,train,/content/STANDUP_Database/diabetic/R2/thermal/R2_0043.png,0.2341864626175323,0.999917375816743,0.3495761737891393,0.999917375816743,4,25.882553303244038,113.03755605381836,0.7799332773492479,6.625176170027648,/content/STANDUP_RGB_P/R2_0043.png,0.5898466,0.58591163,0.5851603,0.97,0.7006171421561015,0.7177670370622896,0.7799233055114746,0.6432643868701344,0.6514636760495316,3,3,3
R2_0044.png,/content/STANDUP_Database/diabetic/R2/RGB/R2_0044.png,R2,R2_P22,T10,3,train,/content/STANDUP_Database/diabetic/R2/thermal/R2_0044.png,0.2770245826209367,0.9999999999595142,0.3536906837063239,0.9999999999595142,12,27.680958673560024,103.02186098655334,0.7416672926219994,7.435590126552436,/content/STANDUP_RGB_P/R2_0044.png,0.6060316,0.6021471,0.6014052,0.9866666666666667,0.8967932282169223,0.8306387924870754,0.7963491316636404,0.7494701652864397,0.7160219979147566,3,3,3
R2_0045.png,/content/STANDUP_Database/diabetic/R2/RGB/R2_0045.png,R2,R2_P23,T0,3,train,/content/STANDUP_Database/diabetic/R2/thermal/R2_0045.png,0.217142484307798,0.9999999999590165,0.2992634337428548,0.9999999999590165,11,23.452192767905075,90.79376201153669,0.7752298045776735,6.916776743055118,/content/STANDUP_RGB_P/R2_0045.png,0.56739026,0.56339926,0.56263757,0.9966666666666667,0.8861736622332819,0.7602560201627259,0.7820284648736318,0.7247864587545041,0.6614467938414337,3,3,3
R2_0046.png,/content/STANDUP_Database/diabetic/R2/RGB/R2_0046.png,R2,R2_P23,T10,3,train,/content/STANDUP_Database/diabetic/R2/thermal/R2_0046.png,0.1150501604567189,0.9981257808838748,0.2309746648789735,0.9981257808838748,7,18.87182609474126,62.561058616276206,0.8452370824675549,5.3147230355773125,/content/STANDUP_RGB_P/R2_0046.png,0.5238719,0.51981926,0.5190464,0.9966666666666667,0.8351373336231395,0.8369931965765705,0.7602692826588948,0.677478296633347,0.6780198111979837,3,3,3
R2_0047.png,/content/STANDUP_Database/diabetic/R2/RGB/R2_0047.png,R2,R2_P24,T0,3,train,/content/STANDUP_Database/diabetic/R2/thermal/R2_0047.png,0.204514715210339,0.9991566874270884,0.3524865671553113,0.9991566874270884,13,29.4803697018476,191.90851217170345,0.8279868187271339,5.653419410347993,/content/STANDUP_RGB_P/R2_0047.png,0.5201298,0.5160747,0.51530147,0.82,0.7020420127015143,0.6664021781408013,0.6700648999214172,0.6090583648731723,0.5908518220644803,3,3,3
R2_0048.png,/content/STANDUP_Database/diabetic/R2/RGB/R2_0048.png,R2,R2_P24,T10,3,train,/content/STANDUP_Database/diabetic/R2/thermal/R2_0048.png,0.1242102676505633,0.997282608641452,0.249914533445395,0.997282608641452,8,21.48283922418685,87.6696828955852,0.8429917686014878,5.178799102959395,/content/STANDUP_RGB_P/R2_0048.png,0.5020458,0.4979854,0.49721137,0.8733333333333333,0.7475376093907218,0.7395059766470353,0.6876895717779795,0.622761501099818,0.6183586717694481,1,3,3
R2_0049.png,/content/STANDUP_Database/diabetic/R2/RGB/R2_0049.png,R2,R2_P25,T0,3,train,/content/STANDUP_Database/diabetic/R2/thermal/R2_0049.png,0.0760736269109571,0.9999999999591836,0.1604198528806029,0.9999999999591836,10,14.520806046081043,21.59649263292892,0.8534392161206871,5.316028703914569,/content/STANDUP_RGB_P/R2_0049.png,0.6028913,0.5989964,0.5982525,0.8966666666666666,0.8461901972271041,0.809797619047619,0.7497789963086445,0.7225932990301169,0.7040250471546536,3,3,3
R2_0050.png,/content/STANDUP_Database/diabetic/R2/RGB/R2_0050.png,R2,R2_P25,T10,3,train,/content/STANDUP_Database/diabetic/R2/thermal/R2_0050.png,0.0137608928177371,0.9990996398139634,0.1051306716377304,0.9990996398139634,1,4.489505674540596,19.60241832158941,0.9836484470805504,2.3346549778696906,/content/STANDUP_RGB_P/R2_0050.png,0.5846419,0.58069247,0.5799385,0.87,0.7466666666666667,0.6866666666666666,0.7273209369182587,0.6636795683701833,0.6333025689919789,3,3,3
R2_0051.png,/content/STANDUP_Database/diabetic/R2/RGB/R2_0051.png,R2,R2_P26,T0,3,train,/content/STANDUP_Database/diabetic/R2/thermal/R2_0051.png,0.1783225105377637,0.9991071428155134,0.2654016349895904,0.9991071428155134,5,22.894228643330315,53.47373478539831,0.7836892294480061,6.821473257832387,/content/STANDUP_RGB_P/R2_0051.png,0.49741715,0.4933571,0.49258325,0.99,0.9305490928211225,0.6784663874091217,0.743708575963974,0.7119530924816138,0.585524816224054,0,3,3
R2_0052.png,/content/STANDUP_Database/diabetic/R2/RGB/R2_0052.png,R2,R2_P26,T10,3,train,/content/STANDUP_Database/diabetic/R2/thermal/R2_0052.png,0.1309805277011156,0.9999999999596774,0.225434993534688,0.9999999999596774,9,19.27504543630995,41.07311018578146,0.8093645743404224,6.110333464581181,/content/STANDUP_RGB_P/R2_0052.png,0.57712406,0.57315534,0.57239777,1.0,0.940147884538674,0.8709072730705593,0.7885620296001434,0.7566516140356181,0.7216525207840132,3,3,3
R2_0053.png,/content/STANDUP_Database/diabetic/R2/RGB/R2_0053.png,R2,R2_P27,T0,3,train,/content/STANDUP_Database/diabetic/R2/thermal/R2_0053.png,0.1263438295290732,0.9999999999593496,0.2167327723746408,0.9999999999593496,10,20.65124391006412,47.75248238309218,0.7892842347019065,6.301475710181607,/content/STANDUP_RGB_P/R2_0053.png,0.5029894,0.498929,0.49815497,0.99,0.7695260405945082,0.699308436822927,0.7464947056770325,0.6342275172674308,0.5987317024231136,1,3,3
R2_0054.png,/content/STANDUP_Database/diabetic/R2/RGB/R2_0054.png,R2,R2_P27,T10,3,train,/content/STANDUP_Database/diabetic/R2/thermal/R2_0054.png,0.1362198878893282,0.9961943793502732,0.2438850000935948,0.9961943793502732,10,20.402766251610736,66.94690903267647,0.8177073842681748,5.865752865440793,/content/STANDUP_RGB_P/R2_0054.png,0.48936456,0.4853067,0.4845335,0.9133333333333333,0.7549596998853123,0.6458359409191885,0.701348948876063,0.6201332049450594,0.5651847148348231,0,3,3
R2_0055.png,/content/STANDUP_Database/diabetic/R2/RGB/R2_0055.png,R2,R2_P28,T0,3,test,/content/STANDUP_Database/diabetic/R2/thermal/R2_0055.png,0.2033072249032376,0.996278019363652,0.3027601080286551,0.996278019363652,7,22.445838370200143,79.30241031390689,0.8020483222264378,6.516917943478146,/content/STANDUP_RGB_P/R2_0055.png,0.3318702,0.32827878,0.32759643,0.9866666666666667,0.3146026084993048,0.2320586110475069,0.6592684324582418,0.32144069424141264,0.2798275185288194,0,1,1
R2_0056.png,/content/STANDUP_Database/diabetic/R2/RGB/R2_0056.png,R2,R2_P28,T10,3,test,/content/STANDUP_Database/diabetic/R2/thermal/R2_0056.png,0.2145068245469267,0.9999999999596774,0.283379941118986,0.9999999999596774,28,23.539940456579146,73.95015214606572,0.7553431449427022,7.164128496990519,/content/STANDUP_RGB_P/R2_0056.png,0.58398306,0.5800318,0.57927746,0.96,0.4737584573219214,0.41805115853023894,0.7719915318489075,0.5268951347564654,0.49866430716848553,3,1,2
R2_0057.png,/content/STANDUP_Database/diabetic/R2/RGB/R2_0057.png,R2,R2_P29,T0,3,train,/content/STANDUP_Database/diabetic/R2/thermal/R2_0057.png,0.1236108551831555,0.9999999999588476,0.219739978790931,0.9999999999588476,8,17.001635367522255,54.793041319670536,0.8373447584611943,5.644265979264678,/content/STANDUP_RGB_P/R2_0057.png,0.46004298,0.45601115,0.45524326,1.0,0.8581043061222795,0.7295681148958114,0.7300214916467667,0.6570577262146355,0.5924056872820809,0,3,3
R2_0058.png,/content/STANDUP_Database/diabetic/R2/RGB/R2_0058.png,R2,R2_P29,T10,3,train,/content/STANDUP_Database/diabetic/R2/thermal/R2_0058.png,0.0769260351922937,0.9999999999595142,0.2064613829884736,0.9999999999595142,3,14.258902069487585,65.5597373478582,0.9030817026679124,4.05900736479294,/content/STANDUP_RGB_P/R2_0058.png,0.514916,0.51085824,0.51008457,0.9766666666666667,0.7059135802469135,0.6179144584715686,0.7457913347085317,0.6083859089951456,0.5639995139628808,3,3,3
R2_0059.png,/content/STANDUP_Database/diabetic/R2/RGB/R2_0059.png,R2,R2_P30,T0,3,train,/content/STANDUP_Database/diabetic/R2/thermal/R2_0059.png,0.1326833503207217,0.9981748796674044,0.2173365548828598,0.9981748796674044,19,18.96656425851546,37.20435618193749,0.7997518295294567,6.226500601074333,/content/STANDUP_RGB_P/R2_0059.png,0.50146157,0.49740112,0.49662718,0.97,0.9180456297038817,0.8690507179192503,0.7357307827472687,0.7077233739911926,0.6828389498438339,1,3,3
R2_0060.png,/content/STANDUP_Database/diabetic/R2/RGB/R2_0060.png,R2,R2_P30,T10,3,train,/content/STANDUP_Database/diabetic/R2/thermal/R2_0060.png,0.0942945755408882,0.9999999999593496,0.2227483494650305,0.9999999999593496,8,15.714140775904164,57.89097533632668,0.8781560109481404,4.5581799578344055,/content/STANDUP_RGB_P/R2_0060.png,0.52934384,0.52529556,0.5245235,0.97,0.6264737050217477,0.6146371494464108,0.7496719217300415,0.5758846303066655,0.5695803230371093,3,3,3
R2_0061.png,/content/STANDUP_Database/diabetic/R2/RGB/R2_0061.png,R2,R2_P31,T0,3,train,/content/STANDUP_Database/diabetic/R2/thermal/R2_0061.png,0.2716041574362864,0.997658079584405,0.325502340723624,0.997658079584405,10,28.21774453502112,96.27410313901989,0.7414467475914567,7.82792146418622,/content/STANDUP_RGB_P/R2_0061.png,0.6047457,0.60085696,0.6001142,0.9966666666666667,0.8405918399362882,0.8266345361081749,0.8007061763604482,0.7207243998780409,0.7133743812247113,3,3,3
R2_0062.png,/content/STANDUP_Database/diabetic/R2/RGB/R2_0062.png,R2,R2_P31,T10,3,train,/content/STANDUP_Database/diabetic/R2/thermal/R2_0062.png,0.2154444709386857,0.999375260267414,0.2817988540882216,0.999375260267414,6,24.506992895776524,62.97986066624443,0.7547864585392177,7.421927190437779,/content/STANDUP_RGB_P/R2_0062.png,0.6841138,0.68059343,0.67992,0.9966666666666667,0.8033333333333333,0.6895823881874448,0.8403902335961659,0.7419633821646372,0.6847512029533568,3,3,3
R2_0063.png,/content/STANDUP_Database/diabetic/R2/RGB/R2_0063.png,R2,R2_P32,T0,3,train,/content/STANDUP_Database/diabetic/R2/thermal/R2_0063.png,0.2519216647949025,0.9999999999596774,0.3623474917270567,0.9999999999596774,8,25.109526433925623,123.7702994875164,0.8045900976105438,6.569612562658575,/content/STANDUP_RGB_P/R2_0063.png,0.44076714,0.43676764,0.43600613,0.99,0.8054996240192577,0.7443025502996854,0.7153835695981979,0.6211336308744513,0.5901543395438399,0,3,3
R2_0064.png,/content/STANDUP_Database/diabetic/R2/RGB/R2_0064.png,R2,R2_P32,T10,3,train,/content/STANDUP_Database/diabetic/R2/thermal/R2_0064.png,0.2730756274529142,0.9985540774610184,0.3510869597048353,0.9985540774610184,4,29.63877102920957,141.4695307495305,0.7666269257496855,7.411406212071748,/content/STANDUP_RGB_P/R2_0064.png,0.33210987,0.32851714,0.32783455,0.8566666666666667,0.7496515281348186,0.7315907639882594,0.5943882675965627,0.539084333546398,0.5297126552771345,0,3,3
R2_0065.png,/content/STANDUP_Database/diabetic/R2/RGB/R2_0065.png,R2,R2_P33,T0,3,train,/content/STANDUP_Database/diabetic/R2/thermal/R2_0065.png,0.2164279686235112,0.99970725991219,0.3155925184457808,0.99970725991219,6,26.3216751787937,107.17436739270502,0.7802713617760607,6.752332060956561,/content/STANDUP_RGB_P/R2_0065.png,0.5908965,0.58696455,0.58621377,0.99,0.7543693614682121,0.7183545410968109,0.7904482436180115,0.6706669545511684,0.6522841543126724,3,3,3
R2_0066.png,/content/STANDUP_Database/diabetic/R2/RGB/R2_0066.png,R2,R2_P33,T10,3,train,/content/STANDUP_Database/diabetic/R2/thermal/R2_0066.png,0.1830314807256557,0.9958506223653174,0.2700750089933647,0.9958506223653174,10,21.73366226710621,67.0812379884737,0.7916683054922427,6.65500383707402,/content/STANDUP_RGB_P/R2_0066.png,0.50274307,0.49868265,0.49790868,0.9666666666666667,0.8696172549019608,0.6780570034160143,0.7347048660119375,0.6841499514227287,0.5879828425235513,1,3,3
R2_0067.png,/content/STANDUP_Database/diabetic/R2/RGB/R2_0067.png,R2,R2_P34,T0,3,test,/content/STANDUP_Database/diabetic/R2/thermal/R2_0067.png,0.2521414038329947,0.9977691481046924,0.3463523107763845,0.9977691481046924,14,27.956064047015044,128.35814381808007,0.763811532548099,7.110066527044644,/content/STANDUP_RGB_P/R2_0067.png,0.4447063,0.4406992,0.43993622,0.84,0.4323742939700613,0.32625090151086034,0.6423531454801559,0.4365367419357066,0.38309356107838244,0,1,1
R2_0068.png,/content/STANDUP_Database/diabetic/R2/RGB/R2_0068.png,R2,R2_P34,T10,3,test,/content/STANDUP_Database/diabetic/R2/thermal/R2_0068.png,0.2237813136876596,0.9999999999590165,0.3301125070560209,0.9999999999590165,14,23.341225478061872,110.50636611147472,0.8049123843502931,6.440599562918377,/content/STANDUP_RGB_P/R2_0068.png,0.590788,0.5868557,0.58610487,0.98,0.7367817610174874,0.27482824601300315,0.7853940033912659,0.6618187352851261,0.4304665579277662,3,2,2
R2_0069.png,/content/STANDUP_Database/diabetic/R2/RGB/R2_0069.png,R2,R2_P35,T0,3,train,/content/STANDUP_Database/diabetic/R2/thermal/R2_0069.png,0.166034407394215,0.9999999999593496,0.2636887451642841,0.9999999999593496,6,24.871241854855835,77.46804932735968,0.7975919856176601,6.387013572774824,/content/STANDUP_RGB_P/R2_0069.png,0.4688347,0.46479216,0.4640221,0.9566666666666667,0.6854722750414463,0.6364186749526406,0.7127506824334462,0.5751322186106966,0.5502203874622059,0,3,3
R2_0070.png,/content/STANDUP_Database/diabetic/R2/RGB/R2_0070.png,R2,R2_P35,T10,3,train,/content/STANDUP_Database/diabetic/R2/thermal/R2_0070.png,0.1220548985166013,0.9985599077938369,0.2389375407417631,0.9985599077938369,4,18.8719391234464,59.146820948114765,0.8491746778882443,5.38550489504585,/content/STANDUP_RGB_P/R2_0070.png,0.37708324,0.37327588,0.3725519,1.0,0.9433333333333334,0.8848212455243686,0.6885416209697723,0.6583046046892802,0.6286865668759156,0,3,3
R2_0071.png,/content/STANDUP_Database/diabetic/R2/RGB/R2_0071.png,R2,R2_P36,T0,3,train,/content/STANDUP_Database/diabetic/R2/thermal/R2_0071.png,0.1944820995069835,0.9981025467626016,0.2820250907327321,0.9981025467626016,15,23.77930066908549,70.23026105061363,0.7748603721658179,6.73279658485877,/content/STANDUP_RGB_P/R2_0071.png,0.49626842,0.49220854,0.49143472,1.0,0.779447527806312,0.6479665260497223,0.7481342107057571,0.6358280341229589,0.5697006245942657,0,3,3
R2_0072.png,/content/STANDUP_Database/diabetic/R2/RGB/R2_0072.png,R2,R2_P36,T10,3,train,/content/STANDUP_Database/diabetic/R2/thermal/R2_0072.png,0.2378629282171272,0.9999999999595142,0.3141740530642221,0.9999999999595142,13,26.560954150527067,92.00128122998638,0.7579199139281382,7.327626064488928,/content/STANDUP_RGB_P/R2_0072.png,0.6207718,0.6169409,0.616209,0.99,0.7476984055168566,0.6914311501197364,0.805385912656784,0.6823196605507105,0.6538200603332294,3,3,3
R2_0073.png,/content/STANDUP_Database/diabetic/R2/RGB/R2_0073.png,R2,R2_P37,T0,3,train,/content/STANDUP_Database/diabetic/R2/thermal/R2_0073.png,0.1898747276855575,0.995967741895324,0.2886247333147175,0.995967741895324,19,24.311804044011566,88.4824631646447,0.785562793073292,6.468231447660177,/content/STANDUP_RGB_P/R2_0073.png,0.5550472,0.5510325,0.55026644,0.9866666666666667,0.7430373314841303,0.6725100816165511,0.7708569403489431,0.6470349075309293,0.6113882631498131,3,3,3
R2_0074.png,/content/STANDUP_Database/diabetic/R2/RGB/R2_0074.png,R2,R2_P37,T10,3,train,/content/STANDUP_Database/diabetic/R2/thermal/R2_0074.png,0.2028007188389571,0.9999999999595142,0.2971981873379699,0.9999999999595142,20,25.344728090195677,99.24943946188957,0.7886370863628047,6.5830544258809685,/content/STANDUP_RGB_P/R2_0074.png,0.50600946,0.5019493,0.50117534,0.9733333333333334,0.7006470185230921,0.6678725875426411,0.7396713964144389,0.6012981644129132,0.5845239657664836,3,3,3
R2_0075.png,/content/STANDUP_Database/diabetic/R2/RGB/R2_0075.png,R2,R2_P38,T0,3,train,/content/STANDUP_Database/diabetic/R2/thermal/R2_0075.png,0.2643679083292055,0.9985599077938369,0.335998002104437,0.9985599077938369,9,25.74872040197908,113.1504644458744,0.7482677689391658,7.445975874494679,/content/STANDUP_RGB_P/R2_0075.png,0.53908277,0.53504467,0.5342744,0.9633333333333334,0.7865057424290973,0.7240299655658992,0.7512080494562785,0.6607752062670389,0.6291521824232236,3,3,3
R2_0076.png,/content/STANDUP_Database/diabetic/R2/RGB/R2_0076.png,R2,R2_P38,T10,3,train,/content/STANDUP_Database/diabetic/R2/thermal/R2_0076.png,0.193705738211209,0.9999999999595142,0.2961339478357443,0.9999999999595142,9,21.75397453052885,117.04880685458622,0.8019289226514882,6.25976334317506,/content/STANDUP_RGB_P/R2_0076.png,0.5105988,0.5065395,0.5057657,0.8866666666666667,0.7450392436223953,0.6369376473791923,0.6986327226956686,0.6257893836119637,0.5713516619388027,3,3,3
R2_0077.png,/content/STANDUP_Database/diabetic/R2/RGB/R2_0077.png,R2,R2_P39,T0,3,test,/content/STANDUP_Database/diabetic/R2/thermal/R2_0077.png,0.1985090844176059,0.9959349593091082,0.344563408249831,0.9959349593091082,8,23.902374047738427,107.70191383729156,0.8214539589696105,5.823088246308144,/content/STANDUP_RGB_P/R2_0077.png,0.59633666,0.5924209,0.59167314,0.7666666666666667,0.4046887159533074,0.11,0.6815016647179921,0.4985547959897305,0.35083656787872314,3,1,1
R2_0078.png,/content/STANDUP_Database/diabetic/R2/RGB/R2_0078.png,R2,R2_P39,T10,3,test,/content/STANDUP_Database/diabetic/R2/thermal/R2_0078.png,0.2455717755947416,0.9999999999591836,0.3514387344310417,0.9999999999591836,6,26.49218903551852,103.98662716208074,0.7634477659229576,6.862594170961454,/content/STANDUP_RGB_P/R2_0078.png,0.5435133,0.53948087,0.5387116,0.95,0.43846876272678836,0.3077147545716823,0.746756649017334,0.4889748138642334,0.4232131810139448,3,1,1
R2_0079.png,/content/STANDUP_Database/diabetic/R2/RGB/R2_0079.png,R2,R2_P40,T0,3,train,/content/STANDUP_Database/diabetic/R2/thermal/R2_0079.png,0.2221554845719212,0.9999999999591836,0.2997182564267477,0.9999999999591836,12,22.692133553787368,75.45671844971633,0.7714513069929028,7.125517822783236,/content/STANDUP_RGB_P/R2_0079.png,0.5762629,0.5722921,0.5715341,0.9966666666666667,0.84863126615514,0.815500094558893,0.7864647789796193,0.7104616778087101,0.6935170958767823,3,3,3
R2_0080.png,/content/STANDUP_Database/diabetic/R2/RGB/R2_0080.png,R2,R2_P40,T10,3,train,/content/STANDUP_Database/diabetic/R2/thermal/R2_0080.png,0.1376757342150591,0.9981822688185482,0.2680593236707083,0.9981822688185482,9,20.476547083620527,88.12800288277234,0.8496906166122958,5.311115851324103,/content/STANDUP_RGB_P/R2_0080.png,0.379566,0.37574872,0.3750228,0.9366666666666666,0.8239394515859847,0.7773966819869839,0.6581163402398427,0.5998440876656654,0.5762097403818052,0,3,3
R2_0081.png,/content/STANDUP_Database/diabetic/R2/RGB/R2_0081.png,R2,R2_P41,T0,3,test,/content/STANDUP_Database/diabetic/R2/thermal/R2_0081.png,0.1849525545883324,0.9999999999547512,0.3359521643532039,0.9999999999547512,9,23.120456025636237,117.69786995516633,0.8405436807116984,5.490577056432903,/content/STANDUP_RGB_P/R2_0081.png,0.6501483,0.64644504,0.6457371,0.85,0.8144313094412041,0.5046406556591579,0.7500741362571717,0.7304381726878262,0.5751888836138044,3,3,3
R2_0082.png,/content/STANDUP_Database/diabetic/R2/RGB/R2_0082.png,R2,R2_P41,T10,3,test,/content/STANDUP_Database/diabetic/R2/thermal/R2_0082.png,0.188642055120054,0.996225319355554,0.2802974968755334,0.996225319355554,5,23.16027190279159,71.9822229340229,0.7932151484764155,6.8371589158580965,/content/STANDUP_RGB_P/R2_0082.png,0.66637444,0.6627539,0.6620616,0.97,0.4372920838296617,0.3030428336997619,0.8181872224807739,0.550022981926809,0.48255220288732603,3,1,2
R2_0083.png,/content/STANDUP_Database/diabetic/R2/RGB/R2_0083.png,R2,R2_P42,T0,3,train,/content/STANDUP_Database/diabetic/R2/thermal/R2_0083.png,0.1458633324092178,0.9970428987514744,0.2674587441139018,0.9970428987514744,7,19.797813636025083,89.29520339526445,0.8500571006925692,5.317291006428944,/content/STANDUP_RGB_P/R2_0083.png,0.60433763,0.60044754,0.5997045,0.9266666666666666,0.8887662095921318,0.8014287746227473,0.7655021496613821,0.7446068725534817,0.7005666393179044,3,3,3
R2_0084.png,/content/STANDUP_Database/diabetic/R2/RGB/R2_0084.png,R2,R2_P42,T10,3,train,/content/STANDUP_Database/diabetic/R2/thermal/R2_0084.png,0.0749921325748291,0.9986199397382632,0.2132449480112741,0.9986199397382632,1,15.633449619667838,89.54344170404174,0.9069518028668052,3.898589071628877,/content/STANDUP_RGB_P/R2_0084.png,0.5322445,0.52819896,0.5274274,0.8466666666666667,0.75,0.668920628311458,0.689455585082372,0.6390994787216187,0.5981740018140389,3,3,3
H_0001.png,/content/STANDUP_Database/healthy/RGB/H_0001.png,healthy,H_P1,single,0,train,/content/STANDUP_Database/healthy/thermal/H_0001.png,0.1984692143195089,0.9952699409051116,0.3386435193950257,0.9952699409051116,2,25.71198741163289,176.577474375415,0.8011000204539767,5.904653790577526,/content/STANDUP_RGB_P/H_0001.png,0.24788445,0.24486881,0.24429677,0.08333333333333333,0.05333333333333334,0.01,0.1656088928381602,0.14910107413927715,0.12714838713407517,0,0,0
H_0002.png,/content/STANDUP_Database/healthy/RGB/H_0002.png,healthy,H_P2,single,0,train,/content/STANDUP_Database/healthy/thermal/H_0002.png,0.1804780387127225,0.9999999999574468,0.3136475605178279,0.9999999999574468,4,24.13422635684505,162.9680893658054,0.8100696811339294,5.837680282062868,/content/STANDUP_RGB_P/H_0002.png,0.32479697,0.32124528,0.32057056,0.04,0.006371124031007752,0.023333333333333334,0.18239848732948302,0.16380820345971012,0.17195194582144419,0,0,0
H_0003.png,/content/STANDUP_Database/healthy/RGB/H_0003.png,healthy,H_P3,single,0,train,/content/STANDUP_Database/healthy/thermal/H_0003.png,0.1354292308581027,0.9999999999574468,0.2666338575085129,0.9999999999574468,2,19.340459929770603,100.02702594491323,0.8415388679631384,5.210543674304568,/content/STANDUP_RGB_P/H_0003.png,0.26998252,0.26679337,0.26618817,0.08666666666666667,0.09333333333333334,0.06629521362376828,0.17832459171613058,0.18006335179011027,0.16624169405496428,0,0,0
H_0004.png,/content/STANDUP_Database/healthy/RGB/H_0004.png,healthy,H_P4,single,0,train,/content/STANDUP_Database/healthy/thermal/H_0004.png,0.1189899484283128,0.9999999999574468,0.2464567075184086,0.9999999999574468,2,19.218437740063447,117.46472613710093,0.8634625965996519,4.941606323827207,/content/STANDUP_RGB_P/H_0004.png,0.42121723,0.41726273,0.41651013,0.07666666666666666,0.08,0.03050613362692709,0.24894194980462392,0.24863136649131776,0.22350813428115307,0,0,0
H_0005.png,/content/STANDUP_Database/healthy/RGB/H_0005.png,healthy,H_P5,single,0,train,/content/STANDUP_Database/healthy/thermal/H_0005.png,0.2500887424636353,0.9999999999574468,0.3594502834213268,0.9999999999574468,7,32.0079763710761,204.26040999361237,0.7544033167566707,6.84355190976761,/content/STANDUP_RGB_P/H_0005.png,0.3021388,0.29872528,0.2980771,0.13666666666666666,0.025375346034847743,0.01,0.21940273602803548,0.1620503116101439,0.15403855323791504,0,0,0
H_0006.png,/content/STANDUP_Database/healthy/RGB/H_0006.png,healthy,H_P6,single,0,test,/content/STANDUP_Database/healthy/thermal/H_0006.png,0.1859598262230452,0.9999999999574468,0.3204552770064672,0.9999999999574468,5,24.73217862299433,159.68661915439895,0.8072311499928395,5.859463460051907,/content/STANDUP_RGB_P/H_0006.png,0.3828792,0.37904888,0.37832043,0.10333333333333333,0.02637112403100775,0.02,0.2431062654654185,0.20271000397297764,0.19916021287441255,0,0,0
H_0007.png,/content/STANDUP_Database/healthy/RGB/H_0007.png,healthy,H_P7,single,0,train,/content/STANDUP_Database/healthy/thermal/H_0007.png,0.194572648342474,0.9999999999574468,0.3192315507994039,0.9999999999574468,2,25.36456473446049,168.35818385651535,0.792609690244119,6.07368214528814,/content/STANDUP_RGB_P/H_0007.png,0.28295955,0.27967584,0.27905256,0.03666666666666667,0.0033333333333333335,0.012648539778449144,0.15981310864289602,0.14150458733240764,0.1458505476697574,0,0,0
H_0008.png,/content/STANDUP_Database/healthy/RGB/H_0008.png,healthy,H_P8,single,0,train,/content/STANDUP_Database/healthy/thermal/H_0008.png,0.1791807748491026,0.9999999999574468,0.3219394423959069,0.9999999999574468,8,25.07094854369437,160.64185618194676,0.8117038268030372,5.617440351027782,/content/STANDUP_RGB_P/H_0008.png,0.2627018,0.25956813,0.2589735,0.08333333333333333,0.04303779069767442,0.023333333333333334,0.17301757136980692,0.1513029578536056,0.14115342120329538,0,0,0
H_0009.png,/content/STANDUP_Database/healthy/RGB/H_0009.png,healthy,H_P9,single,0,train,/content/STANDUP_Database/healthy/thermal/H_0009.png,0.1954220360267593,0.9999999999574468,0.3250698013237082,0.9999999999574468,6,27.351618341534486,183.84112748240088,0.7974289629816195,6.105693752678149,/content/STANDUP_RGB_P/H_0009.png,0.1643184,0.16210024,0.16168018,0.03666666666666667,0.013333333333333334,0.01,0.10049253215392431,0.08771678696076075,0.08584008842706681,0,0,0
H_0010.png,/content/STANDUP_Database/healthy/RGB/H_0010.png,healthy,H_P10,single,0,train,/content/STANDUP_Database/healthy/thermal/H_0010.png,0.1653232529551331,0.9999999999574468,0.2881853858213467,0.9999999999574468,3,20.31797160230338,104.5843209481172,0.8253844923936803,5.759988346006012,/content/STANDUP_RGB_P/H_0010.png,0.3925768,0.38871065,0.38797522,0.20333333333333334,0.16891232953923999,0.0504798761133267,0.29795507351557415,0.2788114886803332,0.21922754601259598,0,0,0
H_0011.png,/content/STANDUP_Database/healthy/RGB/H_0011.png,healthy,H_P11,single,0,train,/content/STANDUP_Database/healthy/thermal/H_0011.png,0.211941797234318,0.9999999999574468,0.3517658824666174,0.9999999999574468,8,27.941619088426403,192.05237027547912,0.7947969968750551,6.030641877897938,/content/STANDUP_RGB_P/H_0011.png,0.16821975,0.1659594,0.16553131,0.16666666666666666,0.08048589025253482,0.06,0.1674432059129079,0.12322264658567522,0.11276565372943878,0,0,0
H_0012.png,/content/STANDUP_Database/healthy/RGB/H_0012.png,healthy,H_P12,single,0,train,/content/STANDUP_Database/healthy/thermal/H_0012.png,0.0907159474688435,0.9999999999574468,0.2379223130724184,0.9999999999574468,2,15.094564374202232,97.94106342089115,0.8984061385853835,4.06993831774923,/content/STANDUP_RGB_P/H_0012.png,0.26072365,0.25760528,0.25701362,0.07333333333333333,0.03666666666666667,0.04292025739275077,0.1670284918944041,0.14713597555955252,0.14996693816941312,0,0,0
H_0013.png,/content/STANDUP_Database/healthy/RGB/H_0013.png,healthy,H_P13,single,0,test,/content/STANDUP_Database/healthy/thermal/H_0013.png,0.1584826708704253,0.9999999999574468,0.3115639176085853,0.9999999999574468,4,21.803007798065547,142.2034352978978,0.831479846667242,5.236157438643685,/content/STANDUP_RGB_P/H_0013.png,0.3584689,0.35474247,0.35403407,0.21,0.12232686988113571,0.14391716211058275,0.28423444509506224,0.2385346686422738,0.24897561415541955,0,0,0
H_0014.png,/content/STANDUP_Database/healthy/RGB/H_0014.png,healthy,H_P14,single,0,train,/content/STANDUP_Database/healthy/thermal/H_0014.png,0.1410759841483146,0.9999999999574468,0.2712029310615677,0.9999999999574468,2,21.229184859022187,125.07895579757354,0.8269101748621155,5.350604080889865,/content/STANDUP_RGB_P/H_0014.png,0.23333137,0.23043849,0.22988993,0.02666666666666667,0.03978579580370468,0.02883823265042194,0.12999901702006658,0.13511214077265998,0.12936408097250407,0,0,0
H_0015.png,/content/STANDUP_Database/healthy/RGB/H_0015.png,healthy,H_P15,single,0,test,/content/STANDUP_Database/healthy/thermal/H_0015.png,0.1554960900394282,0.9999999999574468,0.2790094158722508,0.9999999999574468,3,21.747463485650417,108.98510570148213,0.8211002833551281,5.654039412283414,/content/STANDUP_RGB_P/H_0015.png,0.38230923,0.37848115,0.37775314,0.22333333333333333,0.2739217819246007,0.1607461491267521,0.3028212807575862,0.3262014657990313,0.2692496438344637,0,0,0
H_0016.png,/content/STANDUP_Database/healthy/RGB/H_0016.png,healthy,H_P16,single,0,train,/content/STANDUP_Database/healthy/thermal/H_0016.png,0.2130814077597695,0.9999999999574468,0.3450838175150869,0.9999999999574468,7,29.23460731972552,202.10966527868663,0.8016369654387137,6.143445349760306,/content/STANDUP_RGB_P/H_0016.png,0.3780842,0.37427282,0.37354803,0.15,0.06715255691920148,0.06333333333333334,0.2640421062707901,0.22071269012647085,0.21844068209330242,0,0,0
H_0017.png,/content/STANDUP_Database/healthy/RGB/H_0017.png,healthy,H_P17,single,0,train,/content/STANDUP_Database/healthy/thermal/H_0017.png,0.0847560949084219,0.9999999999574468,0.2449654358901832,0.9999999999574468,1,12.301726661480878,90.69186418962698,0.9133156849388716,3.769235328693176,/content/STANDUP_RGB_P/H_0017.png,0.35641295,0.35269612,0.35198966,0.11,0.09,0.018803141077714594,0.23320647358894347,0.22134806036949156,0.1853963988822487,0,0,0
H_0018.png,/content/STANDUP_Database/healthy/RGB/H_0018.png,healthy,H_P18,single,0,train,/content/STANDUP_Database/healthy/thermal/H_0018.png,0.1391646961089071,0.9999999999559472,0.2742031146067075,0.9999999999559472,3,20.47451078960324,104.6418161435057,0.8282632948939956,5.369999260860949,/content/STANDUP_RGB_P/H_0018.png,0.2337708,0.23087412,0.23032482,0.08,0.12333333333333334,0.07473380434700874,0.15688540130853654,0.1771037272612254,0.15252931201551867,0,0,0
H_0019.png,/content/STANDUP_Database/healthy/RGB/H_0019.png,healthy,H_P19,single,0,train,/content/STANDUP_Database/healthy/thermal/H_0019.png,0.1638217354378156,0.9999999999574468,0.3124199289023563,0.9999999999574468,9,25.916223090112695,182.43673926971687,0.8163331585934847,5.4986948189095415,/content/STANDUP_RGB_P/H_0019.png,0.22689985,0.22406341,0.2235256,0.03333333333333333,0.023333333333333334,0.02666666666666667,0.13011659036080042,0.12369837234417598,0.12509613265593847,0,0,0
H_0020.png,/content/STANDUP_Database/healthy/RGB/H_0020.png,healthy,H_P20,single,0,train,/content/STANDUP_Database/healthy/thermal/H_0020.png,0.1459411908713441,0.9999999999574468,0.2964673031491683,0.9999999999574468,1,21.667933307055776,144.74951953876874,0.8556913989528854,5.080695008706146,/content/STANDUP_RGB_P/H_0020.png,0.25934413,0.25623652,0.25564694,0.12,0.05970445736434108,0.023333333333333334,0.1896720653772354,0.1579704903770787,0.1394901386896769,0,0,0
H_0021.png,/content/STANDUP_Database/healthy/RGB/H_0021.png,healthy,H_P21,single,0,train,/content/STANDUP_Database/healthy/thermal/H_0021.png,0.2037918810026813,0.9999999999574468,0.3385478813280624,0.9999999999574468,7,27.365682459198105,185.73554612429783,0.7913685239074555,6.0806301090307695,/content/STANDUP_RGB_P/H_0021.png,0.24836555,0.2453459,0.24477315,0.05333333333333334,0.01715255691920149,0.00931520644511581,0.15084944228331248,0.13124923117118292,0.12704417796773612,0,0,0
H_0022.png,/content/STANDUP_Database/healthy/RGB/H_0022.png,healthy,H_P22,single,0,train,/content/STANDUP_Database/healthy/thermal/H_0022.png,0.1989141800339507,0.9999999999574468,0.3398398864131938,0.9999999999574468,5,25.99283389542496,165.9459481102005,0.8097307999661327,5.944768069165909,/content/STANDUP_RGB_P/H_0022.png,0.24655025,0.24354558,0.24297565,0.056666666666666664,0.02870867936818108,0.02,0.15160845686992008,0.13612712814911357,0.1314878261089325,0,0,0
H_0023.png,/content/STANDUP_Database/healthy/RGB/H_0023.png,healthy,H_P23,single,0,test,/content/STANDUP_Database/healthy/thermal/H_0023.png,0.1912429161059752,0.9977781434752376,0.2885517037667901,0.9977781434752376,7,21.85339465394201,97.50044042281338,0.7689149816001084,6.5403236125201305,/content/STANDUP_RGB_P/H_0023.png,0.2112912,0.20859724,0.20808661,0.79,0.21423302673273242,0.13995610808637177,0.5006455969810486,0.21141513478245813,0.17402135896338242,0,1,1
H_0024.png,/content/STANDUP_Database/healthy/RGB/H_0024.png,healthy,H_P24,single,0,train,/content/STANDUP_Database/healthy/thermal/H_0024.png,0.2035282412759517,0.994773519123325,0.3303673255154263,0.994773519123325,8,30.14553638419157,193.5046044202649,0.770299954628412,6.339907258890421,/content/STANDUP_RGB_P/H_0024.png,0.19586286,0.1933174,0.19283506,0.11666666666666667,0.056666666666666664,0.0033333333333333335,0.15626476307710013,0.1249920325477918,0.0980841980377833,0,0,0
H_0025.png,/content/STANDUP_Database/healthy/RGB/H_0025.png,healthy,H_P25,single,0,train,/content/STANDUP_Database/healthy/thermal/H_0025.png,0.2660249372209172,0.99999999996063,0.3738642878716856,0.99999999996063,10,35.98627957270219,302.0241832159182,0.7670534243270697,6.772263506201757,/content/STANDUP_RGB_P/H_0025.png,0.24758641,0.24457319,0.24400163,0.14666666666666667,0.05,0.02666666666666667,0.1971265404423078,0.1472865954041481,0.13533414681752523,0,0,0
H_0026.png,/content/STANDUP_Database/healthy/RGB/H_0026.png,healthy,H_P26,single,0,train,/content/STANDUP_Database/healthy/thermal/H_0026.png,0.0614738293332919,0.9996463931612622,0.1912336486757913,0.9996463931612622,1,10.49714005709918,52.79123959001028,0.9148866976928668,3.6395830518739056,/content/STANDUP_RGB_P/H_0026.png,0.38735303,0.3835058,0.3827741,0.29333333333333333,0.01,0.01,0.3403431830803553,0.19675289571285248,0.19638705730438233,0,0,0
H_0027.png,/content/STANDUP_Database/healthy/RGB/H_0027.png,healthy,H_P27,single,0,train,/content/STANDUP_Database/healthy/thermal/H_0027.png,0.1585135281435078,0.9978430396143236,0.2447579718068848,0.9978430396143236,9,20.593390366528208,88.18613869315003,0.7679773400503794,6.335258844309214,/content/STANDUP_RGB_P/H_0027.png,0.14987986,0.14782216,0.14743258,0.14666666666666667,0.04279038718291055,0.061792070871384275,0.14827326228221258,0.09530627186570531,0.10461232573081619,0,0,0
H_0028.png,/content/STANDUP_Database/healthy/RGB/H_0028.png,healthy,H_P28,single,0,test,/content/STANDUP_Database/healthy/thermal/H_0028.png,0.2000797683533899,0.9999999999591836,0.2633882903292671,0.9999999999591836,19,26.1007899457976,119.27766655990852,0.7208124387269269,7.451497451556149,/content/STANDUP_RGB_P/H_0028.png,0.2584548,0.2553542,0.25476596,0.21333333333333335,0.12,0.12191993891290936,0.2358940664927165,0.1876770979166031,0.1883429482534136,0,0,0
H_0029.png,/content/STANDUP_Database/healthy/RGB/H_0029.png,healthy,H_P29,single,0,test,/content/STANDUP_Database/healthy/thermal/H_0029.png,0.1351358239008553,0.9925283920684536,0.2288508117896669,0.9925283920684536,9,21.026533720017017,93.67949231262608,0.7802120738383591,6.072868328164735,/content/STANDUP_RGB_P/H_0029.png,0.27149516,0.26829472,0.26768738,0.09666666666666666,0.06,0.04,0.1840809150536855,0.16414736092090607,0.15384369015693664,0,0,0
H_0030.png,/content/STANDUP_Database/healthy/RGB/H_0030.png,healthy,H_P30,single,0,train,/content/STANDUP_Database/healthy/thermal/H_0030.png,0.0874423537186969,0.9999999999598392,0.1749005411282051,0.9999999999598392,14,17.516005067963643,63.59172805894222,0.8287825791480705,5.428518252251573,/content/STANDUP_RGB_P/H_0030.png,0.28884226,0.28551745,0.2848863,0.2,0.10279038718291054,0.031001904761904762,0.24442113041877747,0.1941539206651247,0.15794410266285852,0,0,0
H_0031.png,/content/STANDUP_Database/healthy/RGB/H_0031.png,healthy,H_P31,single,0,train,/content/STANDUP_Database/healthy/thermal/H_0031.png,0.1626620811794276,0.9958677685538896,0.2725950146157856,0.9958677685538896,5,22.04609206122091,111.7926008968693,0.7976193027722897,6.0496222032138895,/content/STANDUP_RGB_P/H_0031.png,0.27529228,0.2720638,0.2714511,0.11666666666666667,0.09628392156862745,0.06691153023444066,0.19597947200139365,0.1841738566602445,0.1691813080201668,0,0,0
H_0032.png,/content/STANDUP_Database/healthy/RGB/H_0032.png,healthy,H_P32,single,0,test,/content/STANDUP_Database/healthy/thermal/H_0032.png,0.2087312053406546,0.9967930028747664,0.3316170442011011,0.9967930028747664,6,25.91309160330948,163.66135490071989,0.7705382701187911,6.343350581597677,/content/STANDUP_RGB_P/H_0032.png,0.2544651,0.25139612,0.25081393,0.4033333333333333,0.12333333333333334,0.12264853977844915,0.3288992182413737,0.18736472646395366,0.18673123550258974,0,0,0
H_0033.png,/content/STANDUP_Database/healthy/RGB/H_0033.png,healthy,H_P33,single,0,train,/content/STANDUP_Database/healthy/thermal/H_0033.png,0.0575979719519924,0.9999999999586776,0.2101938401513506,0.9999999999586776,1,9.858389016863509,86.30661434978136,0.945303688437437,3.17143751492722,/content/STANDUP_RGB_P/H_0033.png,0.36631134,0.36254942,0.3618342,0.21,0.03,0.02,0.28815567076206205,0.1962747120857239,0.19091709911823274,0,0,0
H_0034.png,/content/STANDUP_Database/healthy/RGB/H_0034.png,healthy,H_P34,single,0,train,/content/STANDUP_Database/healthy/thermal/H_0034.png,0.0784096794569454,0.9999999999588476,0.2301988568641223,0.9999999999588476,5,14.70774903137658,109.97821909033694,0.916394342463604,3.724098970495279,/content/STANDUP_RGB_P/H_0034.png,0.3050897,0.30165726,0.30100545,0.11666666666666667,0.12,0.03581797819734526,0.21087818940480552,0.21082862973213196,0.16841171553433396,0,0,0
H_0035.png,/content/STANDUP_Database/healthy/RGB/H_0035.png,healthy,H_P35,single,0,train,/content/STANDUP_Database/healthy/thermal/H_0035.png,0.2823809683615382,0.99999999996063,0.3851074351715737,0.99999999996063,14,40.23928059510584,285.1049807815854,0.7655619403240878,7.106430978526055,/content/STANDUP_RGB_P/H_0035.png,0.30873674,0.30528125,0.30462503,0.19333333333333333,0.04,0.013333333333333334,0.25103503743807476,0.17264062583446502,0.15897918383280435,0,0,0
H_0036.png,/content/STANDUP_Database/healthy/RGB/H_0036.png,healthy,H_P36,single,0,test,/content/STANDUP_Database/healthy/thermal/H_0036.png,0.1120592374798548,0.995614035044052,0.2681322438594784,0.995614035044052,6,22.36917058354426,141.88797245357037,0.8714170585082796,4.482229259126241,/content/STANDUP_RGB_P/H_0036.png,0.4439505,0.4399448,0.43918207,0.15,0.04666666666666667,0.02666666666666667,0.29697525203228,0.24330573519070944,0.2329243697722753,0,0,0
H_0037.png,/content/STANDUP_Database/healthy/RGB/H_0037.png,healthy,H_P37,single,0,train,/content/STANDUP_Database/healthy/thermal/H_0037.png,0.0587703740292589,0.997704081591082,0.2048748657572337,0.997704081591082,1,10.92965573626192,85.97769859065282,0.938379483822039,3.267695530892386,/content/STANDUP_RGB_P/H_0037.png,0.32695174,0.32338777,0.32271072,0.31666666666666665,0.10333333333333333,0.0,0.32180920441945393,0.2133605525890986,0.16135536134243011,0,0,0
H_0038.png,/content/STANDUP_Database/healthy/RGB/H_0038.png,healthy,H_P38,single,0,train,/content/STANDUP_Database/healthy/thermal/H_0038.png,0.1123730909694904,0.9999999999585062,0.2716700916463805,0.9999999999585062,2,20.293534140005352,135.4693305573481,0.8740470965756526,4.444599291994583,/content/STANDUP_RGB_P/H_0038.png,0.42673305,0.42276457,0.42200926,0.11,0.04,0.007726580184813988,0.2683665233850479,0.23138228476047515,0.21486791982358527,0,0,0
H_0039.png,/content/STANDUP_Database/healthy/RGB/H_0039.png,healthy,H_P39,single,0,train,/content/STANDUP_Database/healthy/thermal/H_0039.png,0.1453832258489151,0.9905217316637898,0.2418195793243912,0.9905217316637898,1,19.083503501440408,72.48162235746746,0.8005169385754479,6.052800650117363,/content/STANDUP_RGB_P/H_0039.png,0.31064513,0.30717778,0.30651927,0.06333333333333334,0.04,0.0,0.1869892332951228,0.1735888910293579,0.15325963497161865,0,0,0
H_0040.png,/content/STANDUP_Database/healthy/RGB/H_0040.png,healthy,H_P40,T0,0,train,/content/STANDUP_Database/healthy/thermal/H_0040.png,0.2320618150677099,0.9991563554162312,0.3654751901784795,0.9991563554162312,15,31.85461924231893,181.5837203715785,0.787978163618788,6.411370378216272,/content/STANDUP_RGB_P/H_0040.png,0.25465927,0.25158876,0.25100625,0.3433333333333333,0.07537534603484775,0.08333333333333333,0.2989962993065516,0.1634820539206679,0.16716978947321573,0,0,0
H_0041.png,/content/STANDUP_Database/healthy/RGB/H_0041.png,healthy,H_P40,T10,0,train,/content/STANDUP_Database/healthy/thermal/H_0041.png,0.1600269224219372,0.9977051060987726,0.255826591095705,0.9977051060987726,10,20.582379472465288,81.28731582319634,0.7738054415416018,6.256694921554267,/content/STANDUP_RGB_P/H_0041.png,0.2511443,0.24810204,0.24752493,0.28,0.07124266231332971,0.026136813892389844,0.265572144985199,0.15967235070603467,0.13683087295962648,0,0,0
H_0042.png,/content/STANDUP_Database/healthy/RGB/H_0042.png,healthy,H_P41,T0,0,train,/content/STANDUP_Database/healthy/thermal/H_0042.png,0.1080284277424671,0.9964756986732012,0.1988066962870376,0.9964756986732012,6,15.73684609903222,49.148302370279175,0.8210691034205845,5.551424004017112,/content/STANDUP_RGB_P/H_0042.png,0.23897207,0.23603082,0.235473,0.21,0.13,0.053068844807467916,0.22448603391647337,0.18301540851593018,0.1442709258855989,0,0,0
H_0043.png,/content/STANDUP_Database/healthy/RGB/H_0043.png,healthy,H_P41,T10,0,train,/content/STANDUP_Database/healthy/thermal/H_0043.png,0.0453932115496096,0.9908204245155722,0.1266344709898032,0.9908204245155722,6,11.252625222398205,32.55873638693388,0.8883717665867976,4.197606011449081,/content/STANDUP_RGB_P/H_0043.png,0.34417942,0.34052268,0.33982775,0.13333333333333333,0.14666666666666667,0.06666666666666667,0.2387563774983088,0.24359467168649038,0.20324720640977223,0,0,0
H_0044.png,/content/STANDUP_Database/healthy/RGB/H_0044.png,healthy,H_P42,T0,0,test,/content/STANDUP_Database/healthy/thermal/H_0044.png,0.1355443101255724,0.9847350230017672,0.2216211876037126,0.9847350230017672,16,20.859960110401232,67.65158552210733,0.7707940651441584,6.365623904100075,/content/STANDUP_RGB_P/H_0044.png,0.18230413,0.17989548,0.17943917,0.3566666666666667,0.16333333333333333,0.08,0.26948539783557257,0.17161440442005793,0.12971958607435227,0,0,0
H_0045.png,/content/STANDUP_Database/healthy/RGB/H_0045.png,healthy,H_P42,T10,0,test,/content/STANDUP_Database/healthy/thermal/H_0045.png,0.1367414150704201,0.9951643307525916,0.2450283051929798,0.9951643307525916,5,20.205980208816197,81.3527786675275,0.8098841062547352,5.801243870831271,/content/STANDUP_RGB_P/H_0045.png,0.3050672,0.3016349,0.30098313,0.33666666666666667,0.15666666666666668,0.02979761904761905,0.32086693902810415,0.2291507871945699,0.16539037498973666,0,0,0
H_0046.png,/content/STANDUP_Database/healthy/RGB/H_0046.png,healthy,H_P43,T0,0,test,/content/STANDUP_Database/healthy/thermal/H_0046.png,0.1099673372856188,0.995967741895324,0.2139576927127592,0.995967741895324,7,23.148102666109484,77.50792761051382,0.796937800916196,5.744755915998262,/content/STANDUP_RGB_P/H_0046.png,0.22611366,0.22328423,0.22274774,0.6366666666666667,0.18773057103564073,0.157973174366617,0.4313901643951734,0.20550740033591652,0.19036045874817362,0,1,0
H_0047.png,/content/STANDUP_Database/healthy/RGB/H_0047.png,healthy,H_P43,T10,0,test,/content/STANDUP_Database/healthy/thermal/H_0047.png,0.1844213333588314,0.9999999999591836,0.308308079368026,0.9999999999591836,12,21.91099258481111,119.0809176809836,0.8052136967887414,6.0244436115995335,/content/STANDUP_RGB_P/H_0047.png,0.24974926,0.24671833,0.24614339,0.69,0.457397503167648,0.264302857426477,0.46987462908029554,0.3520579176695441,0.25522312159720684,0,1,0
H_0048.png,/content/STANDUP_Database/healthy/RGB/H_0048.png,healthy,H_P44,T0,0,train,/content/STANDUP_Database/healthy/thermal/H_0048.png,0.0869937091354826,0.964451634273056,0.1711406349902548,0.964451634273056,7,15.4240108233358,51.64377802690945,0.830853544592341,5.351784462499702,/content/STANDUP_RGB_P/H_0048.png,0.24057947,0.23762462,0.23706421,0.02666666666666667,0.02,0.0033333333333333335,0.1336230688293775,0.12881230771541596,0.1201987729469935,0,0,0
H_0049.png,/content/STANDUP_Database/healthy/RGB/H_0049.png,healthy,H_P44,T10,0,train,/content/STANDUP_Database/healthy/thermal/H_0049.png,0.0838718282207859,0.995918367306289,0.1895012007312619,0.995918367306289,4,14.13158942390344,60.492072389498,0.8719261628723118,4.646007907263838,/content/STANDUP_RGB_P/H_0049.png,0.20704518,0.20439133,0.20388834,0.20333333333333334,0.03666666666666667,0.01,0.2051892579595248,0.12052899857362112,0.10694417089223862,0,0,0
H_0050.png,/content/STANDUP_Database/healthy/RGB/H_0050.png,healthy,H_P45,T0,0,test,/content/STANDUP_Database/healthy/thermal/H_0050.png,0.1883325997685363,0.994072317682522,0.2902956515274082,0.994072317682522,5,23.282963306335525,108.64293721973924,0.7635799286046697,6.4105093319503785,/content/STANDUP_RGB_P/H_0050.png,0.3135935,0.31010807,0.3094461,0.5966666666666667,0.14,0.05,0.455130086739858,0.2250540328025818,0.17972304821014404,0,1,0
H_0051.png,/content/STANDUP_Database/healthy/RGB/H_0051.png,healthy,H_P45,T10,0,test,/content/STANDUP_Database/healthy/thermal/H_0051.png,0.1003321165779273,0.9665601179842952,0.1972293121093478,0.9665601179842952,8,16.79782599427619,66.20183376041535,0.818745269962426,5.27834773535576,/content/STANDUP_RGB_P/H_0051.png,0.2511013,0.24805938,0.24748234,0.03666666666666667,0.04666666666666667,0.02,0.1438839759429296,0.14736302187045416,0.13374117225408555,0,0,0
H_0052.png,/content/STANDUP_Database/healthy/RGB/H_0052.png,healthy,H_P46,T0,0,train,/content/STANDUP_Database/healthy/thermal/H_0052.png,0.2427913505151573,0.9986617597449527,0.3452732841492248,0.9986617597449527,9,32.088363952037504,189.8353619474893,0.731596275035033,7.139947550646566,/content/STANDUP_RGB_P/H_0052.png,0.34912255,0.34544095,0.34474126,0.12333333333333334,0.03,0.04666666666666667,0.23622794369856517,0.18772047698497774,0.1957039608558019,0,0,0
H_0053.png,/content/STANDUP_Database/healthy/RGB/H_0053.png,healthy,H_P46,T10,0,train,/content/STANDUP_Database/healthy/thermal/H_0053.png,0.2010187876769965,0.9999999999593496,0.2690208078368418,0.9999999999593496,15,25.519349326451863,113.61987508008558,0.7322897444205404,7.019193374810524,/content/STANDUP_RGB_P/H_0053.png,0.26532218,0.26216832,0.2615699,0.17666666666666667,0.056666666666666664,0.07930814193074201,0.22099442263444263,0.1594174923499425,0.17043901466520772,0,0,0
H_0054.png,/content/STANDUP_Database/healthy/RGB/H_0054.png,healthy,H_P47,T0,0,train,/content/STANDUP_Database/healthy/thermal/H_0054.png,0.1453832258489151,0.9905217316637898,0.2418195793243912,0.9905217316637898,1,19.083503501440408,72.48162235746746,0.8005169385754479,6.052800650117363,/content/STANDUP_RGB_P/H_0054.png,0.31064513,0.30717778,0.30651927,0.06333333333333334,0.04,0.0,0.1869892332951228,0.1735888910293579,0.15325963497161865,0,0,0
H_0055.png,/content/STANDUP_Database/healthy/RGB/H_0055.png,healthy,H_P47,T10,0,train,/content/STANDUP_Database/healthy/thermal/H_0055.png,0.1524629635316365,0.9927667269020533,0.262100092211059,0.9927667269020533,9,18.09835387741905,105.86310858424628,0.8185007930668022,5.593512435310674,/content/STANDUP_RGB_P/H_0055.png,0.31134522,0.30787355,0.3072142,0.06,0.07,0.01313095238095238,0.1856726098060608,0.18893677353858948,0.16017257643881297,0,0,0
H_0056.png,/content/STANDUP_Database/healthy/RGB/H_0056.png,healthy,H_P48,T0,0,train,/content/STANDUP_Database/healthy/thermal/H_0056.png,0.214586860618501,0.9999999999598392,0.3000426347561031,0.9999999999598392,9,26.565338269723732,123.67945227419348,0.7379658532228471,7.118865093983403,/content/STANDUP_RGB_P/H_0056.png,0.26318124,0.26004383,0.25944853,0.36,0.09,0.13557046735289688,0.3115906196832657,0.17502191483974455,0.19750949782134591,0,0,0
H_0057.png,/content/STANDUP_Database/healthy/RGB/H_0057.png,healthy,H_P48,T10,0,train,/content/STANDUP_Database/healthy/thermal/H_0057.png,0.152093965355808,0.9999999999598392,0.257728155338527,0.9999999999598392,12,19.785885661480627,98.02594490711778,0.7968215430078943,5.927370818025983,/content/STANDUP_RGB_P/H_0057.png,0.33403194,0.3304287,0.32974407,0.13,0.06877139979859014,0.029360475828168243,0.23201596975326538,0.1996000447584183,0.1795522732982623,0,0,0
H_0058.png,/content/STANDUP_Database/healthy/RGB/H_0058.png,healthy,H_P49,T0,0,train,/content/STANDUP_Database/healthy/thermal/H_0058.png,0.1680799134883379,0.9999999999598392,0.234670342462276,0.9999999999598392,10,21.74984468373868,78.20499679692954,0.7488554997250546,6.843407290840887,/content/STANDUP_RGB_P/H_0058.png,0.26228437,0.25915387,0.2585599,0.21,0.024014781002064993,0.022805741441179323,0.23614218413829802,0.1415843268652064,0.14068282694217016,0,0,0
H_0059.png,/content/STANDUP_Database/healthy/RGB/H_0059.png,healthy,H_P49,T10,0,train,/content/STANDUP_Database/healthy/thermal/H_0059.png,0.0687655520077062,0.9999999999598392,0.1712657938068709,0.9999999999598392,4,12.82453903056725,57.095331518261055,0.8914929900713664,4.227277951029539,/content/STANDUP_RGB_P/H_0059.png,0.3444088,0.3407509,0.34005573,0.30333333333333334,0.07,0.06782738338634711,0.32387107173601787,0.20537545144557953,0.20394155865274538,0,0,0
H_0060.png,/content/STANDUP_Database/healthy/RGB/H_0060.png,healthy,H_P50,T0,0,train,/content/STANDUP_Database/healthy/thermal/H_0060.png,0.1597490100089166,0.9999999999596774,0.3069975357392676,0.9999999999596774,7,27.251164315490666,175.29736547087057,0.8082152424466605,5.5352413582607545,/content/STANDUP_RGB_P/H_0060.png,0.28639898,0.28309113,0.28246322,0.02,0.02666666666666667,0.013333333333333334,0.15319948852062226,0.15487889726956686,0.147898278037707,0,0,0
H_0061.png,/content/STANDUP_Database/healthy/RGB/H_0061.png,healthy,H_P50,T10,0,train,/content/STANDUP_Database/healthy/thermal/H_0061.png,0.1049459941779137,0.98799999996048,0.198384630182645,0.98799999996048,11,15.663058928112436,52.61871396541068,0.8184041736974028,5.385001064674297,/content/STANDUP_RGB_P/H_0061.png,0.16629522,0.16405562,0.16363147,0.02,0.016666666666666666,0.01,0.09314760774374008,0.09036114116509755,0.08681573450565339,0,0,0
H_0062.png,/content/STANDUP_Database/healthy/RGB/H_0062.png,healthy,H_P51,T0,0,train,/content/STANDUP_Database/healthy/thermal/H_0062.png,0.2336640433317285,0.9958506223653174,0.3291063062109016,0.9958506223653174,11,34.03837765782203,163.8129404228225,0.7079036980798844,7.355714792975742,/content/STANDUP_RGB_P/H_0062.png,0.23212804,0.22924565,0.22869904,0.07666666666666666,0.02666666666666667,0.006666666666666667,0.1543973528345426,0.12795615722735723,0.11768285502990086,0,0,0
H_0063.png,/content/STANDUP_Database/healthy/RGB/H_0063.png,healthy,H_P51,T10,0,train,/content/STANDUP_Database/healthy/thermal/H_0063.png,0.1328412497991042,0.9999999999593496,0.2475493041421163,0.9999999999593496,11,19.30856902169516,101.82691383729068,0.8246469898131821,5.407414410487465,/content/STANDUP_RGB_P/H_0063.png,0.34047106,0.33683348,0.3361422,0.06333333333333334,0.09666666666666666,0.09924619044617994,0.20190219620863598,0.21675007184346518,0.2176942012993305,0,0,0
H_0064.png,/content/STANDUP_Database/healthy/RGB/H_0064.png,healthy,H_P52,T0,0,train,/content/STANDUP_Database/healthy/thermal/H_0064.png,0.1510383352968257,0.9986584274746448,0.25191515744746,0.9986584274746448,10,26.568485459598985,96.0347133247994,0.7487418373007918,6.431429677505142,/content/STANDUP_RGB_P/H_0064.png,0.3775323,0.37372315,0.37299877,0.10666666666666667,0.03,0.024054869684499314,0.24209948499997458,0.2018615746498108,0.1985268218680828,0,0,0
H_0065.png,/content/STANDUP_Database/healthy/RGB/H_0065.png,healthy,H_P52,T10,0,train,/content/STANDUP_Database/healthy/thermal/H_0065.png,0.1096484509209913,0.9962253193555544,0.2460802730565111,0.9962253193555544,4,17.84084717244761,131.84328955798364,0.8613878985814839,4.586461691075498,/content/STANDUP_RGB_P/H_0065.png,0.28055844,0.27729183,0.2766718,0.12666666666666668,0.06666666666666667,0.035717384585917056,0.20361255188783012,0.17197925051053364,0.15619459081152084,0,0,0
H_0066.png,/content/STANDUP_Database/healthy/RGB/H_0066.png,healthy,H_P53,T0,0,train,/content/STANDUP_Database/healthy/thermal/H_0066.png,0.1645852759944179,0.9967124924866888,0.252795239030366,0.9967124924866888,8,28.41012480065689,124.13941383729508,0.7356891112237282,6.74594415858531,/content/STANDUP_RGB_P/H_0066.png,0.2455226,0.2425264,0.2419581,0.10333333333333333,0.04,0.03333333333333333,0.17442796836296717,0.14126319855451583,0.13764571497837702,0,0,0
H_0067.png,/content/STANDUP_Database/healthy/RGB/H_0067.png,healthy,H_P53,T10,0,train,/content/STANDUP_Database/healthy/thermal/H_0067.png,0.173994946111774,0.9999999999593496,0.2693094432140033,0.9999999999593496,4,23.602074461425158,134.47841928252234,0.7717642169869141,6.316563662224153,/content/STANDUP_RGB_P/H_0067.png,0.2529842,0.24992709,0.24934717,0.15,0.06666666666666667,0.044054869684499315,0.20149209797382356,0.15829687764247258,0.14670101745571784,0,0,0
H_0068.png,/content/STANDUP_Database/healthy/RGB/H_0068.png,healthy,H_P54,T0,0,train,/content/STANDUP_Database/healthy/thermal/H_0068.png,0.2025635144993451,0.9999999999593496,0.3178280099076757,0.9999999999593496,5,27.622361606579968,140.52994875081367,0.7530802246458574,6.684285099608107,/content/STANDUP_RGB_P/H_0068.png,0.32243785,0.31889978,0.31822768,0.11,0.052042012701514415,0.06625202925007993,0.21621892631053924,0.18547089660668525,0.19223985389372436,0,0,0
H_0069.png,/content/STANDUP_Database/healthy/RGB/H_0069.png,healthy,H_P54,T10,0,train,/content/STANDUP_Database/healthy/thermal/H_0069.png,0.1693396345830168,0.9979508196312314,0.2511731673801771,0.9979508196312314,17,26.741468872168955,99.73991031390874,0.7272462285133696,6.871267822761484,/content/STANDUP_RGB_P/H_0069.png,0.29955262,0.29615593,0.29551095,0.15333333333333332,0.043333333333333335,0.04,0.2264429763952891,0.1697446314493815,0.16775547385215758,0,0,0
H_0070.png,/content/STANDUP_Database/healthy/RGB/H_0070.png,healthy,H_P55,T0,0,train,/content/STANDUP_Database/healthy/thermal/H_0070.png,0.1431815666629922,0.9866261397756452,0.259105749199317,0.9866261397756452,9,22.14808383572488,101.6601537476054,0.800956243587939,5.81458983718592,/content/STANDUP_RGB_P/H_0070.png,0.30361196,0.30018893,0.29953894,0.04,0.02,0.015779492159401526,0.17180598199367522,0.1600944644212723,0.15765921617533524,0,0,0
H_0071.png,/content/STANDUP_Database/healthy/RGB/H_0071.png,healthy,H_P55,T10,0,train,/content/STANDUP_Database/healthy/thermal/H_0071.png,0.0938282291195288,0.9971020407764424,0.1980864798248747,0.9971020407764424,6,19.625122941544756,90.70407591288384,0.8383913467238756,5.094797200009962,/content/STANDUP_RGB_P/H_0071.png,0.1901183,0.18763009,0.18715863,0.11333333333333333,0.06647370502174774,0.1,0.15172581563393275,0.12705189607948503,0.14357931464910506,0,0,0
H_0072.png,/content/STANDUP_Database/healthy/RGB/H_0072.png,healthy,H_P56,T0,0,train,/content/STANDUP_Database/healthy/thermal/H_0072.png,0.1959436559152819,0.9999999999598392,0.2950805264170118,0.9999999999598392,5,26.401338460587613,138.75096092249828,0.7575261675249926,6.63298809202546,/content/STANDUP_RGB_P/H_0072.png,0.17042787,0.16814385,0.16771126,0.10333333333333333,0.021689571544058203,0.049003336905809845,0.1368806035319964,0.09491671254462355,0.10835729742019008,0,0,0
H_0073.png,/content/STANDUP_Database/healthy/RGB/H_0073.png,healthy,H_P56,T10,0,train,/content/STANDUP_Database/healthy/thermal/H_0073.png,0.0922850381629197,0.9999999999596774,0.214807323997938,0.9999999999596774,4,16.54576607541447,89.21556694427223,0.8667111966309059,4.618630264104863,/content/STANDUP_RGB_P/H_0073.png,0.19287486,0.19035906,0.18988235,0.18666666666666668,0.03980703835508106,0.06216055991523869,0.18977076520522435,0.11508304717551111,0.12602145643171372,0,0,0
H_0074.png,/content/STANDUP_Database/healthy/RGB/H_0074.png,healthy,H_P57,T0,0,test,/content/STANDUP_Database/healthy/thermal/H_0074.png,0.0537980554481066,0.9970668428911376,0.1619783970031242,0.9970668428911376,2,13.660144537939166,68.76645579757063,0.908812109390434,3.803137991845501,/content/STANDUP_RGB_P/H_0074.png,0.3783383,0.37452587,0.3738009,0.64,0.14333333333333334,0.023333333333333334,0.5091691535711289,0.25892960409323373,0.1985671184460322,0,1,1
H_0075.png,/content/STANDUP_Database/healthy/RGB/H_0075.png,healthy,H_P57,T10,0,test,/content/STANDUP_Database/healthy/thermal/H_0075.png,0.0793651548951389,0.9999999999596774,0.1983541674219267,0.9999999999596774,4,15.86311334696467,92.48746796925688,0.8824554208658238,4.291263724322368,/content/STANDUP_RGB_P/H_0075.png,0.4450216,0.44101387,0.44025084,0.15333333333333332,0.10333333333333333,0.12208630750343753,0.2991774664322535,0.27217360297838844,0.2811685756333945,0,0,0
H_0076.png,/content/STANDUP_Database/healthy/RGB/H_0076.png,healthy,H_P58,T0,0,train,/content/STANDUP_Database/healthy/thermal/H_0076.png,0.1595492915808715,0.9999999999593496,0.2300179448455539,0.9999999999593496,9,23.04060253352804,87.34397021140994,0.750939332490709,6.802322329657464,/content/STANDUP_RGB_P/H_0076.png,0.40257618,0.39867616,0.39793417,0.08,0.023333333333333334,0.029741450281566707,0.24128808915615083,0.211004745165507,0.21383780942938047,0,0,0
H_0077.png,/content/STANDUP_Database/healthy/RGB/H_0077.png,healthy,H_P58,T10,0,train,/content/STANDUP_Database/healthy/thermal/H_0077.png,0.0945573670633883,0.9999999999598392,0.1901174332816044,0.9999999999598392,12,20.04028461389453,72.66015374760457,0.8229959819698641,5.373129950825215,/content/STANDUP_RGB_P/H_0077.png,0.40527335,0.40136474,0.4006211,0.18666666666666668,0.03666666666666667,0.02666666666666667,0.29597000737984974,0.21901570518811544,0.21364387651284536,0,0,0
H_0078.png,/content/STANDUP_Database/healthy/RGB/H_0078.png,healthy,H_P59,T0,0,test,/content/STANDUP_Database/healthy/thermal/H_0078.png,0.1587029617189307,0.9999999999593496,0.2538366181719058,0.9999999999593496,15,27.038306542599123,109.12331838565844,0.7524915317313611,6.480440131370031,/content/STANDUP_RGB_P/H_0078.png,0.21525915,0.21252823,0.21201055,0.21,0.05333333333333334,0.039928262107161806,0.21262957483530043,0.13293078104654948,0.125969404812946,0,0,0
H_0079.png,/content/STANDUP_Database/healthy/RGB/H_0079.png,healthy,H_P59,T10,0,test,/content/STANDUP_Database/healthy/thermal/H_0079.png,0.1267257310818941,0.997942386790208,0.2370914982216062,0.997942386790208,14,22.821620753056216,79.66992312620665,0.7919957719221914,5.690234080665126,/content/STANDUP_RGB_P/H_0079.png,0.19664992,0.19409668,0.19361286,0.6166666666666667,0.29727475309109397,0.29635617381046536,0.40665829529364905,0.24568571877348278,0.24498451623176695,0,1,0
H_0080.png,/content/STANDUP_Database/healthy/RGB/H_0080.png,healthy,H_P60,T0,0,train,/content/STANDUP_Database/healthy/thermal/H_0080.png,0.2870758171537199,0.9999999999593496,0.3445732320510223,0.9999999999593496,9,28.89642586476689,149.03175048047385,0.7009053629227968,7.733597702270378,/content/STANDUP_RGB_P/H_0080.png,0.27437368,0.27115196,0.27054054,0.20333333333333334,0.13333333333333333,0.05945859872611464,0.23885350684324902,0.20224264661471048,0.16499956708804817,0,0,0
H_0081.png,/content/STANDUP_Database/healthy/RGB/H_0081.png,healthy,H_P60,T10,0,train,/content/STANDUP_Database/healthy/thermal/H_0081.png,0.1452457904404753,0.9967906517043756,0.2441760808321007,0.9967906517043756,7,21.024453321595683,92.23138212684796,0.7932059344292856,6.0397276867864935,/content/STANDUP_RGB_P/H_0081.png,0.3527935,0.34909397,0.3483908,0.10333333333333333,0.08562583790371724,0.08446732088209698,0.22806342403093974,0.21735990577017222,0.21642905436099324,0,0,0
H_0082.png,/content/STANDUP_Database/healthy/RGB/H_0082.png,healthy,H_P61,T0,0,train,/content/STANDUP_Database/healthy/thermal/H_0082.png,0.1335888227552358,0.9559570863540842,0.21738632464802,0.9559570863540842,11,25.787626086154248,91.81986707239687,0.7535228734759069,6.469126485803959,/content/STANDUP_RGB_P/H_0082.png,0.15793435,0.15578632,0.15537958,0.11666666666666667,0.05,0.023333333333333334,0.13730050971110663,0.10289316028356552,0.08935645590225856,0,0,0
H_0083.png,/content/STANDUP_Database/healthy/RGB/H_0083.png,healthy,H_P61,T10,0,train,/content/STANDUP_Database/healthy/thermal/H_0083.png,0.1617360435991537,0.9977051060987726,0.2697964743446631,0.9977051060987726,12,21.77342930434699,99.86098654709065,0.7815876640424141,6.0465855776304185,/content/STANDUP_RGB_P/H_0083.png,0.25029418,0.24725883,0.24668305,0.18333333333333332,0.09443930237028728,0.05350944949595735,0.21681375602881114,0.17084906473027534,0.15009624785884523,0,0,0
H_0084.png,/content/STANDUP_Database/healthy/RGB/H_0084.png,healthy,H_P62,T0,0,test,/content/STANDUP_Database/healthy/thermal/H_0084.png,0.2093715908564232,0.9999999999595142,0.2921829785778633,0.9999999999595142,9,27.62477343700022,122.5615791159602,0.7314433713601545,7.2385975615697,/content/STANDUP_RGB_P/H_0084.png,0.33061242,0.32702795,0.32634693,0.3466666666666667,0.11666666666666667,0.16945153421174083,0.33863954385121664,0.22184730668862662,0.2478992340267231,0,0,0
H_0085.png,/content/STANDUP_Database/healthy/RGB/H_0085.png,healthy,H_P62,T10,0,test,/content/STANDUP_Database/healthy/thermal/H_0085.png,0.1907668076155403,0.9969719594749862,0.3005140085737702,0.9969719594749862,9,24.7415994236868,125.46648782832465,0.7686779478130581,6.4567799081727015,/content/STANDUP_RGB_P/H_0085.png,0.27713814,0.2738962,0.2732809,0.6,0.28018718390447567,0.17108314269878636,0.43856907188892363,0.2770416857241723,0.2221820157473195,0,1,0
H_0086.png,/content/STANDUP_Database/healthy/RGB/H_0086.png,healthy,H_P63,T0,0,train,/content/STANDUP_Database/healthy/thermal/H_0086.png,0.2547552429963748,0.9928856004157643,0.3480386321430621,0.9928856004157643,17,36.55207938416104,199.02354260091735,0.7095340243662326,7.384332809912118,/content/STANDUP_RGB_P/H_0086.png,0.16456346,0.16234265,0.16192208,0.056666666666666664,0.03333333333333333,0.0033333333333333335,0.11061506440242132,0.0978379930059115,0.08262770781914393,0,0,0
H_0087.png,/content/STANDUP_Database/healthy/RGB/H_0087.png,healthy,H_P63,T10,0,train,/content/STANDUP_Database/healthy/thermal/H_0087.png,0.1742117938813478,0.9999999999386504,0.2846659068875464,0.9999999999386504,12,34.967595677277444,144.26969891097426,0.7323770807740809,6.887995624599115,/content/STANDUP_RGB_P/H_0087.png,0.19301246,0.19049527,0.1900183,0.02666666666666667,0.013333333333333334,0.01,0.10983956386645635,0.10191430042187373,0.10000914812088013,0,0,0
H_0088.png,/content/STANDUP_Database/healthy/RGB/H_0088.png,healthy,H_P64,T0,0,train,/content/STANDUP_Database/healthy/thermal/H_0088.png,0.150528118305164,0.9999999999596774,0.2385528828969376,0.9999999999596774,10,21.598439494578415,87.3166639974434,0.7769456048382062,6.2711774109732055,/content/STANDUP_RGB_P/H_0088.png,0.2618407,0.25871363,0.25812033,0.16666666666666666,0.04164891518737672,0.04666399501794374,0.21425368388493854,0.15018127400470674,0.1523921616029431,0,0,0
H_0089.png,/content/STANDUP_Database/healthy/RGB/H_0089.png,healthy,H_P64,T10,0,train,/content/STANDUP_Database/healthy/thermal/H_0089.png,0.0968567592332046,0.9999999999596774,0.20544933364342,0.9999999999596774,5,18.08733044864696,92.56694426650068,0.8490086551763117,4.890617729281306,/content/STANDUP_RGB_P/H_0089.png,0.18327534,0.18085667,0.18039846,0.09666666666666666,0.05,0.08250037991002146,0.13997100432713827,0.11542833745479583,0.13144942205645116,0,0,0
H_0090.png,/content/STANDUP_Database/healthy/RGB/H_0090.png,healthy,H_P65,T0,0,train,/content/STANDUP_Database/healthy/thermal/H_0090.png,0.1161977121854621,0.9991394147619392,0.2191785454917015,0.9991394147619392,1,17.814234584935086,83.43185458040205,0.8355227685013099,5.335157337967546,/content/STANDUP_RGB_P/H_0090.png,0.15217252,0.15008888,0.14969437,0.29333333333333333,0.13333333333333333,0.08581551046563081,0.22275292704502742,0.14171110490957894,0.11775493935442413,0,0,0
H_0091.png,/content/STANDUP_Database/healthy/RGB/H_0091.png,healthy,H_P65,T10,0,train,/content/STANDUP_Database/healthy/thermal/H_0091.png,0.1028405329439925,0.996162927939946,0.2275543449277241,0.996162927939946,14,13.6277820000629,71.10109705317653,0.8609435406884619,4.704117038975373,/content/STANDUP_RGB_P/H_0091.png,0.17412151,0.17179823,0.17135818,0.30333333333333334,0.10333333333333333,0.04640217814080125,0.2387274236480395,0.13756578127543131,0.10888018058355751,0,0,0
H_0092.png,/content/STANDUP_Database/healthy/RGB/H_0092.png,healthy,H_P66,T0,0,test,/content/STANDUP_Database/healthy/thermal/H_0092.png,0.1574317475088309,0.9829647339696308,0.2442781484779391,0.9829647339696308,15,24.905282162404625,97.02029948751496,0.7551595260768772,6.498530388603452,/content/STANDUP_RGB_P/H_0092.png,0.31064516,0.3071778,0.30651933,0.23666666666666666,0.09666666666666666,0.02,0.27365591486295066,0.20192223926385244,0.16325966477394105,0,0,0
H_0093.png,/content/STANDUP_Database/healthy/RGB/H_0093.png,healthy,H_P66,T10,0,test,/content/STANDUP_Database/healthy/thermal/H_0093.png,0.1204876291076649,0.9999999999590165,0.2162157205606207,0.9999999999590165,10,18.5609068953946,79.14525944907668,0.8082934267343168,5.571905935787124,/content/STANDUP_RGB_P/H_0093.png,0.2261919,0.22336176,0.22282517,0.59,0.3261901972271041,0.23293610908187626,0.4080959466099739,0.274775978802494,0.22788063932258484,0,1,0
H_0094.png,/content/STANDUP_Database/healthy/RGB/H_0094.png,healthy,H_P67,T0,0,train,/content/STANDUP_Database/healthy/thermal/H_0094.png,0.2889333593669929,0.9955908288831914,0.3385281419402265,0.9955908288831914,15,43.85037405249604,290.7339045484004,0.6523965626199882,8.402451415790209,/content/STANDUP_RGB_P/H_0094.png,0.2583267,0.25522712,0.25463906,0.06333333333333334,0.03666666666666667,0.016666666666666666,0.16083002130190532,0.14594689269860586,0.13565286298592885,0,0,0
H_0095.png,/content/STANDUP_Database/healthy/RGB/H_0095.png,healthy,H_P67,T10,0,train,/content/STANDUP_Database/healthy/thermal/H_0095.png,0.1025400497902205,0.9907274112553598,0.1913283284786788,0.9907274112553598,10,19.24392029456259,79.43673926970294,0.8201308367588622,5.4314994231716005,/content/STANDUP_RGB_P/H_0095.png,0.3124252,0.30894688,0.30828628,0.02,0.013333333333333334,0.0033333333333333335,0.16621259808540345,0.16114010552565255,0.15580980638662975,0,0,0
H_0096.png,/content/STANDUP_Database/healthy/RGB/H_0096.png,healthy,H_P68,T0,0,train,/content/STANDUP_Database/healthy/thermal/H_0096.png,0.1752356611118177,0.9999999999583332,0.2271571860231317,0.9999999999583332,19,27.691960996450387,107.89097533633212,0.7105556212752,7.393080276897736,/content/STANDUP_RGB_P/H_0096.png,0.21894161,0.21617685,0.2156527,0.07,0.023333333333333334,0.03333333333333333,0.14447080701589585,0.11975509295860927,0.12449301878611246,0,0,0
H_0097.png,/content/STANDUP_Database/healthy/RGB/H_0097.png,healthy,H_P68,T10,0,train,/content/STANDUP_Database/healthy/thermal/H_0097.png,0.1020349195583706,0.993775933568723,0.2178703987047611,0.993775933568723,11,16.400528944846666,97.90414798206837,0.8638572487035798,4.788492628798068,/content/STANDUP_RGB_P/H_0097.png,0.15179747,0.14971806,0.14932437,0.02,0.02,0.0033333333333333335,0.08589873671531677,0.08485903054475784,0.07632885287205378,0,0,0
H_0098.png,/content/STANDUP_Database/healthy/RGB/H_0098.png,healthy,H_P69,T0,0,train,/content/STANDUP_Database/healthy/thermal/H_0098.png,0.0949902750618901,0.9278971500085704,0.2155943380171238,0.9278971500085704,11,15.008187646971049,93.08814461884069,0.8649921707284203,4.599832041639965,/content/STANDUP_RGB_P/H_0098.png,0.2236802,0.22087254,0.22034018,0.006666666666666667,0.01,0.0033333333333333335,0.11517343242963154,0.11543626815080643,0.11183675537506739,0,0,0
H_0099.png,/content/STANDUP_Database/healthy/RGB/H_0099.png,healthy,H_P69,T10,0,train,/content/STANDUP_Database/healthy/thermal/H_0099.png,0.0888121881596168,0.9956268221156012,0.1961417962826677,0.9956268221156012,17,10.558163607368089,53.26243193466035,0.8765652004408954,4.530875451181811,/content/STANDUP_RGB_P/H_0099.png,0.121039465,0.11932213,0.11899718,0.06333333333333334,0.023333333333333334,0.02,0.09218639920155208,0.0713277309636275,0.06949858948588371,0,0,0
H_0100.png,/content/STANDUP_Database/healthy/RGB/H_0100.png,healthy,H_P70,T0,0,train,/content/STANDUP_Database/healthy/thermal/H_0100.png,0.1597898212849805,0.9999999999583332,0.2195993819221393,0.9999999999583332,15,27.89157098815828,92.39205637412672,0.717528134095494,7.18769599897285,/content/STANDUP_RGB_P/H_0100.png,0.21273129,0.21002385,0.20951064,0.08,0.04,0.04738820301783265,0.1463656434416771,0.1250119251012802,0.12844942116385788,0,0,0
H_0101.png,/content/STANDUP_Database/healthy/RGB/H_0101.png,healthy,H_P70,T10,0,train,/content/STANDUP_Database/healthy/thermal/H_0101.png,0.0524590868856987,0.9973973394622224,0.1511213829800845,0.9973973394622224,3,12.462782344560214,50.96504644459058,0.895109324230549,3.921505432440496,/content/STANDUP_RGB_P/H_0101.png,0.19081369,0.18831848,0.18784569,0.23333333333333334,0.06,0.016666666666666666,0.2120735118786494,0.12415923804044723,0.10225617935260137,0,0,0
H_0102.png,/content/STANDUP_Database/healthy/RGB/H_0102.png,healthy,H_P71,T0,0,test,/content/STANDUP_Database/healthy/thermal/H_0102.png,0.1556104069090523,0.9936974789498446,0.2078394964483735,0.9936974789498446,33,25.026876856955607,90.67144458681086,0.7240828270940532,7.127002152946486,/content/STANDUP_RGB_P/H_0102.png,0.14059728,0.13864623,0.1382769,0.27666666666666667,0.1,0.08,0.20863197525342306,0.1193231150507927,0.10913845241069794,0,0,0
H_0103.png,/content/STANDUP_Database/healthy/RGB/H_0103.png,healthy,H_P71,T10,0,test,/content/STANDUP_Database/healthy/thermal/H_0103.png,0.0680696242214404,0.9963912393820944,0.1549328163435677,0.9963912393820944,6,12.947029330744977,53.38188661115028,0.8696039299546509,4.495041624460455,/content/STANDUP_RGB_P/H_0103.png,0.2123421,0.2096383,0.2091258,0.30333333333333334,0.10666666666666667,0.02950990990990991,0.2578377158443133,0.15815248211224875,0.11931785591540035,0,0,0
H_0104.png,/content/STANDUP_Database/healthy/RGB/H_0104.png,healthy,H_P72,T0,0,train,/content/STANDUP_Database/healthy/thermal/H_0104.png,0.1116989877151296,0.995361781034936,0.2075902120717811,0.995361781034936,4,18.58218413813516,91.9316944266542,0.8348814947895952,5.2680333880169865,/content/STANDUP_RGB_P/H_0104.png,0.15658851,0.15445542,0.15405151,0.06,0.04,0.0033333333333333335,0.10829425483942032,0.09722771167755127,0.07869242290655772,0,0,0
H_0105.png,/content/STANDUP_Database/healthy/RGB/H_0105.png,healthy,H_P72,T10,0,train,/content/STANDUP_Database/healthy/thermal/H_0105.png,0.0578557188256044,0.9950029394064372,0.1621983185237677,0.9950029394064372,9,15.981729021320891,84.30469250481073,0.8986883232015157,3.965539813713459,/content/STANDUP_RGB_P/H_0105.png,0.28961393,0.28628385,0.28565165,0.13666666666666666,0.02666666666666667,0.013333333333333334,0.2131402995189031,0.15647525866826376,0.14949249366919198,0,0,0
H_0106.png,/content/STANDUP_Database/healthy/RGB/H_0106.png,healthy,H_P73,T0,0,test,/content/STANDUP_Database/healthy/thermal/H_0106.png,0.1065836496109394,0.9999999999596774,0.2069361008536186,0.9999999999596774,6,17.575551914552232,80.48486547085652,0.8375120700726302,5.183840359175864,/content/STANDUP_RGB_P/H_0106.png,0.29526752,0.29189914,0.29125962,0.6266666666666667,0.12314037168841438,0.19718956537326493,0.4609670945008596,0.20751975816896,0.2442245909933265,0,1,0
H_0107.png,/content/STANDUP_Database/healthy/RGB/H_0107.png,healthy,H_P73,T10,0,test,/content/STANDUP_Database/healthy/thermal/H_0107.png,0.0811174505298008,0.9999999999588476,0.2058525874111486,0.9999999999588476,15,15.529230040517463,134.02628523383538,0.8910777417486707,4.177164931222389,/content/STANDUP_RGB_P/H_0107.png,0.21511285,0.21238329,0.21186587,0.31333333333333335,0.13333333333333333,0.13333333333333333,0.2642230917016665,0.1728583092490832,0.1725996027390162,0,0,0
H_0108.png,/content/STANDUP_Database/healthy/RGB/H_0108.png,healthy,H_P74,T0,0,train,/content/STANDUP_Database/healthy/thermal/H_0108.png,0.1895968139454072,0.9999999999598392,0.2432428834811707,0.9999999999598392,17,23.76202726461443,79.65669042281398,0.7255447982913606,7.305055522621692,/content/STANDUP_RGB_P/H_0108.png,0.19373997,0.19121552,0.19073717,0.22333333333333333,0.056666666666666664,0.04310402967459113,0.2085366494456927,0.12394109090169271,0.11692060131791308,0,0,0
H_0109.png,/content/STANDUP_Database/healthy/RGB/H_0109.png,healthy,H_P74,T10,0,train,/content/STANDUP_Database/healthy/thermal/H_0109.png,0.067108646728306,0.9999999999585062,0.1852133262605088,0.9999999999585062,6,11.956323070699009,72.9482303010932,0.9002514943600637,3.925743532098405,/content/STANDUP_RGB_P/H_0109.png,0.22157027,0.21878159,0.2182529,0.18,0.03333333333333333,0.025981873111782475,0.20078513413667678,0.12605746189753214,0.12211738518717785,0,0,0
H_0110.png,/content/STANDUP_Database/healthy/RGB/H_0110.png,healthy,H_P75,T0,0,train,/content/STANDUP_Database/healthy/thermal/H_0110.png,0.1901554548566454,0.9999999999598392,0.2544584662834332,0.9999999999598392,19,35.31512388010867,193.4028867713212,0.7085649876302333,7.417622086908406,/content/STANDUP_RGB_P/H_0110.png,0.2019662,0.19936109,0.19886737,0.04,0.02,0.02,0.12098309814929963,0.10968054294586181,0.10943368285894393,0,0,0
H_0111.png,/content/STANDUP_Database/healthy/RGB/H_0111.png,healthy,H_P75,T10,0,train,/content/STANDUP_Database/healthy/thermal/H_0111.png,0.0807442697977016,0.9985540774610188,0.2031607887547109,0.9985540774610188,4,14.713708693423726,92.82539237668789,0.8951040173827429,4.1542150288259805,/content/STANDUP_RGB_P/H_0111.png,0.20363343,0.20101221,0.20051543,0.17,0.09666666666666666,0.08385176424206583,0.18681671380996706,0.1488394378622373,0.14218359919399665,0,0,0
H_0112.png,/content/STANDUP_Database/healthy/RGB/H_0112.png,healthy,H_P76,T0,0,train,/content/STANDUP_Database/healthy/thermal/H_0112.png,0.1522950706051802,0.9999999999607844,0.288755017543065,0.9999999999607844,3,22.07759429252591,165.2974055093026,0.835866758579992,5.306816785275028,/content/STANDUP_RGB_P/H_0112.png,0.20702747,0.20437379,0.20387083,0.07666666666666666,0.03303779069767442,0.016666666666666666,0.1418470658858617,0.11870579125576242,0.11026874979337056,0,0,0
H_0113.png,/content/STANDUP_Database/healthy/RGB/H_0113.png,healthy,H_P76,T10,0,train,/content/STANDUP_Database/healthy/thermal/H_0113.png,0.095199457930656,0.9999999999595142,0.230263326432546,0.9999999999595142,1,16.640133324524175,110.61402946829698,0.8831174582160922,4.306680349133874,/content/STANDUP_RGB_P/H_0113.png,0.120852195,0.11913715,0.11881264,0.07,0.02666666666666667,0.01724310633164173,0.09542609736323357,0.07290190984805425,0.06802787466159227,0,0,0
H_0114.png,/content/STANDUP_Database/healthy/RGB/H_0114.png,healthy,H_P77,T0,0,train,/content/STANDUP_Database/healthy/thermal/H_0114.png,0.1050951877157729,0.9966815994285404,0.1995719717105665,0.9966815994285404,7,15.86841997757165,65.44358584241276,0.8359122194231662,5.373613979040727,/content/STANDUP_RGB_P/H_0114.png,0.28454745,0.28125256,0.28062713,0.25666666666666665,0.12666666666666668,0.09973551147413458,0.2706070574124654,0.20395961483319602,0.19018132146811587,0,0,0
H_0115.png,/content/STANDUP_Database/healthy/RGB/H_0115.png,healthy,H_P77,T10,0,train,/content/STANDUP_Database/healthy/thermal/H_0115.png,0.1652199193834126,0.99822904364234,0.2977826642416485,0.99822904364234,9,22.099299756915894,169.59344971173655,0.8301988618176764,5.500955203719689,/content/STANDUP_RGB_P/H_0115.png,0.31657287,0.3130694,0.31240398,0.18333333333333332,0.07210473313192346,0.08,0.24995310405890148,0.19258706815173138,0.19620198845863343,0,0,0
H_0116.png,/content/STANDUP_Database/healthy/RGB/H_0116.png,healthy,H_P78,T0,0,train,/content/STANDUP_Database/healthy/thermal/H_0116.png,0.0694771254702303,0.9999999999497488,0.2147456036522014,0.9999999999497488,1,10.77927236858586,55.4652866752125,0.9167352198057506,3.688846116920784,/content/STANDUP_RGB_P/H_0116.png,0.2290337,0.22617836,0.22563696,0.25666666666666665,0.013333333333333334,0.013333333333333334,0.24285018016894658,0.11975584814945857,0.11948514620463054,0,0,0
H_0117.png,/content/STANDUP_Database/healthy/RGB/H_0117.png,healthy,H_P78,T10,0,train,/content/STANDUP_Database/healthy/thermal/H_0117.png,0.1617981285795363,0.996255760328492,0.2339844062153211,0.996255760328492,11,19.986662175616832,63.38100576553949,0.7695225393578905,6.751271255674622,/content/STANDUP_RGB_P/H_0117.png,0.3577389,0.35401586,0.35330814,0.31666666666666665,0.21,0.13430440226862903,0.3372027893861135,0.2820079284906387,0.24380627175008296,0,0,0
H_0118.png,/content/STANDUP_Database/healthy/RGB/H_0118.png,healthy,H_P79,T0,0,train,/content/STANDUP_Database/healthy/thermal/H_0118.png,0.2279203259428166,0.9998270494214878,0.2946530534219306,0.9998270494214878,11,34.58082878545689,147.12491992313923,0.6889955010667669,7.69209856607976,/content/STANDUP_RGB_P/H_0118.png,0.31624034,0.31273887,0.31207383,0.08666666666666667,0.013333333333333334,0.02666666666666667,0.20145350356896718,0.16303609947363534,0.16937024672826131,0,0,0
H_0119.png,/content/STANDUP_Database/healthy/RGB/H_0119.png,healthy,H_P79,T10,0,train,/content/STANDUP_Database/healthy/thermal/H_0119.png,0.1582270950406097,0.9998724489379304,0.2360544792105171,0.9998724489379304,6,24.075814765991684,72.99319346573199,0.7445854409504297,6.768606181070584,/content/STANDUP_RGB_P/H_0119.png,0.22139737,0.21861026,0.21808186,0.18666666666666668,0.06666666666666667,0.06830529595015576,0.204032018383344,0.14263846178849537,0.14319357884227302,0,0,0
H_0120.png,/content/STANDUP_Database/healthy/RGB/H_0120.png,healthy,H_P80,T0,0,train,/content/STANDUP_Database/healthy/thermal/H_0120.png,0.1418682450226858,0.9997108154598152,0.2397039445931993,0.9997108154598152,8,21.12169656228029,127.10694266496644,0.821944449500915,5.686720770443181,/content/STANDUP_RGB_P/H_0120.png,0.24846165,0.24544123,0.2448683,0.09,0.05333333333333334,0.07346464871333726,0.16923082441091536,0.14938728074232738,0.1591664710589582,0,0,0
H_0121.png,/content/STANDUP_Database/healthy/RGB/H_0121.png,healthy,H_P80,T10,0,train,/content/STANDUP_Database/healthy/thermal/H_0121.png,0.0826804159032797,0.9947735191233252,0.2053238023500264,0.9947735191233252,3,14.93475155058427,98.59721332479776,0.8896772445029609,4.199960960554825,/content/STANDUP_RGB_P/H_0121.png,0.21228121,0.20957801,0.20906559,0.07,0.02666666666666667,0.01,0.1411406061053276,0.11812233706315359,0.10953279316425324,0,0,0
H_0122.png,/content/STANDUP_Database/healthy/RGB/H_0122.png,healthy,H_P81,T0,0,train,/content/STANDUP_Database/healthy/thermal/H_0122.png,0.1533783811155014,0.9957983192858908,0.2802199035991344,0.9957983192858908,8,20.993253853981784,128.23946989110425,0.8224381482445643,5.530209108832898,/content/STANDUP_RGB_P/H_0122.png,0.16293216,0.16072914,0.16031194,0.07,0.08333333333333333,0.03666666666666667,0.11646607875823975,0.12203123668829599,0.09848930199941,0,0,0
H_0123.png,/content/STANDUP_Database/healthy/RGB/H_0123.png,healthy,H_P81,T10,0,train,/content/STANDUP_Database/healthy/thermal/H_0123.png,0.1227258176702189,0.9999571256654108,0.266903170652627,0.9999571256654108,8,17.641498832914916,130.1333680333207,0.8561520835080433,4.715709699035703,/content/STANDUP_RGB_P/H_0123.png,0.20169558,0.19909307,0.19859986,0.10333333333333333,0.08666666666666667,0.08491167776021316,0.15251445482174555,0.14287987013657888,0.14175576891617453,0,0,0
H_0124.png,/content/STANDUP_Database/healthy/RGB/H_0124.png,healthy,H_P82,T0,0,train,/content/STANDUP_Database/healthy/thermal/H_0124.png,0.129819250257597,0.9841269840849276,0.2751630011936249,0.9841269840849276,5,22.965544763206903,144.9592408712532,0.8506241819859787,4.933676111480384,/content/STANDUP_RGB_P/H_0124.png,0.3079392,0.30448875,0.30383345,0.04666666666666667,0.03,0.02,0.17730293413003287,0.16724437415599824,0.16191672742366792,0,0,0
H_0125.png,/content/STANDUP_Database/healthy/RGB/H_0125.png,healthy,H_P82,T10,0,train,/content/STANDUP_Database/healthy/thermal/H_0125.png,0.2052024462747096,0.9911504424340198,0.3094138676026593,0.9911504424340198,6,24.774458861560696,130.87652146061248,0.7616937183196258,6.49143806013642,/content/STANDUP_RGB_P/H_0125.png,0.2613884,0.25826484,0.25767222,0.21333333333333335,0.08333333333333333,0.006666666666666667,0.23736086229483289,0.17079908649126688,0.1321694435675939,0,0,0
