filename,split,label,mean_pressure,max_pressure,contact_area,cop_x,cop_y
image_0846_png_jpg.rf.4582c59964d85db3862ae057477c4220_rot10.jpg,train,flat foot,0.6738121,1,32.32621173,0.512045314,0.494506952
image_0411_png_jpg.rf.5e1527a361e1cb53ccff3bd1d58dc4e5_rot-15.jpg,train,flat foot,0.65817964,1,33.19913903,0.498408818,0.49668394
image_0324_jpg.rf.8bd2173d18b1fa2f96dd962d3d738125_rot15.jpg,train,flat foot,0.63180995,1,34.13584184,0.482842966,0.502698995
image_0369_jpg.rf.2ecf5b54ab39719506ab1974cd4c6c69_rot-15.jpg,train,flat foot,0.64648855,1,34.09398916,0.516245283,0.499632149
image_0308_png_jpg.rf.555b04b72ab27555ea780eb7327aac15.jpg,train,flat foot,0.69710433,1,33.00980548,0.482468845,0.502351104
image_0159_png_jpg.rf.da380808d0203aa8dabf1d9a7baf9e75_rot-5.jpg,train,flat foot,0.6316219,1,32.40393814,0.501009799,0.502488698
image_0933_png_jpg.rf.b0546c68114cc2f01971f0a6935a6a5c_rot10.jpg,train,flat foot,0.67783266,1,33.51801658,0.47909102,0.503524185
image_0633_png_jpg.rf.3332deafa84e83fc10859bee032b08bd.jpg,train,flat foot,0.66268027,1,32.51753827,0.50566503,0.502642132
image_0221_jpg.rf.ad05cdb883c84d6431230713c6908d0a.jpg,train,flat foot,0.73084855,1,32.92410714,0.482442826,0.498076657
image_0286_jpg.rf.d71c29a357697a4698a225771dedf026_flip.jpg,train,flat foot,0.6770984,1,32.92610013,0.524302308,0.497894007
image_0911_png_jpg.rf.dba98d8d10dd8657ea6bab0a951cd00b_flip.jpg,train,flat foot,0.7115096,1,32.94204401,0.515401035,0.500416737
image_0324_jpg.rf.804aea319166caa4958a736f4b768731_rot-10.jpg,train,flat foot,0.6147331,1,32.92410714,0.483487544,0.495539034
image_0221_jpg.rf.eaa9a7c5fe0a7b0b3de7302b1515b62d_rot10.jpg,train,flat foot,0.716008,1,32.82844388,0.474599305,0.498956993
image_0160_png_jpg.rf.390e99f54b1815a21354b164f8df1c80_rot5.jpg,train,flat foot,0.65761185,1,33.20113202,0.49401252,0.501085081
image_0717_png_jpg.rf.e7c66f4eeca3887716d9e653cf0e01c8_rot15.jpg,train,flat foot,0.6413747,1,33.55389031,0.498032595,0.501808344
image_0362_png_jpg.rf.b1338548dbef234015f3a4d650c7eb82_rot-10.jpg,train,flat foot,0.6808463,1,33.47815689,0.480248547,0.499994016
image_0205_png_jpg.rf.a8b97f4fb146a71b7ddf8d1ca5527248_rot-5.jpg,train,flat foot,0.65426046,1,33.21707589,0.497026648,0.503598333
image_0101_png_jpg.rf.7ee096bf0e64d620a55752931a391947_rot10.jpg,train,flat foot,0.7012073,1,33.66151148,0.491614221,0.500408359
image_0611_png_jpg.rf.986c02197ede3edb5116562540b70100_rot15.jpg,train,flat foot,0.6895729,1,33.75119579,0.490383305,0.499909233
image_0308_png_jpg.rf.555b04b72ab27555ea780eb7327aac15_rot-10.jpg,train,flat foot,0.6911064,1,33.63560268,0.48306244,0.499399905
image_0906_png_jpg.rf.2140de6b1fd6965ad20c73cea48536c3_rot5.jpg,train,flat foot,0.65385175,1,33.24099171,0.482510834,0.505132773
image_0408_png_jpg.rf.c74a0e4591f709a24a5a6e3157bf4fc1_flip.jpg,train,flat foot,0.6985379,1,33.03571429,0.513988317,0.5006407
image_0486_png_jpg.rf.2be259bd22bd0bd397dcd175e5cea54d.jpg,train,flat foot,0.61434317,1,31.99338329,0.461224541,0.508035679
image_0060_png_jpg.rf.af74619b9a1ebcf57c7330b5bb0ca6d1.jpg,train,flat foot,0.73752224,1,32.94204401,0.481725193,0.498963023
image_0159_png_jpg.rf.da380808d0203aa8dabf1d9a7baf9e75_rot-15.jpg,train,flat foot,0.63601,1,33.41039541,0.501204429,0.50251678
image_0167_jpg.rf.508f9d23208ce4967cad2ec64c313320_rot5.jpg,train,flat foot,0.6422035,1,32.71484375,0.450317836,0.502291161
image_0172_jpg.rf.c77ec69f3ac9bc0e2109e535cc86d56c_flip.jpg,train,flat foot,0.69162935,1,32.37802934,0.512502739,0.502050396
image_0488_png_jpg.rf.915410e01865dd6ddddd1f29bb16567a_flip.jpg,train,flat foot,0.6898626,1,32.47568559,0.513836699,0.503775331
image_0323_jpg.rf.e5b8b09605d0c4ba523e4556a42b3551_rot15.jpg,train,flat foot,0.6203232,1,34.2574139,0.487517016,0.508591309
image_0362_png_jpg.rf.b1338548dbef234015f3a4d650c7eb82.jpg,train,flat foot,0.68495977,1,33.02973533,0.478352135,0.50303621
image_0264_jpg.rf.2933bd983d88f6b9b53a0304a78371b4_flip.jpg,train,flat foot,0.66346204,1,32.87428253,0.513260663,0.49509046
image_0108_png_jpg.rf.c7fe5cebeabcf1e87647a7623a5e75be_flip.jpg,train,flat foot,0.6917388,1,32.88026148,0.528580719,0.495886907
image_0207_jpg.rf.f1e41bd164de78f3b646c1d67d5c3332_rot5.jpg,train,flat foot,0.6875886,1,33.26490753,0.468914841,0.506855691
image_0078_png_jpg.rf.fb65d4582048ce185e6ccb84a5e28c01_rot15.jpg,train,flat foot,0.69091636,1,33.04767219,0.495264527,0.504304905
image_0172_jpg.rf.8f1879f7f074f31489b00ecc5076dacf.jpg,train,flat foot,0.699827,1,32.93407207,0.482642369,0.499996366
image_0310_png_jpg.rf.e1d7c62c4cade71d0b3dd60b4e135417_rot-15.jpg,train,flat foot,0.69723576,1,34.30125957,0.470624158,0.497276127
image_0779_png_jpg.rf.25e80aa2658591c86b82e3604b129719_rot10.jpg,train,flat foot,0.6298824,1,33.53993941,0.474374897,0.502443308
image_0309_png_jpg.rf.62f154d582d14a992504011f4a17f6a2_rot-10.jpg,train,flat foot,0.6897016,1,33.50406569,0.48727266,0.49772773
image_0369_jpg.rf.8c7cb8b7ecdd929dac3f074b9beeaaf2_rot-5.jpg,train,flat foot,0.65205926,1,33.2290338,0.480484589,0.504006881
image_0119_png_jpg.rf.157b42c0626aa987d0c690ab27270702_rot-10.jpg,train,flat foot,0.6614671,1,33.08952487,0.479039776,0.499828687
image_0779_png_jpg.rf.a871cdfc8ff7692f4df6aa5f129d6f00_flip.jpg,train,flat foot,0.61940926,1,32.62515944,0.462961248,0.498764598
image_0239_jpg.rf.19392a222d5ee2ebf58f93ae41c88f73_rot15.jpg,train,flat foot,0.6578781,1,32.96595982,0.483989567,0.500567518
image_0097_png_jpg.rf.e071f128e821ee121b400909546d1e84_rot-15.jpg,train,flat foot,0.6400791,1,34.28132972,0.481151821,0.497833836
image_0323_jpg.rf.e5b8b09605d0c4ba523e4556a42b3551_rot10.jpg,train,flat foot,0.615828,1,33.60969388,0.487295517,0.507382718
image_0634_png_jpg.rf.c1cc5098bd0bb16b6f45c2d2cf9589ef.jpg,train,flat foot,0.6528515,1,32.98389668,0.472815442,0.502301926
image_0060_png_jpg.rf.282104804868eedc5ce2aeb8c69103e7_rot-10.jpg,train,flat foot,0.71151346,1,32.80452806,0.480210923,0.493234918
image_0093_png_jpg.rf.5c1dc04fc34d53275db18f01cf4a62b4_rot-5.jpg,train,flat foot,0.68337667,1,32.65306122,0.464422624,0.50141635
image_0716_png_jpg.rf.56b06743a79878f1c766fa6e1da53e92_rot-5.jpg,train,flat foot,0.63949937,1,32.00733418,0.469536834,0.499405549
image_0118_png_jpg.rf.dd0bab89e1155e72ab0d46c591b17c0a_rot15.jpg,train,flat foot,0.69767845,1,34.19563138,0.473588969,0.506281147
image_0801_png_jpg.rf.5daa2262db18ae590757501a9e85ccf7_rot-10.jpg,train,flat foot,0.6614595,1,32.19268176,0.506584644,0.504874273
image_0333_jpg.rf.9537c7dac0644b64680d61dbe63ed171_rot-5.jpg,train,flat foot,0.67265296,1,33.26690051,0.479806253,0.501959747
image_0870_png_jpg.rf.b70be512a61fa9ae8d02d172f1988ee0_rot10.jpg,train,flat foot,0.67317706,1,33.62563776,0.492697428,0.503054149
image_0102_png_jpg.rf.16ba2e2557429cda11a8cbff92a05fcf_rot-15.jpg,train,flat foot,0.7063548,1,34.26339286,0.484193425,0.495915925
image_0513_png_jpg.rf.03e4dc9c20ef5ddcc5c613183dc97e9d_flip.jpg,train,flat foot,0.7125734,1,32.95798788,0.508737661,0.498819888
image_0223_jpg.rf.4d58d3aab7c8c9590e23db2d04645872_flip.jpg,train,flat foot,0.6764312,1,31.94953763,0.487149459,0.501575963
image_0408_jpg.rf.0549b5def20c5c6dff7e65e56950ab5a.jpg,train,flat foot,0.67704165,1,32.32421875,0.479993883,0.500958905
image_0498_png_jpg.rf.504e5709688c467893079b51255835ef_rot15.jpg,train,flat foot,0.70003957,1,34.09797513,0.505517594,0.497682649
image_0146_png_jpg.rf.c4c2cdaa131ffa126959a095e96fd10e_rot-15.jpg,train,flat foot,0.70661753,1,34.24944196,0.48895333,0.497367069
image_0666_png_jpg.rf.596c5fb0a9671a3b69a8a3a617358587_rot-10.jpg,train,flat foot,0.68349653,1,33.60371492,0.487896761,0.499029542
image_0059_png_jpg.rf.77e79d736facdaae127f44688c340ccd.jpg,train,flat foot,0.67900527,1,32.54743304,0.468242803,0.505626896
image_0016_png_jpg.rf.7ea51bb3981e92368b7efdfd13bb2394_rot-10.jpg,train,flat foot,0.68592125,1,33.56983418,0.488388275,0.498259937
image_0658_png_jpg.rf.126034b4160b0bf4578129e2cf863c92_flip.jpg,train,flat foot,0.6112256,1,32.59925064,0.483181469,0.498424096
image_0912_png_jpg.rf.5b5ef747ad9042cacdf0c8b85cc2fae1_rot5.jpg,train,flat foot,0.6494606,1,32.25047832,0.527893288,0.496995251
image_0846_png_jpg.rf.cd83698c216023c1574ee942377b0cc2_rot-15.jpg,train,flat foot,0.6968987,1,34.29129464,0.488280346,0.499008184
image_0913_png_jpg.rf.9c45644eaf7b224789924e9b0d9fbfc7_rot-15.jpg,train,flat foot,0.666381,1,33.60969388,0.491724913,0.499574556
image_0906_png_jpg.rf.2140de6b1fd6965ad20c73cea48536c3_rot-5.jpg,train,flat foot,0.65314144,1,33.24896365,0.482392338,0.502057523
image_0933_png_jpg.rf.6dc51ea56c0da80d58c6684a8ce35810_flip.jpg,train,flat foot,0.6596895,1,32.24649235,0.504625788,0.500365623
image_0532_png_jpg.rf.72599ac8edac64eb9b0a2615c3f2b085.jpg,train,flat foot,0.672434,1,32.42586097,0.509977803,0.493166392
image_0716_png_jpg.rf.226ed41aa31b30acca2651ca5d2c3603_rot15.jpg,train,flat foot,0.6773642,1,34.24944196,0.504103157,0.500127307
image_0160_png_jpg.rf.390e99f54b1815a21354b164f8df1c80_rot-5.jpg,train,flat foot,0.6557662,1,33.18917411,0.49443169,0.500079479
image_0097_png_jpg.rf.e071f128e821ee121b400909546d1e84_rot10.jpg,train,flat foot,0.63734925,1,33.63360969,0.480317217,0.506321949
image_0670_png_jpg.rf.5c1190b7871690c0c0d58683c2a41a49.jpg,train,flat foot,0.6095553,1,31.92163584,0.517428203,0.502187194
image_0368_jpg.rf.beeb5d80a970e2d99f1d11b4e2b5e35f_rot-10.jpg,train,flat foot,0.6469986,1,32.40593112,0.498156691,0.502936797
image_0846_png_jpg.rf.4582c59964d85db3862ae057477c4220_rot5.jpg,train,flat foot,0.6753042,1,31.89971301,0.511861677,0.495709161
image_0370_jpg.rf.0bb98dd4ad80a5d59dfaa317bea29372_rot5.jpg,train,flat foot,0.6662649,1,33.04966518,0.484057275,0.500253081
image_0261_jpg.rf.6d3bf2996e90c4301a46d100c9d67de7_rot-5.jpg,train,flat foot,0.6654399,1,33.2808514,0.467869268,0.499166407
image_0846_png_jpg.rf.115d4be86139990a1f14bf01ac5e485a_rot-5.jpg,train,flat foot,0.66648155,1,32.04320791,0.504785346,0.499760928
image_0025_png_jpg.rf.7b35ec8c84e3b06a9a68e1a0a689c40f.jpg,train,flat foot,0.65265566,1,32.421875,0.479314192,0.505210431
image_0020_png_jpg.rf.19713a16470395a5116aa3b8e35c7d34_rot-5.jpg,train,flat foot,0.680598,1,33.15927934,0.481417649,0.499232143
image_0102_png_jpg.rf.16ba2e2557429cda11a8cbff92a05fcf_rot15.jpg,train,flat foot,0.70704055,1,34.25940689,0.483007922,0.504726846
image_0060_png_jpg.rf.282104804868eedc5ce2aeb8c69103e7_flip.jpg,train,flat foot,0.7155746,1,32.20463967,0.516992231,0.496678603
image_0590_png_jpg.rf.a385dae12028bc79945b79d27c11efdc_rot10.jpg,train,flat foot,0.69407386,1,33.62563776,0.485061028,0.503249545
image_0036_png_jpg.rf.f85e823bcff37f77f15c8b2bed3c8593_rot-10.jpg,train,flat foot,0.63094103,1,33.38448661,0.497333334,0.492824024
image_0138_png_jpg.rf.7983c325bee0b55eb8268471ec44fb59_rot10.jpg,train,flat foot,0.73024213,1,33.40441645,0.529865376,0.490751293
image_0656_png_jpg.rf.fcd809716fe68ed40368cadcba74fa21_rot-15.jpg,train,flat foot,0.6836217,1,33.84685906,0.502389395,0.504818922
image_0513_png_jpg.rf.03e4dc9c20ef5ddcc5c613183dc97e9d_rot-10.jpg,train,flat foot,0.7062309,1,33.61567283,0.487830472,0.496726108
image_0779_png_jpg.rf.25e80aa2658591c86b82e3604b129719_flip.jpg,train,flat foot,0.6334878,1,32.9300861,0.521087271,0.497859621
image_0779_png_jpg.rf.47b7b0d0cb75e38ffd98516dc28f206c_rot-15.jpg,train,flat foot,0.6219775,1,33.59175702,0.472155058,0.490952923
image_0221_jpg.rf.eaa9a7c5fe0a7b0b3de7302b1515b62d_rot-15.jpg,train,flat foot,0.7156663,1,33.66948342,0.479011243,0.488972273
image_0363_png_jpg.rf.8df24e7a632f5cb70c5ef08bc84e70ae_rot-5.jpg,train,flat foot,0.6589091,1,32.37404337,0.479453254,0.498333328
image_0498_png_jpg.rf.504e5709688c467893079b51255835ef_flip.jpg,train,flat foot,0.7047299,1,32.88424745,0.49010944,0.499221156
image_0239_jpg.rf.19392a222d5ee2ebf58f93ae41c88f73_rot5.jpg,train,flat foot,0.65199476,1,31.97544643,0.484221697,0.497549023
image_0633_png_jpg.rf.58f0b882292dfe42defa165fa86ecc15_flip.jpg,train,flat foot,0.6858525,1,32.87428253,0.507464514,0.499562575
image_0991_png_jpg.rf.4d66130654594d619dd146688b1d95a6_rot15.jpg,train,flat foot,0.6909466,1,34.32716837,0.471790444,0.511761383
image_0486_png_jpg.rf.7222a9df1f375f7da900133fb1ee88b5_rot-15.jpg,train,flat foot,0.6449231,1,34.30723852,0.469569376,0.494209134
image_0108_png_jpg.rf.d96ac8ec2bc35e481e5f464ed8177dd6_rot-10.jpg,train,flat foot,0.6717602,1,32.61320153,0.462389965,0.489700135
image_0532_png_jpg.rf.72599ac8edac64eb9b0a2615c3f2b085_rot5.jpg,train,flat foot,0.6692696,1,32.57134885,0.510032034,0.491995807
image_0590_png_jpg.rf.a385dae12028bc79945b79d27c11efdc_rot-15.jpg,train,flat foot,0.69609916,1,34.27933673,0.486488498,0.497043159
image_0125_png_jpg.rf.79e4908e015dc8a04a5c0b133ed88086_flip.jpg,train,flat foot,0.6582945,1,32.50956633,0.490630381,0.500451893
image_0016_png_jpg.rf.7ea51bb3981e92368b7efdfd13bb2394_rot5.jpg,train,flat foot,0.6855017,1,33.17323023,0.487491162,0.501368835
image_0778_png_jpg.rf.b999c8f4a1c149336efb5438e26213ce_rot-5.jpg,train,flat foot,0.63027245,1,33.27088648,0.47124924,0.502576894
image_0411_png_jpg.rf.5e1527a361e1cb53ccff3bd1d58dc4e5_rot5.jpg,train,flat foot,0.6554333,1,32.15481505,0.496394165,0.497298508
image_0486_png_jpg.rf.2be259bd22bd0bd397dcd175e5cea54d_rot5.jpg,train,flat foot,0.6102328,1,32.08107462,0.460270059,0.511682315
image_0093_png_jpg.rf.06de61ad3c3aed4d73ef0f4e871ad10c.jpg,train,flat foot,0.67338794,1,32.24250638,0.519528716,0.501300709
image_0138_png_jpg.rf.7983c325bee0b55eb8268471ec44fb59.jpg,train,flat foot,0.7345034,1,32.9819037,0.527888764,0.496956158
image_0988_png_jpg.rf.0e149119eb95810994b496cdc81f02a9_rot15.jpg,train,flat foot,0.6855773,1,34.16175064,0.482974476,0.502581526
image_0221_jpg.rf.ad05cdb883c84d6431230713c6908d0a_rot15.jpg,train,flat foot,0.7259071,1,34.23349809,0.482409874,0.502890187
image_0590_png_jpg.rf.dcd6007baf0661086de5f5a193ddd407.jpg,train,flat foot,0.6808583,1,32.06313776,0.478429229,0.49575325
image_0408_png_jpg.rf.c74a0e4591f709a24a5a6e3157bf4fc1_rot-15.jpg,train,flat foot,0.69343275,1,34.32118941,0.483271103,0.496250408
image_0125_png_jpg.rf.ad5c4ac022ecd55398fec79c516207ec_rot-10.jpg,train,flat foot,0.65431494,1,32.87627551,0.485526576,0.498933988
image_0107_png_jpg.rf.f93d2d288980a9c72f1d931de8a90018_rot5.jpg,train,flat foot,0.65760404,1,33.26889349,0.471938249,0.505419675
image_0078_png_jpg.rf.303bca6a2311c523e1e6c4e6a6c792bf_rot10.jpg,train,flat foot,0.70288986,1,33.59972895,0.488155885,0.501982017
image_0278_jpg.rf.7aeb0cbde7c6d6c38aea7508c2a34b2d_rot15.jpg,train,flat foot,0.67036426,1,34.24545599,0.470820607,0.505718514
image_0632_png_jpg.rf.ebbd09fb9c722e594c4428965c4f0519_rot-10.jpg,train,flat foot,0.6547088,1,32.54344707,0.475265701,0.498823387
image_0371_jpg.rf.f3c870919d0db0ea3987606faff00aa9_rot5.jpg,train,flat foot,0.6982364,1,33.24697066,0.461479923,0.507108994
image_0411_png_jpg.rf.2b440abf549ad8ed46444901634c20e5_rot15.jpg,train,flat foot,0.6816575,1,33.95448023,0.486454573,0.504869888
image_0160_png_jpg.rf.390e99f54b1815a21354b164f8df1c80_flip.jpg,train,flat foot,0.6613058,1,32.95798788,0.501332951,0.500546901
image_0496_png_jpg.rf.d5a6ee5aedbd6ce4e051d95f5cc00cc8_rot5.jpg,train,flat foot,0.6715655,1,31.90768495,0.501429411,0.507545533
image_0264_jpg.rf.2933bd983d88f6b9b53a0304a78371b4_rot15.jpg,train,flat foot,0.6616948,1,34.14381378,0.481479608,0.500202337
image_0138_png_jpg.rf.7983c325bee0b55eb8268471ec44fb59_rot-5.jpg,train,flat foot,0.73230267,1,33.12739158,0.527312933,0.499706992
image_0411_png_jpg.rf.2b440abf549ad8ed46444901634c20e5_rot5.jpg,train,flat foot,0.67905134,1,32.9161352,0.485953447,0.502386513
image_0172_jpg.rf.c77ec69f3ac9bc0e2109e535cc86d56c_rot10.jpg,train,flat foot,0.6864765,1,33.02574936,0.483418756,0.505011568
image_0717_png_jpg.rf.95dbd52a4424174e4d45ded4373a1d12.jpg,train,flat foot,0.64984083,1,32.94602997,0.497205241,0.500321296
image_0481_png_jpg.rf.3d6a11bf36a03dcfa8df76a4f5470e59_rot10.jpg,train,flat foot,0.6012777,1,33.05165816,0.495014837,0.506850235
image_0101_png_jpg.rf.7ee096bf0e64d620a55752931a391947_rot15.jpg,train,flat foot,0.70382977,1,34.30125957,0.491527428,0.501254434
image_0643_png_jpg.rf.907f4d9cf0078527b4c1b88d76d935cf_rot-5.jpg,train,flat foot,0.6886886,1,33.01977041,0.484708938,0.496880496
image_0331_png_jpg.rf.7609e40cd13e1e1fe3a448ab88dba06d.jpg,train,flat foot,0.72043985,1,32.94005102,0.481811573,0.498590592
image_0496_png_jpg.rf.b4da3370e67009089c6081fd43f5ab0b_rot-5.jpg,train,flat foot,0.7103731,1,33.31473214,0.486234591,0.501376327
image_0032_png_jpg.rf.4ea0d436bcbcc4bd05f3206e6e4986cc_rot5.jpg,train,flat foot,0.66235816,1,33.05763712,0.522154562,0.501058225
image_0286_jpg.rf.d969caee15eec57db07e6bc38139975c.jpg,train,flat foot,0.649069,1,32.21061862,0.514625127,0.501528211
image_0025_png_jpg.rf.7b35ec8c84e3b06a9a68e1a0a689c40f_rot-10.jpg,train,flat foot,0.6469534,1,33.06760204,0.479556542,0.501631465
image_0036_png_jpg.rf.f85e823bcff37f77f15c8b2bed3c8593_rot5.jpg,train,flat foot,0.6293851,1,33.00581952,0.494790951,0.493680947
image_0119_png_jpg.rf.157b42c0626aa987d0c690ab27270702_rot10.jpg,train,flat foot,0.66129935,1,33.10347577,0.479214591,0.507188624
image_0317_jpg.rf.073a6f536089d354adc2cd71fcd82e58_flip.jpg,train,flat foot,0.664489,1,32.39198023,0.468385847,0.499944646
image_0107_png_jpg.rf.da9c37ea0c8068576b1607e593dee4f8_rot-15.jpg,train,flat foot,0.63804823,1,33.39644452,0.480876529,0.500603615
image_0223_jpg.rf.da84f99b48fb841f000a54d12ac96a3f_rot-15.jpg,train,flat foot,0.69424975,1,34.07206633,0.490847426,0.496523036
image_0041_png_jpg.rf.d2a646d4aac55c94b5d75828ce3dedf0.jpg,train,flat foot,0.7253196,1,33.00581952,0.484466437,0.500903231
image_0984_png_jpg.rf.08cc50a2f7a6b7d1cc558ae3b5be99a1_rot10.jpg,train,flat foot,0.69491196,1,33.59375,0.489460339,0.499891298
image_0309_png_jpg.rf.080038b1f743f3b6830be528ceb1a08a_rot-15.jpg,train,flat foot,0.6619293,1,33.5419324,0.528052945,0.503962708
image_0264_jpg.rf.c78074e18a133a77395102558122ebdc_flip.jpg,train,flat foot,0.6291316,1,31.74625319,0.471642319,0.502446239
image_0317_jpg.rf.bffa0ae82da1b9447ad10ce77a904a11_rot5.jpg,train,flat foot,0.6648139,1,32.72680166,0.486599836,0.500300929
image_0064_png_jpg.rf.38e5999f491d310cf152258d6d575bce_rot5.jpg,train,flat foot,0.70503986,1,33.2290338,0.479125488,0.502353379
image_0333_jpg.rf.e869149cef5126ef6a7ff480bfbc660e.jpg,train,flat foot,0.63764673,1,31.51705995,0.544714963,0.490739056
image_0262_jpg.rf.2b5a7d13606cdf6a1dfbc6f1524c5396_rot15.jpg,train,flat foot,0.6462714,1,34.19363839,0.473972341,0.505604933
image_0385_jpg.rf.64ee9935a0e01ec84d23dbf2f7a1e276_rot10.jpg,train,flat foot,0.6746564,1,33.20511798,0.466569376,0.509032411
image_0223_jpg.rf.719276660705c9577d180f9e75db74dd.jpg,train,flat foot,0.7016374,1,32.92610013,0.488543407,0.498672639
image_0102_png_jpg.rf.16ba2e2557429cda11a8cbff92a05fcf_rot-5.jpg,train,flat foot,0.7046808,1,33.23899872,0.482904003,0.498592906
image_0022_png_jpg.rf.255eea8ed3f9e1cbd36bc5ee88f57192_rot15.jpg,train,flat foot,0.63904077,1,33.2948023,0.538405838,0.491937476
image_0331_png_jpg.rf.7609e40cd13e1e1fe3a448ab88dba06d_rot10.jpg,train,flat foot,0.7131731,1,33.58976403,0.48164976,0.501878787
image_0025_png_jpg.rf.7b35ec8c84e3b06a9a68e1a0a689c40f_rot-15.jpg,train,flat foot,0.65046835,1,33.70934311,0.480128818,0.499930591
image_0317_jpg.rf.63b1f20861f4827caf3ffc0c3b15672a_rot5.jpg,train,flat foot,0.68274117,1,33.24298469,0.487608084,0.502399816
image_0097_png_jpg.rf.7d2eed8b80c4bdf195c746191a7d5a8f_rot-10.jpg,train,flat foot,0.60325223,1,32.42785395,0.501625913,0.499907636
image_0020_png_jpg.rf.19713a16470395a5116aa3b8e35c7d34_rot10.jpg,train,flat foot,0.6807204,1,33.53595344,0.481340443,0.504179865
image_0097_png_jpg.rf.e071f128e821ee121b400909546d1e84_rot15.jpg,train,flat foot,0.64064085,1,34.27734375,0.480818655,0.508066966
image_0480_png_jpg.rf.0a693961205a9c9597ef70b03524a35e_flip.jpg,train,flat foot,0.6391477,1,33.01777742,0.510060439,0.501836618
image_0611_png_jpg.rf.986c02197ede3edb5116562540b70100_flip.jpg,train,flat foot,0.69404644,1,32.44977679,0.504241187,0.497202267
image_0107_png_jpg.rf.f93d2d288980a9c72f1d931de8a90018.jpg,train,flat foot,0.6629649,1,33.02176339,0.47171017,0.50295909
image_0658_png_jpg.rf.973ca402fd0726592d108c0a7242f93d_rot-15.jpg,train,flat foot,0.629036,1,34.28531569,0.477082461,0.498843154
image_0333_jpg.rf.391326a43463395423a33a89aaa2101c_flip.jpg,train,flat foot,0.6466404,1,31.77614796,0.492528924,0.503594642
image_0498_png_jpg.rf.504e5709688c467893079b51255835ef_rot-15.jpg,train,flat foot,0.7018106,1,33.99633291,0.505149991,0.500819509
image_0496_png_jpg.rf.b4da3370e67009089c6081fd43f5ab0b_rot10.jpg,train,flat foot,0.7094941,1,33.6854273,0.486499344,0.504984706
image_0488_png_jpg.rf.07215aed252fc97a81ba6d1e6ec38d87_rot10.jpg,train,flat foot,0.6999851,1,33.65353954,0.489083323,0.504130827
image_0846_png_jpg.rf.cd83698c216023c1574ee942377b0cc2_rot15.jpg,train,flat foot,0.69810873,1,34.2833227,0.487944542,0.505381391
image_0077_png_jpg.rf.677c12f3c9a4ce3491825c6916373448_rot15.jpg,train,flat foot,0.7000263,1,34.33713329,0.465198686,0.513771173
image_0846_png_jpg.rf.4582c59964d85db3862ae057477c4220_rot-10.jpg,train,flat foot,0.6745137,1,32.16876594,0.510984701,0.499303689
image_0333_jpg.rf.9537c7dac0644b64680d61dbe63ed171_rot15.jpg,train,flat foot,0.6753842,1,34.30125957,0.48103532,0.508917444
image_0064_png_jpg.rf.c47ec4df4115ce2efb987c0a6483479a_flip.jpg,train,flat foot,0.6966376,1,32.39198023,0.517044705,0.499125812
image_0658_png_jpg.rf.126034b4160b0bf4578129e2cf863c92_rot10.jpg,train,flat foot,0.60891587,1,33.21906888,0.513452039,0.495602154
image_0410_png_jpg.rf.e76cc71515787a2c31f234468aec609a_flip.jpg,train,flat foot,0.6201287,1,32.51554528,0.506230487,0.507575687
image_0988_png_jpg.rf.0e149119eb95810994b496cdc81f02a9_rot-15.jpg,train,flat foot,0.6857258,1,34.15577168,0.485232196,0.494027191
image_0717_png_jpg.rf.95dbd52a4424174e4d45ded4373a1d12_rot5.jpg,train,flat foot,0.6468627,1,33.12340561,0.496975916,0.500596761
image_0102_png_jpg.rf.105c84e27b69c4cb9df5b2855b9770b9_rot10.jpg,train,flat foot,0.6894647,1,33.06760204,0.480015642,0.502246433
image_0779_png_jpg.rf.a871cdfc8ff7692f4df6aa5f129d6f00_rot15.jpg,train,flat foot,0.61767435,1,33.90066964,0.532923381,0.489180098
image_0658_png_jpg.rf.126034b4160b0bf4578129e2cf863c92_rot-15.jpg,train,flat foot,0.61310023,1,33.71532207,0.511587114,0.501802587
image_0532_png_jpg.rf.6793458c5710ca26988ec9eaec853a26_rot5.jpg,train,flat foot,0.6688102,1,32.44379783,0.48025981,0.508103632
image_0097_png_jpg.rf.e071f128e821ee121b400909546d1e84_rot-10.jpg,train,flat foot,0.6378173,1,33.64158163,0.480415347,0.499387296
image_0064_png_jpg.rf.c47ec4df4115ce2efb987c0a6483479a_rot10.jpg,train,flat foot,0.68972176,1,33.05365115,0.47849669,0.50296581
image_0532_png_jpg.rf.6793458c5710ca26988ec9eaec853a26_rot-10.jpg,train,flat foot,0.669559,1,32.82246492,0.479824242,0.502832012
image_0610_png_jpg.rf.16d2039ab19ae33162d4955fabe6fdab_rot-15.jpg,train,flat foot,0.68043923,1,33.27686543,0.473249484,0.495640264
image_0779_png_jpg.rf.a871cdfc8ff7692f4df6aa5f129d6f00_rot5.jpg,train,flat foot,0.6169658,1,32.80851403,0.533225415,0.495535599
image_0633_png_jpg.rf.f84d3aa13ccf301022d60117747b0114_rot-15.jpg,train,flat foot,0.6772806,1,33.83689413,0.486195185,0.495749621
image_0064_png_jpg.rf.38e5999f491d310cf152258d6d575bce_rot15.jpg,train,flat foot,0.7062259,1,34.26538584,0.479972265,0.505974477
image_0310_png_jpg.rf.e1d7c62c4cade71d0b3dd60b4e135417_rot10.jpg,train,flat foot,0.6960096,1,33.63759566,0.470447391,0.510333926
image_0498_png_jpg.rf.ae2f045c4e0554796ce1a1495ebd0dab_rot-10.jpg,train,flat foot,0.71169513,1,33.69339923,0.486612065,0.500241947
image_0642_png_jpg.rf.a7d3910f2d9782cf674a03605ec2d75a_rot-10.jpg,train,flat foot,0.66268665,1,33.10945472,0.503172816,0.498978348
image_0913_png_jpg.rf.476a90d40db001d505c003e89890c32f_rot-15.jpg,train,flat foot,0.6760696,1,34.17570153,0.487145071,0.49547171
image_0124_png_jpg.rf.47238144721bf6db3e3b5daa5173efa3_rot5.jpg,train,flat foot,0.6813642,1,32.47169962,0.529693385,0.493424998
image_0670_png_jpg.rf.5c1190b7871690c0c0d58683c2a41a49_rot-10.jpg,train,flat foot,0.60822475,1,32.45974171,0.516549015,0.50543164
image_0078_png_jpg.rf.37f1bc598070945514a07b81b7797504_rot-5.jpg,train,flat foot,0.6996007,1,32.65306122,0.466150814,0.499231459
image_0368_jpg.rf.beeb5d80a970e2d99f1d11b4e2b5e35f_rot5.jpg,train,flat foot,0.6467967,1,31.90369898,0.498301996,0.503394002
image_0906_png_jpg.rf.2140de6b1fd6965ad20c73cea48536c3_rot15.jpg,train,flat foot,0.65706176,1,34.27933673,0.483465249,0.508114305
image_0410_png_jpg.rf.f680676abeec0f87c2e4d142683fc308_rot-15.jpg,train,flat foot,0.6385019,1,34.28730867,0.480327321,0.498185268
image_0102_png_jpg.rf.16ba2e2557429cda11a8cbff92a05fcf_rot10.jpg,train,flat foot,0.70464414,1,33.61367985,0.482619818,0.503185271
image_0078_png_jpg.rf.3dd5591c974c6ce315e00ac24ccef161_flip.jpg,train,flat foot,0.72634727,1,32.96197385,0.518533564,0.498737879
image_0159_png_jpg.rf.c9156059bcc9617e24dcf71b25916b50_rot-15.jpg,train,flat foot,0.6479017,1,34.0880102,0.489038932,0.50018486
image_0286_jpg.rf.d969caee15eec57db07e6bc38139975c_flip.jpg,train,flat foot,0.649146,1,32.21061862,0.480909162,0.501528049
image_0486_png_jpg.rf.7222a9df1f375f7da900133fb1ee88b5_rot15.jpg,train,flat foot,0.64525527,1,34.31122449,0.468903802,0.510758584
image_0717_png_jpg.rf.95dbd52a4424174e4d45ded4373a1d12_rot-15.jpg,train,flat foot,0.6491828,1,34.15776467,0.497869648,0.499847338
image_0666_png_jpg.rf.596c5fb0a9671a3b69a8a3a617358587_rot-5.jpg,train,flat foot,0.6825464,1,33.22504783,0.487518759,0.500042428
image_0078_png_jpg.rf.fb65d4582048ce185e6ccb84a5e28c01_rot10.jpg,train,flat foot,0.68926066,1,32.45176977,0.49511723,0.503881062
image_0223_jpg.rf.719276660705c9577d180f9e75db74dd_rot-5.jpg,train,flat foot,0.6956801,1,33.18120217,0.488958346,0.497722807
image_0125_png_jpg.rf.79e4908e015dc8a04a5c0b133ed88086_rot15.jpg,train,flat foot,0.6576187,1,33.8149713,0.506946784,0.498086658
image_0717_png_jpg.rf.95dbd52a4424174e4d45ded4373a1d12_flip.jpg,train,flat foot,0.64987844,1,32.94602997,0.498328223,0.500320148
image_0078_png_jpg.rf.fb65d4582048ce185e6ccb84a5e28c01.jpg,train,flat foot,0.69180787,1,31.87181122,0.496999526,0.503505604
image_0385_jpg.rf.64ee9935a0e01ec84d23dbf2f7a1e276_rot-5.jpg,train,flat foot,0.6744306,1,32.84438776,0.465743349,0.500108858
image_0119_png_jpg.rf.5973e40753009e8dfe5c6221bd3a5f66_rot-15.jpg,train,flat foot,0.6428986,1,33.08354592,0.486234239,0.504857483
image_0223_jpg.rf.da84f99b48fb841f000a54d12ac96a3f_rot-10.jpg,train,flat foot,0.6938699,1,33.40640944,0.490207343,0.497183673
image_0118_png_jpg.rf.f322a21716ccad634027968e56e27001_rot15.jpg,train,flat foot,0.66087925,1,33.43032526,0.51909323,0.490861367
image_0238_jpg.rf.fa93062428365800067c7b41574349c2_rot-5.jpg,train,flat foot,0.63553274,1,32.21859056,0.483679263,0.500723592
image_0411_png_jpg.rf.5fe2f90f0e917454d028f857157e5c7b_rot5.jpg,train,flat foot,0.6804935,1,33.12938457,0.485569857,0.501395617
image_0156_jpg.rf.e11e8bf7ec559d3664c0d8e357005c1e_flip.jpg,train,flat foot,0.7344304,1,32.95001594,0.514856963,0.49924387
image_0239_jpg.rf.4eabae146f710ed3275cc01380d50271_rot-15.jpg,train,flat foot,0.6673507,1,33.64158163,0.488110071,0.495356831
image_0262_jpg.rf.39f63655fb66b25cb7a6d93cdb68d7e8_rot5.jpg,train,flat foot,0.62594396,1,32.70687181,0.518596123,0.502679181
image_0093_png_jpg.rf.06de61ad3c3aed4d73ef0f4e871ad10c_rot-5.jpg,train,flat foot,0.669555,1,32.39995217,0.518970162,0.503219599
image_0220_jpg.rf.61bdd7e5d1877de7962ca857471a9e2b_rot-15.jpg,train,flat foot,0.68827295,1,33.87077487,0.526032667,0.503869006
image_0059_png_jpg.rf.77e79d736facdaae127f44688c340ccd_rot15.jpg,train,flat foot,0.67721355,1,33.85682398,0.471042211,0.513452598
image_0172_jpg.rf.c77ec69f3ac9bc0e2109e535cc86d56c_rot-10.jpg,train,flat foot,0.6861186,1,33.02774235,0.483678688,0.499203469
image_0155_png_jpg.rf.01cc07f2e1129a36bc6b975730f9a4a7_rot-10.jpg,train,flat foot,0.66677237,1,33.63161671,0.482692681,0.498039849
image_0064_png_jpg.rf.c47ec4df4115ce2efb987c0a6483479a_rot-5.jpg,train,flat foot,0.68940157,1,32.66701212,0.478952866,0.497297712
image_0609_png_jpg.rf.a7d14643a7e6ef80f96eb3d07c0c4a32_rot-10.jpg,train,flat foot,0.6633237,1,33.48214286,0.482927019,0.49647752
image_0368_jpg.rf.beeb5d80a970e2d99f1d11b4e2b5e35f_rot-5.jpg,train,flat foot,0.6457057,1,32.00733418,0.498193018,0.503086213
image_0167_jpg.rf.618983980ecce37cc554386322c16128_flip.jpg,train,flat foot,0.66803426,1,33.03571429,0.52698217,0.501666016
image_0223_jpg.rf.da84f99b48fb841f000a54d12ac96a3f_rot15.jpg,train,flat foot,0.69491994,1,34.02822066,0.488902428,0.501938123
image_0870_png_jpg.rf.bc43b4e95b949e8919b248d6a943cfbd.jpg,train,flat foot,0.65327597,1,32.09901148,0.500693889,0.498357699
image_0991_png_jpg.rf.52d4ad6d27640a04f1bae06d11b504da_rot-5.jpg,train,flat foot,0.6809065,1,32.53148916,0.469543759,0.504497948
image_0138_png_jpg.rf.7983c325bee0b55eb8268471ec44fb59_flip.jpg,train,flat foot,0.7345442,1,32.9819037,0.467645944,0.496957119
image_0362_png_jpg.rf.7a38e988473d903df3ee53833da7f699_rot-10.jpg,train,flat foot,0.68585545,1,33.6196588,0.476677767,0.498348343
image_0227_png_jpg.rf.3d7afae8f0ead42b2c964d11d891d939_rot15.jpg,train,flat foot,0.64900005,1,34.28930166,0.471067772,0.510160566
image_0324_jpg.rf.804aea319166caa4958a736f4b768731_rot-15.jpg,train,flat foot,0.6178656,1,33.58976403,0.48381577,0.494040435
image_0408_jpg.rf.0549b5def20c5c6dff7e65e56950ab5a_rot-10.jpg,train,flat foot,0.67423964,1,32.94005102,0.480909546,0.497636712
image_0371_jpg.rf.f3c870919d0db0ea3987606faff00aa9_rot-15.jpg,train,flat foot,0.69849354,1,34.2833227,0.463513663,0.494017374
image_0020_png_jpg.rf.19713a16470395a5116aa3b8e35c7d34.jpg,train,flat foot,0.6858676,1,32.92610013,0.481114712,0.500850636
image_0041_png_jpg.rf.083592ee818f3ab9dfc81d66f7c24483_rot10.jpg,train,flat foot,0.69349897,1,32.94403699,0.528304031,0.491351864
image_0223_jpg.rf.719276660705c9577d180f9e75db74dd_rot-10.jpg,train,flat foot,0.6970608,1,33.57182717,0.489536811,0.496876623
image_0060_png_jpg.rf.af74619b9a1ebcf57c7330b5bb0ca6d1_flip.jpg,train,flat foot,0.7375185,1,32.94204401,0.51381165,0.498962899
image_0480_png_jpg.rf.0a693961205a9c9597ef70b03524a35e_rot-10.jpg,train,flat foot,0.63534087,1,33.63161671,0.486104198,0.499426676
image_0846_png_jpg.rf.4582c59964d85db3862ae057477c4220.jpg,train,flat foot,0.6787482,1,31.66454082,0.511195521,0.497050467
image_0262_jpg.rf.2b5a7d13606cdf6a1dfbc6f1524c5396.jpg,train,flat foot,0.6464006,1,32.95001594,0.473190525,0.498511837
image_0386_jpg.rf.e83dea960cd9e2994fb57b36bb3b0fc2.jpg,train,flat foot,0.6414481,1,32.28435906,0.507738615,0.505837289
image_0317_jpg.rf.63b1f20861f4827caf3ffc0c3b15672a_rot-15.jpg,train,flat foot,0.684461,1,34.27734375,0.488762281,0.498384298
image_0913_png_jpg.rf.476a90d40db001d505c003e89890c32f.jpg,train,flat foot,0.6775738,1,32.90617028,0.485235839,0.498797686
image_0407_jpg.rf.9ab08d96ae70b08721d9b74f780ea037_flip.jpg,train,flat foot,0.6850389,1,33.03571429,0.521894475,0.502388398
image_0913_png_jpg.rf.9c45644eaf7b224789924e9b0d9fbfc7_rot10.jpg,train,flat foot,0.66324407,1,32.8125,0.490961799,0.503332289
image_0317_jpg.rf.bffa0ae82da1b9447ad10ce77a904a11_flip.jpg,train,flat foot,0.6711963,1,32.4477838,0.508708398,0.499116517
image_0262_jpg.rf.39f63655fb66b25cb7a6d93cdb68d7e8_rot-10.jpg,train,flat foot,0.6284424,1,32.96994579,0.515842948,0.50774357
image_0097_png_jpg.rf.a5d8f3a47ff091619736bfdca33ca6a6_rot5.jpg,train,flat foot,0.6356542,1,33.23301977,0.480364768,0.50476266
image_0846_png_jpg.rf.115d4be86139990a1f14bf01ac5e485a_flip.jpg,train,flat foot,0.66846013,1,31.91964286,0.489439577,0.4989743
image_0264_jpg.rf.c78074e18a133a77395102558122ebdc_rot15.jpg,train,flat foot,0.6292174,1,33.1114477,0.525011027,0.495174168
image_0309_png_jpg.rf.080038b1f743f3b6830be528ceb1a08a_rot-10.jpg,train,flat foot,0.6614557,1,32.91015625,0.528933941,0.501616126
image_0160_png_jpg.rf.3fef41e24025d31f0dbe77080db5d1c3_flip.jpg,train,flat foot,0.64357114,1,32.33219069,0.497536535,0.502861977
image_0513_png_jpg.rf.113cb407e1ee7c0b8c9d7906e0823a1e_rot-5.jpg,train,flat foot,0.69614357,1,32.58529974,0.483194762,0.494425751
image_0779_png_jpg.rf.a871cdfc8ff7692f4df6aa5f129d6f00_rot-15.jpg,train,flat foot,0.61883086,1,33.71930804,0.530705032,0.507374838
image_0386_jpg.rf.dfab0f23cb9be3afe9dfe7b46d650190_rot10.jpg,train,flat foot,0.6630291,1,33.50007972,0.474673908,0.503037724
image_0223_jpg.rf.4d58d3aab7c8c9590e23db2d04645872_rot10.jpg,train,flat foot,0.6720813,1,32.57334184,0.510151084,0.499336532
image_0107_png_jpg.rf.da9c37ea0c8068576b1607e593dee4f8_rot15.jpg,train,flat foot,0.6380974,1,33.35259885,0.482144221,0.51052384
image_0988_png_jpg.rf.eba4ecb178ef50eac681098c22a2c00a_rot-5.jpg,train,flat foot,0.6662435,1,32.50358737,0.49093175,0.495170878
image_0498_png_jpg.rf.ae2f045c4e0554796ce1a1495ebd0dab_rot-5.jpg,train,flat foot,0.7118115,1,33.31672513,0.486316994,0.501377109
image_0846_png_jpg.rf.115d4be86139990a1f14bf01ac5e485a_rot-15.jpg,train,flat foot,0.6687354,1,32.9300861,0.503863847,0.50057621
image_0160_png_jpg.rf.4b8d4cd46974d337e289e05a68702868_rot15.jpg,train,flat foot,0.63671523,1,33.70137117,0.508796309,0.497193951
image_0020_png_jpg.rf.c5012f9f4d7ce1ee852db336fa869650.jpg,train,flat foot,0.6620327,1,32.34215561,0.497414158,0.500486147
image_0125_png_jpg.rf.79e4908e015dc8a04a5c0b133ed88086.jpg,train,flat foot,0.65818006,1,32.50956633,0.504905127,0.500451868
image_0155_jpg.rf.d5491159bdd30a5aaec2a8f0c98fe3fa.jpg,train,flat foot,0.6883676,1,32.80652105,0.477821575,0.505318951
image_0656_png_jpg.rf.fcd809716fe68ed40368cadcba74fa21_rot15.jpg,train,flat foot,0.6892427,1,33.87276786,0.498647703,0.503961004
image_0632_png_jpg.rf.ebbd09fb9c722e594c4428965c4f0519_flip.jpg,train,flat foot,0.6609358,1,31.89373406,0.521058357,0.503155449
image_0118_png_jpg.rf.dd0bab89e1155e72ab0d46c591b17c0a_rot5.jpg,train,flat foot,0.6959863,1,33.15927934,0.472535879,0.501512405
image_0498_png_jpg.rf.ae2f045c4e0554796ce1a1495ebd0dab_rot-15.jpg,train,flat foot,0.71237713,1,34.35307717,0.487073422,0.499177892
image_0119_png_jpg.rf.b269d1d9d0021aac49d1fc8a15f7fa58.jpg,train,flat foot,0.6793808,1,33.01578444,0.473138429,0.502506226
image_0984_png_jpg.rf.08cc50a2f7a6b7d1cc558ae3b5be99a1.jpg,train,flat foot,0.70163274,1,32.93207908,0.49002314,0.497975072
image_0984_png_jpg.rf.08cc50a2f7a6b7d1cc558ae3b5be99a1_flip.jpg,train,flat foot,0.7015917,1,32.93207908,0.505513044,0.497975198
image_0317_jpg.rf.63b1f20861f4827caf3ffc0c3b15672a_rot-10.jpg,train,flat foot,0.68257374,1,33.62763074,0.488233679,0.499268098
image_0532_png_jpg.rf.72599ac8edac64eb9b0a2615c3f2b085_rot-15.jpg,train,flat foot,0.67060214,1,33.5419324,0.510999944,0.496386914
image_0779_png_jpg.rf.47b7b0d0cb75e38ffd98516dc28f206c.jpg,train,flat foot,0.6230608,1,32.32621173,0.469602208,0.49846741
image_0308_png_jpg.rf.555b04b72ab27555ea780eb7327aac15_rot10.jpg,train,flat foot,0.6905855,1,33.63958865,0.482927687,0.505399887
image_0078_png_jpg.rf.303bca6a2311c523e1e6c4e6a6c792bf_rot15.jpg,train,flat foot,0.7046742,1,34.24744898,0.488321585,0.503079605
image_0410_png_jpg.rf.e76cc71515787a2c31f234468aec609a_rot15.jpg,train,flat foot,0.6229061,1,33.59375,0.491024696,0.510002415
image_0238_jpg.rf.0e7a90144f9b796b42ec24aae5364c12_rot15.jpg,train,flat foot,0.6687936,1,34.28730867,0.475626263,0.509582981
image_0778_png_jpg.rf.b999c8f4a1c149336efb5438e26213ce_rot5.jpg,train,flat foot,0.6306581,1,33.25892857,0.47159742,0.507578388
image_0368_jpg.rf.fc17d826be782c6ae798d4e5194fbf38_rot5.jpg,train,flat foot,0.67127794,1,32.94403699,0.515209233,0.499492877
image_0155_png_jpg.rf.6850c8ba858f4288f9e9389ff11e2924_rot15.jpg,train,flat foot,0.64957416,1,33.37850765,0.498033864,0.50541243
image_0513_png_jpg.rf.113cb407e1ee7c0b8c9d7906e0823a1e.jpg,train,flat foot,0.6986131,1,32.44579082,0.482466298,0.495885684
image_0317_jpg.rf.63b1f20861f4827caf3ffc0c3b15672a_flip.jpg,train,flat foot,0.68888384,1,32.9819037,0.507888627,0.501307981
image_0036_png_jpg.rf.f85e823bcff37f77f15c8b2bed3c8593.jpg,train,flat foot,0.632546,1,32.7865912,0.495616698,0.493211024
image_0385_jpg.rf.ebc64d8b1babbfa5911f3c6fe8243568_rot-5.jpg,train,flat foot,0.6494787,1,32.07110969,0.474271922,0.508684774
image_0119_png_jpg.rf.b269d1d9d0021aac49d1fc8a15f7fa58_rot-15.jpg,train,flat foot,0.675621,1,34.29528061,0.475050079,0.495893771
image_0125_png_jpg.rf.04bbcab45218e3dbe891c99aa3016a59_rot5.jpg,train,flat foot,0.6756969,1,33.25693559,0.480271863,0.505138079
image_0155_png_jpg.rf.6850c8ba858f4288f9e9389ff11e2924_flip.jpg,train,flat foot,0.6469849,1,32.3441486,0.497983842,0.504840119
image_0408_jpg.rf.0549b5def20c5c6dff7e65e56950ab5a_rot10.jpg,train,flat foot,0.6723086,1,32.94802296,0.480262006,0.504490602
image_0778_png_jpg.rf.b999c8f4a1c149336efb5438e26213ce_rot10.jpg,train,flat foot,0.6318799,1,33.63560268,0.472449437,0.509964517
image_0238_jpg.rf.0e7a90144f9b796b42ec24aae5364c12.jpg,train,flat foot,0.67161447,1,33.01179847,0.47392212,0.502965766
image_0278_jpg.rf.7aeb0cbde7c6d6c38aea7508c2a34b2d_rot5.jpg,train,flat foot,0.6670889,1,33.21109694,0.469821709,0.500435567
image_0386_jpg.rf.e83dea960cd9e2994fb57b36bb3b0fc2_rot-5.jpg,train,flat foot,0.63915896,1,32.39397321,0.50660088,0.506689868
image_0155_jpg.rf.736a4db574419344cb398d9194c97387_rot15.jpg,train,flat foot,0.66525435,1,33.23899872,0.458716517,0.515979974
image_0206_png_jpg.rf.4bbc002c679ca5a8827a2b97ac6a1599_rot-10.jpg,train,flat foot,0.6497559,1,32.91214923,0.489509592,0.493961807
image_0913_png_jpg.rf.9c45644eaf7b224789924e9b0d9fbfc7_rot-5.jpg,train,flat foot,0.6627271,1,32.5135523,0.491083651,0.500934084
image_0261_jpg.rf.ea465b57d4c628781dba72bb74e262c3_rot-5.jpg,train,flat foot,0.66548496,1,33.24099171,0.467157158,0.498750455
image_0041_png_jpg.rf.d2a646d4aac55c94b5d75828ce3dedf0_rot-10.jpg,train,flat foot,0.71885914,1,33.64955357,0.485198319,0.498332307
image_0912_png_jpg.rf.5b5ef747ad9042cacdf0c8b85cc2fae1_rot-5.jpg,train,flat foot,0.6492493,1,32.25047832,0.527227641,0.502378731
image_0716_png_jpg.rf.226ed41aa31b30acca2651ca5d2c3603_rot10.jpg,train,flat foot,0.67618155,1,33.61168686,0.504545365,0.500377019
image_0846_png_jpg.rf.cd83698c216023c1574ee942377b0cc2_rot10.jpg,train,flat foot,0.6956512,1,33.63759566,0.487588388,0.504295513
image_0238_jpg.rf.fa93062428365800067c7b41574349c2_flip.jpg,train,flat foot,0.6416549,1,31.94355867,0.512052775,0.502147123
image_0036_png_jpg.rf.1dcf6e6918d5575e529dfbac0a226141.jpg,train,flat foot,0.61244285,1,31.62667411,0.506872973,0.508157414
image_0310_png_jpg.rf.b6449d09d466d633c399a9c7ad8f6f2c_rot10.jpg,train,flat foot,0.6692461,1,32.8902264,0.481836048,0.508630809
image_0532_png_jpg.rf.9153b58124ebeb29e18f0a4b5525d9c2.jpg,train,flat foot,0.69388455,1,33.01777742,0.491155392,0.502860194
image_0078_png_jpg.rf.bf3661dc190c1965a03fdfe21650bd27_rot5.jpg,train,flat foot,0.67407966,1,32.47767857,0.513196384,0.497296267
image_0324_jpg.rf.8bd2173d18b1fa2f96dd962d3d738125_rot-15.jpg,train,flat foot,0.6326509,1,34.13783482,0.484635504,0.493825523
image_0406_jpg.rf.698b9b5bb67d181d17e24c01fa880839_rot-15.jpg,train,flat foot,0.7014615,1,34.24744898,0.486256304,0.496982343
image_0022_png_jpg.rf.2eca01dab6182325584c92604608e979_rot-15.jpg,train,flat foot,0.670083,1,34.14580676,0.48578134,0.49227135
image_0238_jpg.rf.0e7a90144f9b796b42ec24aae5364c12_rot5.jpg,train,flat foot,0.6665612,1,33.25095663,0.474123542,0.505237178
image_0370_jpg.rf.0bb98dd4ad80a5d59dfaa317bea29372_flip.jpg,train,flat foot,0.6686556,1,32.79057717,0.511266051,0.498849145
image_0610_png_jpg.rf.16d2039ab19ae33162d4955fabe6fdab_rot15.jpg,train,flat foot,0.67843395,1,33.25892857,0.471137831,0.5108213
image_0496_png_jpg.rf.d5a6ee5aedbd6ce4e051d95f5cc00cc8_rot10.jpg,train,flat foot,0.670527,1,32.2783801,0.501738837,0.507374679
image_0041_png_jpg.rf.083592ee818f3ab9dfc81d66f7c24483_rot-5.jpg,train,flat foot,0.6954311,1,32.58131378,0.527134033,0.499461679
image_0097_png_jpg.rf.7d2eed8b80c4bdf195c746191a7d5a8f_rot-15.jpg,train,flat foot,0.6061898,1,33.04368622,0.501682921,0.49999011
image_0912_png_jpg.rf.5b5ef747ad9042cacdf0c8b85cc2fae1_flip.jpg,train,flat foot,0.65203935,1,32.07509566,0.468065532,0.499730852
image_0155_png_jpg.rf.01cc07f2e1129a36bc6b975730f9a4a7_rot5.jpg,train,flat foot,0.6670603,1,33.24896365,0.481829969,0.502656274
image_0870_png_jpg.rf.bc43b4e95b949e8919b248d6a943cfbd_rot-5.jpg,train,flat foot,0.65262353,1,32.21061862,0.500664357,0.498682592
image_0020_png_jpg.rf.19713a16470395a5116aa3b8e35c7d34_rot-15.jpg,train,flat foot,0.682781,1,34.19961735,0.482271227,0.496064132
image_0980_png_jpg.rf.1f877b20f444cd18f43b382caf243da7_rot-10.jpg,train,flat foot,0.6939193,1,33.58777105,0.485370676,0.495674474
image_0078_png_jpg.rf.303bca6a2311c523e1e6c4e6a6c792bf_rot5.jpg,train,flat foot,0.7038665,1,33.21109694,0.488176762,0.500897466
image_0984_png_jpg.rf.08cc50a2f7a6b7d1cc558ae3b5be99a1_rot15.jpg,train,flat foot,0.6971952,1,34.24744898,0.489406486,0.500930069
image_0278_jpg.rf.7aeb0cbde7c6d6c38aea7508c2a34b2d.jpg,train,flat foot,0.6716727,1,32.9819037,0.47000845,0.497773677
image_0250_jpg.rf.de0b7c9e9caa9158dd67541ede50420d_rot-5.jpg,train,flat foot,0.6894568,1,33.24697066,0.481114366,0.50212238
image_0496_png_jpg.rf.b4da3370e67009089c6081fd43f5ab0b_flip.jpg,train,flat foot,0.7171995,1,33.03571429,0.509399795,0.502571066
image_0911_png_jpg.rf.ff4f5de1f88c002032ac355c750205df_flip.jpg,train,flat foot,0.6845476,1,31.82397959,0.527857299,0.500416608
image_0480_png_jpg.rf.0a693961205a9c9597ef70b03524a35e_rot15.jpg,train,flat foot,0.637951,1,34.27535077,0.486068307,0.505661318
image_0496_png_jpg.rf.2d1b3a0184ef480ba9023dfb2bd0ef7b_rot10.jpg,train,flat foot,0.6545999,1,32.21061862,0.482085077,0.504499147
image_0022_png_jpg.rf.255eea8ed3f9e1cbd36bc5ee88f57192_rot-15.jpg,train,flat foot,0.6366795,1,33.07955995,0.536656371,0.513272188
image_0167_jpg.rf.508f9d23208ce4967cad2ec64c313320_rot-15.jpg,train,flat foot,0.64274216,1,33.75916773,0.453494168,0.485203633
image_0911_png_jpg.rf.dba98d8d10dd8657ea6bab0a951cd00b_rot-10.jpg,train,flat foot,0.7065388,1,33.56385523,0.481102917,0.49712933
image_0498_png_jpg.rf.504e5709688c467893079b51255835ef.jpg,train,flat foot,0.70473,1,32.88424745,0.505426126,0.499221027
image_0408_png_jpg.rf.c74a0e4591f709a24a5a6e3157bf4fc1_rot-5.jpg,train,flat foot,0.6920541,1,33.29679528,0.48188691,0.49907009
image_0778_png_jpg.rf.68abf11711c2988f7a6509470fefc12d_rot10.jpg,train,flat foot,0.5994641,1,32.09103954,0.471579296,0.513170993
image_0025_png_jpg.rf.7b35ec8c84e3b06a9a68e1a0a689c40f_rot-5.jpg,train,flat foot,0.64690757,1,32.68694196,0.479272592,0.503402731
image_0912_png_jpg.rf.4865f91e689bfbb1d59262495e360ed4_rot-15.jpg,train,flat foot,0.67919326,1,34.29528061,0.483420072,0.498656783
image_0167_jpg.rf.508f9d23208ce4967cad2ec64c313320_flip.jpg,train,flat foot,0.64729285,1,32.48764349,0.545178864,0.497932169
image_0264_jpg.rf.2933bd983d88f6b9b53a0304a78371b4_rot-5.jpg,train,flat foot,0.6588555,1,33.07358099,0.483056041,0.493623216
image_0308_png_jpg.rf.555b04b72ab27555ea780eb7327aac15_rot-5.jpg,train,flat foot,0.6912049,1,33.26889349,0.482645846,0.500844014
image_0310_png_jpg.rf.b6449d09d466d633c399a9c7ad8f6f2c_rot15.jpg,train,flat foot,0.671476,1,33.52997449,0.482597514,0.51013491
image_0633_png_jpg.rf.58f0b882292dfe42defa165fa86ecc15_rot-5.jpg,train,flat foot,0.68170625,1,33.13735651,0.488428919,0.498563983
image_0036_png_jpg.rf.f85e823bcff37f77f15c8b2bed3c8593_rot-5.jpg,train,flat foot,0.62983716,1,32.99386161,0.496484661,0.492918926
image_0368_jpg.rf.fc17d826be782c6ae798d4e5194fbf38_rot-15.jpg,train,flat foot,0.6723073,1,33.97042411,0.513431721,0.504925759
image_0778_png_jpg.rf.68abf11711c2988f7a6509470fefc12d_rot-10.jpg,train,flat foot,0.5984686,1,32.16876594,0.469994679,0.502854282
image_0939_png_jpg.rf.ce16d62e6511858db9317bf78aef3fb2_rot15.jpg,train,flat foot,0.7181781,1,34.23349809,0.486512677,0.50357928
image_0716_png_jpg.rf.56b06743a79878f1c766fa6e1da53e92_rot5.jpg,train,flat foot,0.63887274,1,32.06114477,0.470961187,0.504021807
image_0238_jpg.rf.0e7a90144f9b796b42ec24aae5364c12_rot-5.jpg,train,flat foot,0.66583264,1,33.26490753,0.474111343,0.500703463
image_0486_png_jpg.rf.2be259bd22bd0bd397dcd175e5cea54d_flip.jpg,train,flat foot,0.6143475,1,31.99338329,0.534309729,0.508035683
image_0481_png_jpg.rf.66aa34e0a9a7382207aa628649797f20.jpg,train,flat foot,0.61447424,1,32.21261161,0.483098547,0.498297518
image_0278_jpg.rf.7aeb0cbde7c6d6c38aea7508c2a34b2d_rot-5.jpg,train,flat foot,0.66606075,1,33.21906888,0.470673801,0.495219202
image_0108_png_jpg.rf.3933987d380dcf5de8416c3ec2a80083_rot-10.jpg,train,flat foot,0.6780453,1,33.15927934,0.473170715,0.492217296
image_0124_png_jpg.rf.47238144721bf6db3e3b5daa5173efa3_rot15.jpg,train,flat foot,0.6827601,1,33.59175702,0.528260281,0.488324984
image_0385_jpg.rf.ebc64d8b1babbfa5911f3c6fe8243568_rot-10.jpg,train,flat foot,0.64775485,1,32.49760842,0.47422039,0.506376683
image_0370_jpg.rf.0bb98dd4ad80a5d59dfaa317bea29372_rot-15.jpg,train,flat foot,0.6687231,1,34.09199617,0.485962852,0.4951404
image_0221_jpg.rf.eaa9a7c5fe0a7b0b3de7302b1515b62d_rot5.jpg,train,flat foot,0.71642935,1,32.46173469,0.474739893,0.496655766
image_0486_png_jpg.rf.193743e33a01d6dec51bce0bd8a183c7_rot15.jpg,train,flat foot,0.61606723,1,33.02574936,0.468579147,0.509952979
image_0036_png_jpg.rf.f85e823bcff37f77f15c8b2bed3c8593_flip.jpg,train,flat foot,0.6325469,1,32.7865912,0.499919173,0.493211685
image_0118_png_jpg.rf.f322a21716ccad634027968e56e27001_rot-10.jpg,train,flat foot,0.6609492,1,32.7347736,0.51649767,0.500323008
image_0980_png_jpg.rf.1f877b20f444cd18f43b382caf243da7_rot5.jpg,train,flat foot,0.69388103,1,33.20711097,0.483858865,0.499629656
image_0262_jpg.rf.2b5a7d13606cdf6a1dfbc6f1524c5396_rot-15.jpg,train,flat foot,0.6445737,1,34.18965242,0.475287296,0.491798976
image_0716_png_jpg.rf.56b06743a79878f1c766fa6e1da53e92_rot-10.jpg,train,flat foot,0.64006835,1,32.37404337,0.470203943,0.496852961
image_0411_png_jpg.rf.5fe2f90f0e917454d028f857157e5c7b_rot15.jpg,train,flat foot,0.68387336,1,34.16772959,0.485918709,0.503987255
image_0317_jpg.rf.bffa0ae82da1b9447ad10ce77a904a11_rot-15.jpg,train,flat foot,0.6669801,1,33.75518176,0.488583092,0.496167759
image_0913_png_jpg.rf.476a90d40db001d505c003e89890c32f_rot5.jpg,train,flat foot,0.67400134,1,33.14732143,0.484975829,0.500124432
image_0658_png_jpg.rf.126034b4160b0bf4578129e2cf863c92.jpg,train,flat foot,0.611224,1,32.59725765,0.512352367,0.498424625
image_0118_png_jpg.rf.f322a21716ccad634027968e56e27001_rot-15.jpg,train,flat foot,0.664238,1,33.36256378,0.516118528,0.501709513
image_0093_png_jpg.rf.5c1dc04fc34d53275db18f01cf4a62b4_flip.jpg,train,flat foot,0.69039315,1,32.37404337,0.531278616,0.504527866
image_0658_png_jpg.rf.973ca402fd0726592d108c0a7242f93d_rot10.jpg,train,flat foot,0.62616885,1,33.64357462,0.476928734,0.509034875
image_0286_jpg.rf.d71c29a357697a4698a225771dedf026_rot-10.jpg,train,flat foot,0.6731689,1,33.53196747,0.472903087,0.493152983
image_0201_jpg.rf.a55d86b59da77c60cc263d352d90d95c_rot-15.jpg,train,flat foot,0.683193,1,34.32916135,0.472577751,0.496620644
image_0362_png_jpg.rf.5fa5f97aff2b5eb3854b772619386bcc_flip.jpg,train,flat foot,0.6921568,1,33.01578444,0.520294641,0.502148421
image_0311_png_jpg.rf.e6d9edd0fc95ebe120f89a68e70c6b5e_rot-5.jpg,train,flat foot,0.6863011,1,33.14931441,0.47911548,0.496704866
image_0238_jpg.rf.3f2ddb9e9a01777684dccd4a6a62702c.jpg,train,flat foot,0.6570193,1,32.29631696,0.531376696,0.493422936
image_0590_png_jpg.rf.a385dae12028bc79945b79d27c11efdc_rot15.jpg,train,flat foot,0.6970315,1,34.27734375,0.485399872,0.504575215
image_0108_png_jpg.rf.c7fe5cebeabcf1e87647a7623a5e75be_rot5.jpg,train,flat foot,0.68756914,1,33.13337054,0.466633122,0.49882468
image_0717_png_jpg.rf.e7c66f4eeca3887716d9e653cf0e01c8_flip.jpg,train,flat foot,0.64104754,1,32.36806441,0.496951813,0.501186325
image_0407_jpg.rf.9ab08d96ae70b08721d9b74f780ea037_rot15.jpg,train,flat foot,0.6816554,1,34.3231824,0.475282808,0.509093136
image_0310_png_jpg.rf.e1d7c62c4cade71d0b3dd60b4e135417_rot15.jpg,train,flat foot,0.69875926,1,34.29328763,0.471650297,0.512768621
image_0532_png_jpg.rf.6793458c5710ca26988ec9eaec853a26_rot10.jpg,train,flat foot,0.6695175,1,32.83442283,0.481014649,0.509744881
image_0201_jpg.rf.a55d86b59da77c60cc263d352d90d95c_flip.jpg,train,flat foot,0.68670785,1,33.03571429,0.524664781,0.503906281
image_0261_jpg.rf.6d3bf2996e90c4301a46d100c9d67de7.jpg,train,flat foot,0.6715803,1,33.02574936,0.467522882,0.501969229
image_0311_png_jpg.rf.e6d9edd0fc95ebe120f89a68e70c6b5e_rot15.jpg,train,flat foot,0.68994504,1,34.16772959,0.478952508,0.50427038
image_0611_png_jpg.rf.986c02197ede3edb5116562540b70100_rot-10.jpg,train,flat foot,0.68761736,1,33.09749681,0.492461349,0.495936483
image_0933_png_jpg.rf.6603110552eb9d03dab90ce18af9e284_flip.jpg,train,flat foot,0.647781,1,31.76419005,0.5118455,0.496101982
image_0159_png_jpg.rf.da380808d0203aa8dabf1d9a7baf9e75_rot5.jpg,train,flat foot,0.6327728,1,32.43781888,0.501838781,0.501903971
image_0716_png_jpg.rf.56b06743a79878f1c766fa6e1da53e92.jpg,train,flat foot,0.6427737,1,31.88177615,0.469648968,0.501798858
image_0206_png_jpg.rf.4bbc002c679ca5a8827a2b97ac6a1599.jpg,train,flat foot,0.65321743,1,32.31026786,0.487951882,0.495738213
image_0119_png_jpg.rf.b269d1d9d0021aac49d1fc8a15f7fa58_rot5.jpg,train,flat foot,0.67494655,1,33.26291454,0.473327623,0.504848376
image_0611_png_jpg.rf.986c02197ede3edb5116562540b70100_rot-15.jpg,train,flat foot,0.6891157,1,33.74322385,0.493145094,0.495493588
image_0801_png_jpg.rf.5daa2262db18ae590757501a9e85ccf7_rot5.jpg,train,flat foot,0.6642835,1,31.77814094,0.503558649,0.502410854
image_0097_png_jpg.rf.7d2eed8b80c4bdf195c746191a7d5a8f_flip.jpg,train,flat foot,0.6043312,1,31.9794324,0.493479207,0.499270784
image_0016_png_jpg.rf.7ea51bb3981e92368b7efdfd13bb2394_rot15.jpg,train,flat foot,0.6864487,1,34.22154018,0.487737699,0.503645472
image_0323_jpg.rf.e5b8b09605d0c4ba523e4556a42b3551_rot-15.jpg,train,flat foot,0.62040967,1,34.26937181,0.48694373,0.501658457
image_0221_jpg.rf.ad05cdb883c84d6431230713c6908d0a_flip.jpg,train,flat foot,0.73085016,1,32.92610013,0.513092838,0.498077373
image_0309_png_jpg.rf.080038b1f743f3b6830be528ceb1a08a_rot15.jpg,train,flat foot,0.6620919,1,33.54591837,0.527961327,0.48818813
image_0250_jpg.rf.e05cb546a296bd74b654fb06ebbb2593.jpg,train,flat foot,0.68426853,1,32.41390306,0.478613066,0.504673991
image_0656_png_jpg.rf.3ecbcf76e291f0f3188e0e5889442102_flip.jpg,train,flat foot,0.71075135,1,32.98987564,0.510973482,0.502430064
image_0988_png_jpg.rf.eba4ecb178ef50eac681098c22a2c00a_rot-10.jpg,train,flat foot,0.66776854,1,32.89819834,0.491685519,0.494548278
image_0913_png_jpg.rf.9c45644eaf7b224789924e9b0d9fbfc7_rot-10.jpg,train,flat foot,0.6631644,1,32.92012117,0.491353576,0.500213161
image_0020_png_jpg.rf.c5012f9f4d7ce1ee852db336fa869650_rot-15.jpg,train,flat foot,0.6591212,1,33.6455676,0.497452077,0.499768138
image_0362_png_jpg.rf.7a38e988473d903df3ee53833da7f699_rot-5.jpg,train,flat foot,0.6857145,1,33.23700574,0.476106172,0.500354683
image_0201_jpg.rf.a55d86b59da77c60cc263d352d90d95c_rot-5.jpg,train,flat foot,0.68036973,1,33.29081633,0.471004247,0.501376267
image_0093_png_jpg.rf.5c1dc04fc34d53275db18f01cf4a62b4_rot-15.jpg,train,flat foot,0.68559796,1,33.6854273,0.466341218,0.495561936
image_0911_png_jpg.rf.ff4f5de1f88c002032ac355c750205df_rot-15.jpg,train,flat foot,0.67965275,1,33.10546875,0.470549875,0.492622285
image_0385_jpg.rf.64ee9935a0e01ec84d23dbf2f7a1e276.jpg,train,flat foot,0.68040156,1,32.58729273,0.465462993,0.503104322
image_0309_png_jpg.rf.080038b1f743f3b6830be528ceb1a08a.jpg,train,flat foot,0.665987,1,32.24848533,0.528986498,0.496188388
image_0406_jpg.rf.698b9b5bb67d181d17e24c01fa880839_rot-10.jpg,train,flat foot,0.70033574,1,33.59574298,0.485611482,0.498076901
image_0262_jpg.rf.73cbcdc09910dd032921df72dd548466_rot10.jpg,train,flat foot,0.6270051,1,32.67498406,0.486455286,0.505921229
image_0333_jpg.rf.e869149cef5126ef6a7ff480bfbc660e_rot5.jpg,train,flat foot,0.6324175,1,31.63863202,0.546577669,0.485946859
image_0159_png_jpg.rf.0a84b381c641c5c482365c58f7d5690a_rot5.jpg,train,flat foot,0.6467109,1,33.25892857,0.488315412,0.502984899
image_0610_png_jpg.rf.004a61d2dd6cdfe4b27fd4ae1cc6aac4_rot-15.jpg,train,flat foot,0.7083048,1,34.34510523,0.484879492,0.497456182
image_0371_jpg.rf.f3c870919d0db0ea3987606faff00aa9_rot-5.jpg,train,flat foot,0.6970294,1,33.26490753,0.461313023,0.500355394
image_0411_png_jpg.rf.2b440abf549ad8ed46444901634c20e5_flip.jpg,train,flat foot,0.68364346,1,32.65505421,0.509530253,0.501144269
image_0480_png_jpg.rf.0a693961205a9c9597ef70b03524a35e.jpg,train,flat foot,0.6391821,1,33.01777742,0.485475577,0.501836162
image_0221_jpg.rf.eaa9a7c5fe0a7b0b3de7302b1515b62d_rot-10.jpg,train,flat foot,0.7151492,1,32.96994579,0.47744663,0.490528245
image_0670_png_jpg.rf.5c1190b7871690c0c0d58683c2a41a49_rot-15.jpg,train,flat foot,0.6092257,1,33.09550383,0.515660142,0.50660726
image_0166_jpg.rf.b2abebae8ed18068a643ba6da5c2bdb3_rot5.jpg,train,flat foot,0.6878504,1,33.22106186,0.473581842,0.501208203
image_0717_png_jpg.rf.e3273178260e73e2bdcd4920344737e7.jpg,train,flat foot,0.6373217,1,32.36407844,0.497972382,0.502668298
image_0933_png_jpg.rf.6dc51ea56c0da80d58c6684a8ce35810_rot10.jpg,train,flat foot,0.65673214,1,32.89421237,0.490698455,0.502040512
image_0406_jpg.rf.698b9b5bb67d181d17e24c01fa880839_rot5.jpg,train,flat foot,0.7002639,1,33.21707589,0.484757579,0.501918947
image_0102_png_jpg.rf.3577c2c8ff226b7f6283c77b2077f834.jpg,train,flat foot,0.70393026,1,32.71285077,0.484481736,0.501857038
image_0108_png_jpg.rf.3933987d380dcf5de8416c3ec2a80083_rot5.jpg,train,flat foot,0.6779809,1,32.65904018,0.470971892,0.499429312
image_0611_png_jpg.rf.986c02197ede3edb5116562540b70100_rot5.jpg,train,flat foot,0.6882457,1,32.74075255,0.490870087,0.49802425
image_0167_jpg.rf.618983980ecce37cc554386322c16128_rot-10.jpg,train,flat foot,0.66269493,1,33.66151148,0.469754113,0.496362669
image_0408_jpg.rf.0549b5def20c5c6dff7e65e56950ab5a_rot5.jpg,train,flat foot,0.672405,1,32.55341199,0.479993996,0.50272562
image_0250_jpg.rf.e05cb546a296bd74b654fb06ebbb2593_rot-10.jpg,train,flat foot,0.6777935,1,33.06162309,0.478954052,0.50098973
image_0125_png_jpg.rf.ad5c4ac022ecd55398fec79c516207ec_rot10.jpg,train,flat foot,0.65480936,1,32.83641582,0.484995745,0.504134503
image_0610_png_jpg.rf.004a61d2dd6cdfe4b27fd4ae1cc6aac4_rot5.jpg,train,flat foot,0.70842963,1,33.3067602,0.483531464,0.50287615
image_0370_jpg.rf.0bb98dd4ad80a5d59dfaa317bea29372.jpg,train,flat foot,0.66865754,1,32.79057717,0.484269057,0.498849121
image_0159_png_jpg.rf.0a84b381c641c5c482365c58f7d5690a_flip.jpg,train,flat foot,0.6521389,1,33.02176339,0.507217386,0.501953708
image_0102_png_jpg.rf.105c84e27b69c4cb9df5b2855b9770b9_rot-5.jpg,train,flat foot,0.68968123,1,32.7088648,0.480614081,0.496989463
image_0911_png_jpg.rf.dba98d8d10dd8657ea6bab0a951cd00b_rot10.jpg,train,flat foot,0.70475745,1,33.57780612,0.480314502,0.503931233
image_0532_png_jpg.rf.9153b58124ebeb29e18f0a4b5525d9c2_rot-5.jpg,train,flat foot,0.6874314,1,33.26690051,0.491207926,0.502101678
image_0250_jpg.rf.a59d4b731e4616d65663fcaaef77e6f1.jpg,train,flat foot,0.69073814,1,32.59725765,0.479840608,0.501835465
image_0097_png_jpg.rf.a5d8f3a47ff091619736bfdca33ca6a6_rot-5.jpg,train,flat foot,0.63673437,1,33.23102679,0.480370366,0.501328871
image_0264_jpg.rf.c78074e18a133a77395102558122ebdc_rot10.jpg,train,flat foot,0.62657726,1,32.40194515,0.525458913,0.497455419
image_0481_png_jpg.rf.3d6a11bf36a03dcfa8df76a4f5470e59_rot15.jpg,train,flat foot,0.60095763,1,33.59972895,0.492519703,0.508571953
image_0036_png_jpg.rf.1dcf6e6918d5575e529dfbac0a226141_flip.jpg,train,flat foot,0.6123733,1,31.62866709,0.48866273,0.508157197
image_0108_png_jpg.rf.3933987d380dcf5de8416c3ec2a80083_rot-5.jpg,train,flat foot,0.67621017,1,32.72480867,0.4719865,0.494446358
image_0642_png_jpg.rf.a7d3910f2d9782cf674a03605ec2d75a_flip.jpg,train,flat foot,0.6659333,1,32.66103316,0.492196225,0.498167401
image_0778_png_jpg.rf.68abf11711c2988f7a6509470fefc12d_flip.jpg,train,flat foot,0.59907085,1,31.66055485,0.525745133,0.508149814
image_0666_png_jpg.rf.4ed75a486b69ad1efd892a17cfb0dd30.jpg,train,flat foot,0.6635968,1,31.99338329,0.52023027,0.49225589
image_0906_png_jpg.rf.2140de6b1fd6965ad20c73cea48536c3_flip.jpg,train,flat foot,0.6591491,1,33.00382653,0.513227209,0.503589728
image_0060_png_jpg.rf.af74619b9a1ebcf57c7330b5bb0ca6d1_rot10.jpg,train,flat foot,0.7303581,1,33.59773597,0.481599946,0.502253735
image_0362_png_jpg.rf.b1338548dbef234015f3a4d650c7eb82_flip.jpg,train,flat foot,0.68491685,1,33.02973533,0.517183529,0.503035965
image_0481_png_jpg.rf.66aa34e0a9a7382207aa628649797f20_rot-10.jpg,train,flat foot,0.6135424,1,32.80652105,0.484431295,0.495612765
image_0206_png_jpg.rf.4bbc002c679ca5a8827a2b97ac6a1599_rot-15.jpg,train,flat foot,0.6518499,1,33.58577806,0.490335932,0.493273172
image_0238_jpg.rf.fa93062428365800067c7b41574349c2.jpg,train,flat foot,0.64165354,1,31.94555166,0.483482063,0.502147348
image_0118_png_jpg.rf.dd0bab89e1155e72ab0d46c591b17c0a_rot10.jpg,train,flat foot,0.69533044,1,33.53396046,0.472858202,0.503931442
image_0633_png_jpg.rf.f84d3aa13ccf301022d60117747b0114_rot5.jpg,train,flat foot,0.6757284,1,32.88424745,0.48698754,0.501254327
image_0261_jpg.rf.ea465b57d4c628781dba72bb74e262c3_rot10.jpg,train,flat foot,0.6662024,1,33.61367985,0.467575412,0.507370128
image_0379_png_jpg.rf.e7dc11a0435a467533a1c10b8e18fe51_rot5.jpg,train,flat foot,0.6603279,1,33.11941964,0.47326397,0.499902289
image_0991_png_jpg.rf.29a8f40cbfa963b402960d860b19c9f6_rot5.jpg,train,flat foot,0.6767996,1,32.6949139,0.46487241,0.508297835
image_0371_png_jpg.rf.641902bb2e0075963e12e94b0db19774_rot10.jpg,train,flat foot,0.6544158,1,31.98541135,0.479654381,0.501367911
image_0386_jpg.rf.dfab0f23cb9be3afe9dfe7b46d650190_rot-10.jpg,train,flat foot,0.66324914,1,33.51801658,0.476141954,0.494356766
image_0386_jpg.rf.dfab0f23cb9be3afe9dfe7b46d650190_rot-15.jpg,train,flat foot,0.6637931,1,34.17171556,0.476963825,0.492359573
image_0411_png_jpg.rf.2b440abf549ad8ed46444901634c20e5_rot-10.jpg,train,flat foot,0.67963535,1,33.29878827,0.486687009,0.498843303
image_0155_jpg.rf.736a4db574419344cb398d9194c97387.jpg,train,flat foot,0.66846675,1,31.91964286,0.455020502,0.50486782
image_0125_png_jpg.rf.04bbcab45218e3dbe891c99aa3016a59_flip.jpg,train,flat foot,0.68154556,1,32.98389668,0.515466868,0.50340662
image_0643_png_jpg.rf.e8c5c9949de5a9e7f8608fbc17c9148f_rot10.jpg,train,flat foot,0.6918203,1,33.56385523,0.485371139,0.502146988
image_0261_jpg.rf.ea465b57d4c628781dba72bb74e262c3_rot15.jpg,train,flat foot,0.66907436,1,34.26339286,0.46837661,0.510236848
image_0155_png_jpg.rf.01cc07f2e1129a36bc6b975730f9a4a7_rot-5.jpg,train,flat foot,0.66669375,1,33.25095663,0.482129583,0.499504663
image_0411_png_jpg.rf.5fe2f90f0e917454d028f857157e5c7b_rot-5.jpg,train,flat foot,0.6799451,1,33.14134247,0.486023748,0.498905198
image_0386_jpg.rf.e83dea960cd9e2994fb57b36bb3b0fc2_rot-10.jpg,train,flat foot,0.64055926,1,32.73078763,0.505920308,0.507207392
image_0984_png_jpg.rf.08cc50a2f7a6b7d1cc558ae3b5be99a1_rot-15.jpg,train,flat foot,0.6967757,1,34.25542092,0.491756019,0.495881962
image_0107_png_jpg.rf.f93d2d288980a9c72f1d931de8a90018_rot10.jpg,train,flat foot,0.6579899,1,33.64955357,0.472593925,0.507824284
image_0408_jpg.rf.0549b5def20c5c6dff7e65e56950ab5a_flip.jpg,train,flat foot,0.677039,1,32.32421875,0.51554143,0.500958627
image_0078_png_jpg.rf.bf3661dc190c1965a03fdfe21650bd27_rot-15.jpg,train,flat foot,0.67680377,1,33.51203763,0.513209122,0.50214459
image_0172_jpg.rf.c77ec69f3ac9bc0e2109e535cc86d56c_rot-15.jpg,train,flat foot,0.6884497,1,33.69937819,0.484297576,0.49791486
image_0362_png_jpg.rf.7a38e988473d903df3ee53833da7f699_rot-15.jpg,train,flat foot,0.6871528,1,34.28132972,0.477604003,0.496513897
image_0108_png_jpg.rf.c7fe5cebeabcf1e87647a7623a5e75be_rot-10.jpg,train,flat foot,0.68842834,1,33.51403061,0.469101789,0.490487356
image_0846_png_jpg.rf.cd83698c216023c1574ee942377b0cc2_rot-10.jpg,train,flat foot,0.69577104,1,33.63958865,0.487821991,0.499958895
image_0064_png_jpg.rf.38e5999f491d310cf152258d6d575bce.jpg,train,flat foot,0.71072555,1,32.96795281,0.479158934,0.500511915
image_0261_jpg.rf.6d3bf2996e90c4301a46d100c9d67de7_rot15.jpg,train,flat foot,0.668313,1,34.29528061,0.469174884,0.510384685
image_0481_png_jpg.rf.66aa34e0a9a7382207aa628649797f20_rot-15.jpg,train,flat foot,0.6165548,1,33.46819196,0.485371978,0.494499514
image_0633_png_jpg.rf.58f0b882292dfe42defa165fa86ecc15_rot15.jpg,train,flat foot,0.6840348,1,34.16972258,0.48797923,0.502888824
image_0590_png_jpg.rf.dcd6007baf0661086de5f5a193ddd407_rot15.jpg,train,flat foot,0.68154836,1,33.16725128,0.47809001,0.50174142
image_0988_png_jpg.rf.0e149119eb95810994b496cdc81f02a9.jpg,train,flat foot,0.68768775,1,32.85235969,0.483112142,0.49790313
image_0486_png_jpg.rf.193743e33a01d6dec51bce0bd8a183c7_rot-10.jpg,train,flat foot,0.6116284,1,32.47568559,0.468391783,0.495842072
image_0362_png_jpg.rf.7a38e988473d903df3ee53833da7f699_rot15.jpg,train,flat foot,0.6882633,1,34.26339286,0.477407778,0.508566105
image_0666_png_jpg.rf.596c5fb0a9671a3b69a8a3a617358587_rot5.jpg,train,flat foot,0.6835056,1,33.2290338,0.487215798,0.502253924
image_0207_jpg.rf.f1e41bd164de78f3b646c1d67d5c3332_rot-5.jpg,train,flat foot,0.68678534,1,33.27686543,0.468687467,0.501396907
image_0962_png_jpg.rf.841c2397f316a6b3a07e534d4bf39db8_rot-10.jpg,train,flat foot,0.6864939,1,33.55389031,0.476547852,0.494470871
image_0310_png_jpg.rf.b6449d09d466d633c399a9c7ad8f6f2c_rot-5.jpg,train,flat foot,0.67097086,1,32.53348214,0.480753877,0.503732678
image_0621_png_jpg.rf.3c21fc9c9fe4d20a6f8a7d2b1b871896_rot-5.jpg,train,flat foot,0.6642359,1,33.20711097,0.475911551,0.498040201
image_0716_png_jpg.rf.226ed41aa31b30acca2651ca5d2c3603_rot-5.jpg,train,flat foot,0.6764907,1,33.23301977,0.505179518,0.501608917
image_0101_png_jpg.rf.7ee096bf0e64d620a55752931a391947_rot5.jpg,train,flat foot,0.70273596,1,33.27487245,0.491805266,0.499610962
image_0206_png_jpg.rf.4bbc002c679ca5a8827a2b97ac6a1599_rot5.jpg,train,flat foot,0.64886874,1,32.54544005,0.487409852,0.496859106
image_0250_jpg.rf.e05cb546a296bd74b654fb06ebbb2593_flip.jpg,train,flat foot,0.6841529,1,32.41390306,0.516921515,0.504674337
image_0317_jpg.rf.bffa0ae82da1b9447ad10ce77a904a11_rot15.jpg,train,flat foot,0.66816837,1,33.73525191,0.486715239,0.502782224
image_0379_png_jpg.rf.e7dc11a0435a467533a1c10b8e18fe51.jpg,train,flat foot,0.6647655,1,32.90019133,0.473526594,0.497545745
image_0156_jpg.rf.74fc095053bc823364e4381f1ae4d2ce_rot10.jpg,train,flat foot,0.71263057,1,33.05564413,0.484028948,0.501158069
image_0991_png_jpg.rf.52d4ad6d27640a04f1bae06d11b504da_rot15.jpg,train,flat foot,0.6823395,1,33.56584821,0.472777884,0.514499063
image_0333_jpg.rf.9537c7dac0644b64680d61dbe63ed171_flip.jpg,train,flat foot,0.67870814,1,32.99386161,0.515813796,0.503722843
image_0119_png_jpg.rf.5973e40753009e8dfe5c6221bd3a5f66_rot15.jpg,train,flat foot,0.6448417,1,32.98788265,0.488875163,0.511544694
image_0138_png_jpg.rf.dd0b343198587c3d85dd579157dfeb53_rot10.jpg,train,flat foot,0.7389832,1,33.69937819,0.475086213,0.505908766
image_0778_png_jpg.rf.68abf11711c2988f7a6509470fefc12d.jpg,train,flat foot,0.5992065,1,31.66254783,0.469791008,0.508149654
image_0870_png_jpg.rf.b70be512a61fa9ae8d02d172f1988ee0_flip.jpg,train,flat foot,0.6788279,1,32.98987564,0.502800697,0.501727265
image_0656_png_jpg.rf.fcd809716fe68ed40368cadcba74fa21_rot-5.jpg,train,flat foot,0.6872573,1,32.89819834,0.498093474,0.503473873
image_0672_png_jpg.rf.317c611ecdd937032e31e0542dc984f5_rot15.jpg,train,flat foot,0.6810512,1,34.29926658,0.484957017,0.505205733
image_0988_png_jpg.rf.eba4ecb178ef50eac681098c22a2c00a.jpg,train,flat foot,0.6713268,1,32.24250638,0.490265165,0.495949219
image_0913_png_jpg.rf.476a90d40db001d505c003e89890c32f_rot15.jpg,train,flat foot,0.67656845,1,34.18566645,0.485147065,0.502888502
image_0156_jpg.rf.74fc095053bc823364e4381f1ae4d2ce_rot15.jpg,train,flat foot,0.7137348,1,33.70336416,0.48423308,0.502627913
image_0496_png_jpg.rf.d5a6ee5aedbd6ce4e051d95f5cc00cc8_rot-5.jpg,train,flat foot,0.6690053,1,31.96348852,0.500574744,0.507721431
image_0286_jpg.rf.fa41a221d10a65c0ad5412888424621a_rot-10.jpg,train,flat foot,0.6448637,1,32.41390306,0.52106185,0.513296843
image_0102_png_jpg.rf.16ba2e2557429cda11a8cbff92a05fcf_rot-10.jpg,train,flat foot,0.70547867,1,33.60969388,0.483496191,0.497207122
image_0386_jpg.rf.e83dea960cd9e2994fb57b36bb3b0fc2_flip.jpg,train,flat foot,0.641669,1,32.28435906,0.487794297,0.505836689
image_0077_png_jpg.rf.677c12f3c9a4ce3491825c6916373448_rot-15.jpg,train,flat foot,0.6997002,1,34.34709821,0.464583933,0.494915356
image_0309_png_jpg.rf.080038b1f743f3b6830be528ceb1a08a_rot-5.jpg,train,flat foot,0.66126144,1,32.50757334,0.529215528,0.499005088
image_0643_png_jpg.rf.e8c5c9949de5a9e7f8608fbc17c9148f_rot5.jpg,train,flat foot,0.6916066,1,33.18518814,0.48534149,0.500822271
image_0159_png_jpg.rf.0a84b381c641c5c482365c58f7d5690a.jpg,train,flat foot,0.65213376,1,33.02176339,0.488316192,0.50195305
image_0160_png_jpg.rf.3fef41e24025d31f0dbe77080db5d1c3_rot5.jpg,train,flat foot,0.64059514,1,32.44977679,0.499108881,0.502624996
image_0227_png_jpg.rf.3d7afae8f0ead42b2c964d11d891d939_rot-5.jpg,train,flat foot,0.64566463,1,33.26690051,0.469436336,0.499658181
image_0078_png_jpg.rf.fb65d4582048ce185e6ccb84a5e28c01_rot-10.jpg,train,flat foot,0.6873076,1,32.19666773,0.502033114,0.505138355
image_0406_jpg.rf.698b9b5bb67d181d17e24c01fa880839.jpg,train,flat foot,0.7049662,1,32.94403699,0.48483713,0.500575386
image_0496_png_jpg.rf.b4da3370e67009089c6081fd43f5ab0b.jpg,train,flat foot,0.7172,1,33.03571429,0.486135353,0.502571211
image_0643_png_jpg.rf.907f4d9cf0078527b4c1b88d76d935cf_rot5.jpg,train,flat foot,0.6880395,1,33.01179847,0.483910138,0.499628977
image_0108_png_jpg.rf.c7fe5cebeabcf1e87647a7623a5e75be_rot-5.jpg,train,flat foot,0.68667984,1,33.12938457,0.46779642,0.493084166
image_0906_png_jpg.rf.2140de6b1fd6965ad20c73cea48536c3.jpg,train,flat foot,0.65914845,1,33.00382653,0.482308003,0.503589681
image_0988_png_jpg.rf.0e149119eb95810994b496cdc81f02a9_rot-10.jpg,train,flat foot,0.68396497,1,33.49410077,0.484417372,0.49520954
image_0371_png_jpg.rf.641902bb2e0075963e12e94b0db19774_rot-15.jpg,train,flat foot,0.64696956,1,32.6690051,0.479007374,0.491808974
image_0036_png_jpg.rf.1dcf6e6918d5575e529dfbac0a226141_rot-15.jpg,train,flat foot,0.6125372,1,32.79655612,0.504358702,0.509533507
image_0078_png_jpg.rf.3dd5591c974c6ce315e00ac24ccef161_rot-15.jpg,train,flat foot,0.72046334,1,34.2574139,0.479455054,0.493332375
image_0991_png_jpg.rf.29a8f40cbfa963b402960d860b19c9f6_rot-15.jpg,train,flat foot,0.677554,1,33.73923788,0.46629478,0.496242356
image_0172_jpg.rf.c77ec69f3ac9bc0e2109e535cc86d56c.jpg,train,flat foot,0.691912,1,32.37802934,0.483034267,0.502050263
image_0317_jpg.rf.63b1f20861f4827caf3ffc0c3b15672a_rot15.jpg,train,flat foot,0.6854599,1,34.26339286,0.488027881,0.504600957
image_0486_png_jpg.rf.193743e33a01d6dec51bce0bd8a183c7_rot5.jpg,train,flat foot,0.61039644,1,32.03324298,0.467090605,0.50427621
image_0310_png_jpg.rf.e1d7c62c4cade71d0b3dd60b4e135417_rot-5.jpg,train,flat foot,0.6969365,1,33.26092156,0.469142506,0.502400994
image_0223_jpg.rf.4d58d3aab7c8c9590e23db2d04645872_rot-5.jpg,train,flat foot,0.67263365,1,32.08107462,0.507780214,0.502513766
image_0532_png_jpg.rf.9153b58124ebeb29e18f0a4b5525d9c2_rot-15.jpg,train,flat foot,0.6895145,1,34.29129464,0.491607532,0.500691782
image_0496_png_jpg.rf.d5a6ee5aedbd6ce4e051d95f5cc00cc8_rot-15.jpg,train,flat foot,0.6721652,1,33.05365115,0.499558325,0.507559904
image_0262_jpg.rf.2b5a7d13606cdf6a1dfbc6f1524c5396_rot5.jpg,train,flat foot,0.64315534,1,33.17323023,0.473032294,0.500879611
image_0331_png_jpg.rf.7609e40cd13e1e1fe3a448ab88dba06d_rot-5.jpg,train,flat foot,0.7140436,1,33.20910395,0.482301006,0.497062607
image_0138_png_jpg.rf.dd0b343198587c3d85dd579157dfeb53_rot-5.jpg,train,flat foot,0.7401625,1,33.31672513,0.474804409,0.499288254
image_0633_png_jpg.rf.3332deafa84e83fc10859bee032b08bd_rot15.jpg,train,flat foot,0.6623961,1,33.58777105,0.504065551,0.501354764
image_0779_png_jpg.rf.47b7b0d0cb75e38ffd98516dc28f206c_rot15.jpg,train,flat foot,0.6227969,1,33.58378508,0.470651541,0.506457138
image_0093_png_jpg.rf.d5133340f2da0bf8cad6d9f738913914_rot-15.jpg,train,flat foot,0.6938261,1,34.29926658,0.471311814,0.49621002
image_0261_jpg.rf.6d3bf2996e90c4301a46d100c9d67de7_rot5.jpg,train,flat foot,0.6664841,1,33.26291454,0.467706023,0.504802478
image_0610_png_jpg.rf.004a61d2dd6cdfe4b27fd4ae1cc6aac4_rot-10.jpg,train,flat foot,0.70758635,1,33.69339923,0.484216295,0.498676438
image_0912_png_jpg.rf.5b5ef747ad9042cacdf0c8b85cc2fae1_rot15.jpg,train,flat foot,0.65216666,1,33.32469707,0.527129603,0.492007833
image_0368_jpg.rf.beeb5d80a970e2d99f1d11b4e2b5e35f_rot-15.jpg,train,flat foot,0.64908504,1,33.11742666,0.498096196,0.502787778
image_0408_jpg.rf.0549b5def20c5c6dff7e65e56950ab5a_rot15.jpg,train,flat foot,0.6752605,1,33.59972895,0.480856462,0.506184459
image_0221_jpg.rf.eaa9a7c5fe0a7b0b3de7302b1515b62d_rot-5.jpg,train,flat foot,0.71335155,1,32.54942602,0.476184213,0.492372656
image_0020_png_jpg.rf.19713a16470395a5116aa3b8e35c7d34_rot5.jpg,train,flat foot,0.6818062,1,33.15927934,0.481086614,0.502515897
image_0634_png_jpg.rf.c1cc5098bd0bb16b6f45c2d2cf9589ef_rot-15.jpg,train,flat foot,0.6502558,1,34.25940689,0.474846136,0.495637577
image_0227_png_jpg.rf.3d7afae8f0ead42b2c964d11d891d939_rot10.jpg,train,flat foot,0.64536923,1,33.64158163,0.469975163,0.507648425
image_0060_png_jpg.rf.282104804868eedc5ce2aeb8c69103e7_rot-15.jpg,train,flat foot,0.7122971,1,33.48214286,0.48146149,0.491841722
image_0933_png_jpg.rf.b0546c68114cc2f01971f0a6935a6a5c_flip.jpg,train,flat foot,0.682242,1,32.88026148,0.516557589,0.499791233
image_0036_png_jpg.rf.1dcf6e6918d5575e529dfbac0a226141_rot5.jpg,train,flat foot,0.60888165,1,31.87380421,0.508452791,0.507076176
image_0286_jpg.rf.fa41a221d10a65c0ad5412888424621a_rot-15.jpg,train,flat foot,0.64514744,1,33.0596301,0.519945802,0.514932126
image_0077_png_jpg.rf.d2eb959385bc1915f379fe60db13e070_rot-5.jpg,train,flat foot,0.680812,1,31.79009885,0.464155569,0.50171333
image_0022_png_jpg.rf.255eea8ed3f9e1cbd36bc5ee88f57192_rot5.jpg,train,flat foot,0.6375919,1,32.19068878,0.539319151,0.499035465
image_0286_jpg.rf.d71c29a357697a4698a225771dedf026.jpg,train,flat foot,0.6770985,1,32.92410714,0.471232571,0.497894013
image_0363_png_jpg.rf.8df24e7a632f5cb70c5ef08bc84e70ae.jpg,train,flat foot,0.661006,1,32.09502551,0.47904779,0.500121845
image_0370_jpg.rf.0bb98dd4ad80a5d59dfaa317bea29372_rot-10.jpg,train,flat foot,0.66696554,1,33.41836735,0.485395738,0.49632118
image_0093_png_jpg.rf.5c1dc04fc34d53275db18f01cf4a62b4_rot5.jpg,train,flat foot,0.6829108,1,32.64110332,0.464694419,0.507623492
image_0410_png_jpg.rf.e76cc71515787a2c31f234468aec609a_rot-15.jpg,train,flat foot,0.62396264,1,33.79902742,0.488852471,0.504580366
image_0060_png_jpg.rf.af74619b9a1ebcf57c7330b5bb0ca6d1_rot5.jpg,train,flat foot,0.7320102,1,33.21508291,0.481525911,0.500596084
image_0102_png_jpg.rf.3577c2c8ff226b7f6283c77b2077f834_rot-15.jpg,train,flat foot,0.7006492,1,34.03419962,0.485562164,0.498054658
image_0119_png_jpg.rf.157b42c0626aa987d0c690ab27270702_rot15.jpg,train,flat foot,0.6644331,1,33.75119579,0.480010111,0.508922349
image_0658_png_jpg.rf.126034b4160b0bf4578129e2cf863c92_rot15.jpg,train,flat foot,0.6113872,1,33.89668367,0.513428843,0.49430222
image_0363_png_jpg.rf.0aef0ee219a3d23afe3b52765835ffb7_flip.jpg,train,flat foot,0.6713105,1,32.78061224,0.519106502,0.499392206
image_0369_jpg.rf.8c7cb8b7ecdd929dac3f074b9beeaaf2_rot5.jpg,train,flat foot,0.6522575,1,33.20511798,0.480953286,0.507377396
image_0239_jpg.rf.19392a222d5ee2ebf58f93ae41c88f73_rot-15.jpg,train,flat foot,0.6569704,1,33.09351084,0.4873934,0.492930305
image_0370_jpg.rf.622d6ef5cdc8f494e9ec6f7eb05ed42e_rot15.jpg,train,flat foot,0.642015,1,33.0078125,0.472983187,0.509616341
image_0020_png_jpg.rf.c5012f9f4d7ce1ee852db336fa869650_rot10.jpg,train,flat foot,0.6567763,1,32.98788265,0.497002317,0.501057643
image_0632_png_jpg.rf.ebbd09fb9c722e594c4428965c4f0519_rot-15.jpg,train,flat foot,0.6567998,1,33.19316008,0.47621844,0.49685117
image_0590_png_jpg.rf.a385dae12028bc79945b79d27c11efdc_rot-10.jpg,train,flat foot,0.694822,1,33.63759566,0.485820804,0.498114458
image_0496_png_jpg.rf.2d1b3a0184ef480ba9023dfb2bd0ef7b_flip.jpg,train,flat foot,0.66237193,1,31.57087054,0.51124521,0.50119854
image_0632_png_jpg.rf.ebbd09fb9c722e594c4428965c4f0519_rot5.jpg,train,flat foot,0.6552791,1,32.16677296,0.474720437,0.505372239
image_0532_png_jpg.rf.9153b58124ebeb29e18f0a4b5525d9c2_rot-10.jpg,train,flat foot,0.6878605,1,33.64357462,0.491365636,0.501367048
image_0371_png_jpg.rf.05671ebf59b2e0a6e66a9ca94a33f3a0_rot10.jpg,train,flat foot,0.7047883,1,33.58378508,0.487701177,0.501575131
image_0118_png_jpg.rf.dd0bab89e1155e72ab0d46c591b17c0a_rot-10.jpg,train,flat foot,0.6964773,1,33.52598852,0.474094727,0.494574727
image_0146_png_jpg.rf.c4c2cdaa131ffa126959a095e96fd10e_rot10.jpg,train,flat foot,0.7043488,1,33.59972895,0.487514922,0.502477179
image_0262_jpg.rf.73cbcdc09910dd032921df72dd548466_flip.jpg,train,flat foot,0.6269588,1,32.2006537,0.509576297,0.503506892
image_0991_png_jpg.rf.4d66130654594d619dd146688b1d95a6_rot5.jpg,train,flat foot,0.6890642,1,33.28483737,0.469770331,0.506779171
image_0611_png_jpg.rf.986c02197ede3edb5116562540b70100_rot10.jpg,train,flat foot,0.6871437,1,33.09749681,0.490552189,0.498926875
image_0716_png_jpg.rf.226ed41aa31b30acca2651ca5d2c3603_flip.jpg,train,flat foot,0.6813176,1,32.97393176,0.490425997,0.501141465
image_0658_png_jpg.rf.973ca402fd0726592d108c0a7242f93d_rot-5.jpg,train,flat foot,0.624877,1,33.27487245,0.475903125,0.502835187
image_0933_png_jpg.rf.b0546c68114cc2f01971f0a6935a6a5c_rot-10.jpg,train,flat foot,0.6792063,1,33.5020727,0.480133296,0.496341624
image_0078_png_jpg.rf.37f1bc598070945514a07b81b7797504_rot-10.jpg,train,flat foot,0.6996141,1,33.04966518,0.467000849,0.496400125
image_0610_png_jpg.rf.16d2039ab19ae33162d4955fabe6fdab_flip.jpg,train,flat foot,0.6865158,1,31.93359375,0.524200879,0.502733056
image_0633_png_jpg.rf.58f0b882292dfe42defa165fa86ecc15_rot-10.jpg,train,flat foot,0.6820423,1,33.52000957,0.488950991,0.49765843
image_0532_png_jpg.rf.72599ac8edac64eb9b0a2615c3f2b085_flip.jpg,train,flat foot,0.67243415,1,32.42586097,0.485559827,0.493165949
image_0333_jpg.rf.e869149cef5126ef6a7ff480bfbc660e_rot10.jpg,train,flat foot,0.62992626,1,31.90170599,0.548958099,0.480463253
image_0262_jpg.rf.39f63655fb66b25cb7a6d93cdb68d7e8_rot10.jpg,train,flat foot,0.62792486,1,33.08354592,0.519279631,0.500755455
image_0041_png_jpg.rf.d2a646d4aac55c94b5d75828ce3dedf0_rot15.jpg,train,flat foot,0.7196456,1,34.30125957,0.484989395,0.505014805
image_0363_png_jpg.rf.8df24e7a632f5cb70c5ef08bc84e70ae_rot-10.jpg,train,flat foot,0.6604494,1,32.76865434,0.480153228,0.496661316
image_0331_png_jpg.rf.7609e40cd13e1e1fe3a448ab88dba06d_flip.jpg,train,flat foot,0.72039616,1,32.94005102,0.513724648,0.498590639
image_0513_png_jpg.rf.113cb407e1ee7c0b8c9d7906e0823a1e_rot15.jpg,train,flat foot,0.6987199,1,33.53993941,0.48186512,0.500857695
image_0496_png_jpg.rf.d5a6ee5aedbd6ce4e051d95f5cc00cc8_rot-10.jpg,train,flat foot,0.6704963,1,32.39198023,0.500050045,0.507682456
image_0370_jpg.rf.622d6ef5cdc8f494e9ec6f7eb05ed42e_rot5.jpg,train,flat foot,0.6390458,1,32.00135523,0.471337259,0.50482888
image_0309_png_jpg.rf.080038b1f743f3b6830be528ceb1a08a_flip.jpg,train,flat foot,0.66598904,1,32.24848533,0.466549308,0.496188744
image_0102_png_jpg.rf.3577c2c8ff226b7f6283c77b2077f834_rot5.jpg,train,flat foot,0.69995815,1,32.97791773,0.484517321,0.503223223
image_0097_png_jpg.rf.a5d8f3a47ff091619736bfdca33ca6a6_flip.jpg,train,flat foot,0.6418486,1,32.96595982,0.515301425,0.503037137
image_0362_png_jpg.rf.b1338548dbef234015f3a4d650c7eb82_rot5.jpg,train,flat foot,0.6826318,1,33.15927934,0.478103209,0.504834766
image_0239_jpg.rf.2a6f53eda84d9889ce68a8d8ae96b798_rot5.jpg,train,flat foot,0.68051475,1,33.15529337,0.481664615,0.502599706
image_0496_png_jpg.rf.d5a6ee5aedbd6ce4e051d95f5cc00cc8.jpg,train,flat foot,0.6738033,1,31.76817602,0.50101829,0.507667592
image_0097_png_jpg.rf.7d2eed8b80c4bdf195c746191a7d5a8f_rot15.jpg,train,flat foot,0.6048875,1,33.2948023,0.504313838,0.49755529
image_0486_png_jpg.rf.2be259bd22bd0bd397dcd175e5cea54d_rot-10.jpg,train,flat foot,0.6124528,1,32.51953125,0.463606487,0.501976544
image_0779_png_jpg.rf.47b7b0d0cb75e38ffd98516dc28f206c_rot-5.jpg,train,flat foot,0.61781585,1,32.52949617,0.470226291,0.495871994
image_0642_png_jpg.rf.a7d3910f2d9782cf674a03605ec2d75a_rot-15.jpg,train,flat foot,0.6637197,1,33.70934311,0.501869649,0.498918638
image_0407_jpg.rf.9ab08d96ae70b08721d9b74f780ea037_rot-15.jpg,train,flat foot,0.680769,1,34.31122449,0.475519008,0.495899234
image_0159_png_jpg.rf.c9156059bcc9617e24dcf71b25916b50_rot10.jpg,train,flat foot,0.64501745,1,33.41836735,0.488680236,0.505081194
image_0913_png_jpg.rf.9c45644eaf7b224789924e9b0d9fbfc7_rot15.jpg,train,flat foot,0.66561,1,33.44029018,0.491122817,0.50415789
image_0022_png_jpg.rf.2eca01dab6182325584c92604608e979_rot5.jpg,train,flat foot,0.66820025,1,33.11543367,0.483221701,0.497583523
image_0379_png_jpg.rf.e7dc11a0435a467533a1c10b8e18fe51_rot-10.jpg,train,flat foot,0.66192245,1,33.51004464,0.475202349,0.493221065
image_0102_png_jpg.rf.16ba2e2557429cda11a8cbff92a05fcf.jpg,train,flat foot,0.7116569,1,32.95001594,0.482557336,0.500074512
image_0980_png_jpg.rf.1f877b20f444cd18f43b382caf243da7_rot15.jpg,train,flat foot,0.69559723,1,34.23947704,0.484007264,0.502599278
image_0362_png_jpg.rf.b1338548dbef234015f3a4d650c7eb82_rot-15.jpg,train,flat foot,0.6832659,1,34.10395408,0.481851896,0.498943277
image_0643_png_jpg.rf.e8c5c9949de5a9e7f8608fbc17c9148f_rot-10.jpg,train,flat foot,0.6920472,1,33.5678412,0.486475436,0.497179469
image_0368_jpg.rf.67b263c447bbe815827d068dbea363fc_rot-10.jpg,train,flat foot,0.6793761,1,33.50805166,0.482040605,0.497022806
image_0261_jpg.rf.6d3bf2996e90c4301a46d100c9d67de7_rot10.jpg,train,flat foot,0.6662574,1,33.64756059,0.468358319,0.507590252
image_0370_jpg.rf.622d6ef5cdc8f494e9ec6f7eb05ed42e_rot-5.jpg,train,flat foot,0.6382589,1,31.96747449,0.471472442,0.499833693
image_0778_png_jpg.rf.b999c8f4a1c149336efb5438e26213ce_rot-10.jpg,train,flat foot,0.63156116,1,33.63560268,0.471777755,0.500129997
image_0962_png_jpg.rf.841c2397f316a6b3a07e534d4bf39db8_flip.jpg,train,flat foot,0.69076043,1,32.93805804,0.520430722,0.498562785
image_0119_png_jpg.rf.157b42c0626aa987d0c690ab27270702_rot5.jpg,train,flat foot,0.66230136,1,32.72281569,0.478686911,0.505366179
image_0310_png_jpg.rf.e1d7c62c4cade71d0b3dd60b4e135417_rot-10.jpg,train,flat foot,0.6960108,1,33.64357462,0.469653513,0.499771034
image_0020_png_jpg.rf.c5012f9f4d7ce1ee852db336fa869650_flip.jpg,train,flat foot,0.6620343,1,32.34215561,0.498122821,0.500486087
image_0324_jpg.rf.804aea319166caa4958a736f4b768731_rot5.jpg,train,flat foot,0.612034,1,32.54942602,0.481913879,0.500006881
image_0368_jpg.rf.beeb5d80a970e2d99f1d11b4e2b5e35f_rot10.jpg,train,flat foot,0.6487932,1,32.2265625,0.498309456,0.503561915
image_0239_jpg.rf.2a6f53eda84d9889ce68a8d8ae96b798_rot-15.jpg,train,flat foot,0.68161756,1,34.19363839,0.483282881,0.496597279
image_0370_jpg.rf.0bb98dd4ad80a5d59dfaa317bea29372_rot-5.jpg,train,flat foot,0.6651846,1,33.04966518,0.484741465,0.497526999
image_0980_png_jpg.rf.1f877b20f444cd18f43b382caf243da7_flip.jpg,train,flat foot,0.6990127,1,32.9559949,0.511386409,0.49820255
image_0097_png_jpg.rf.a5d8f3a47ff091619736bfdca33ca6a6_rot15.jpg,train,flat foot,0.6404406,1,34.25542092,0.481314655,0.508163196
image_0480_png_jpg.rf.0a693961205a9c9597ef70b03524a35e_rot-5.jpg,train,flat foot,0.63404846,1,33.24298469,0.485699614,0.500598026
image_0102_png_jpg.rf.3577c2c8ff226b7f6283c77b2077f834_rot-5.jpg,train,flat foot,0.6995508,1,32.9819037,0.484659829,0.500526363
image_0870_png_jpg.rf.b70be512a61fa9ae8d02d172f1988ee0_rot5.jpg,train,flat foot,0.67388374,1,33.2549426,0.492670991,0.502374815
image_0119_png_jpg.rf.5973e40753009e8dfe5c6221bd3a5f66_rot5.jpg,train,flat foot,0.64132136,1,31.9794324,0.487320152,0.509660052
image_0020_png_jpg.rf.e0cae8307866f75ce21eb41bd7567781_rot-10.jpg,train,flat foot,0.6568819,1,32.92211416,0.533889906,0.501948995
image_0323_jpg.rf.e5b8b09605d0c4ba523e4556a42b3551_rot5.jpg,train,flat foot,0.6164089,1,33.23899872,0.48688043,0.506265189
image_0590_png_jpg.rf.dcd6007baf0661086de5f5a193ddd407_rot5.jpg,train,flat foot,0.68019384,1,32.16278699,0.477978722,0.497686554
image_0159_png_jpg.rf.c9156059bcc9617e24dcf71b25916b50_rot-10.jpg,train,flat foot,0.6456342,1,33.4243463,0.488649116,0.50107899
image_0138_png_jpg.rf.dd0b343198587c3d85dd579157dfeb53_rot15.jpg,train,flat foot,0.7401453,1,34.34311224,0.475912721,0.508023471
image_0286_jpg.rf.fa41a221d10a65c0ad5412888424621a_flip.jpg,train,flat foot,0.6461481,1,31.89971301,0.472155042,0.509280388
image_0060_png_jpg.rf.af74619b9a1ebcf57c7330b5bb0ca6d1_rot-15.jpg,train,flat foot,0.73160684,1,34.25542092,0.483761871,0.494713925
image_0125_png_jpg.rf.79e4908e015dc8a04a5c0b133ed88086_rot-5.jpg,train,flat foot,0.6562058,1,32.58529974,0.50435825,0.50109352
image_0102_png_jpg.rf.16ba2e2557429cda11a8cbff92a05fcf_flip.jpg,train,flat foot,0.7116553,1,32.95001594,0.512977415,0.500074832
image_0323_jpg.rf.e5b8b09605d0c4ba523e4556a42b3551_rot-5.jpg,train,flat foot,0.6164457,1,33.23501276,0.486542928,0.503937661
image_0643_png_jpg.rf.907f4d9cf0078527b4c1b88d76d935cf_flip.jpg,train,flat foot,0.69303143,1,32.77463329,0.511344799,0.498205414
image_0933_png_jpg.rf.b0546c68114cc2f01971f0a6935a6a5c_rot15.jpg,train,flat foot,0.6805492,1,34.17370855,0.479629451,0.505355645
image_0250_jpg.rf.e05cb546a296bd74b654fb06ebbb2593_rot10.jpg,train,flat foot,0.67811096,1,33.06162309,0.479557181,0.508304853
image_0363_png_jpg.rf.8df24e7a632f5cb70c5ef08bc84e70ae_rot15.jpg,train,flat foot,0.66288704,1,33.40242347,0.479746032,0.505635244
image_0991_png_jpg.rf.29a8f40cbfa963b402960d860b19c9f6.jpg,train,flat foot,0.68145484,1,32.43582589,0.46438066,0.505219662
image_0370_jpg.rf.622d6ef5cdc8f494e9ec6f7eb05ed42e_rot-15.jpg,train,flat foot,0.64028054,1,32.98389668,0.474452735,0.495916983
image_0108_png_jpg.rf.c7fe5cebeabcf1e87647a7623a5e75be_rot10.jpg,train,flat foot,0.68715817,1,33.50605867,0.466804758,0.501795592
image_0156_jpg.rf.74fc095053bc823364e4381f1ae4d2ce_rot5.jpg,train,flat foot,0.71319395,1,32.66501913,0.484081567,0.499698046
image_0308_png_jpg.rf.555b04b72ab27555ea780eb7327aac15_rot15.jpg,train,flat foot,0.69388795,1,34.2833227,0.483501153,0.506848523
image_0108_png_jpg.rf.c7fe5cebeabcf1e87647a7623a5e75be.jpg,train,flat foot,0.6917035,1,32.88026148,0.466954502,0.495887158
image_0717_png_jpg.rf.95dbd52a4424174e4d45ded4373a1d12_rot-5.jpg,train,flat foot,0.6455814,1,33.12340561,0.497441202,0.500107856
image_0020_png_jpg.rf.e0cae8307866f75ce21eb41bd7567781_rot5.jpg,train,flat foot,0.6546561,1,32.5394611,0.537094718,0.491724705
image_0118_png_jpg.rf.f322a21716ccad634027968e56e27001_flip.jpg,train,flat foot,0.6648935,1,32.20862564,0.478677622,0.497063481
image_0167_jpg.rf.618983980ecce37cc554386322c16128_rot5.jpg,train,flat foot,0.6628238,1,33.27088648,0.468678398,0.504411893
image_0166_jpg.rf.b2abebae8ed18068a643ba6da5c2bdb3.jpg,train,flat foot,0.6931325,1,32.93606505,0.473721932,0.498882486
image_0022_png_jpg.rf.255eea8ed3f9e1cbd36bc5ee88f57192_rot10.jpg,train,flat foot,0.63657975,1,32.61120855,0.539313255,0.495394704
image_0101_png_jpg.rf.7ee096bf0e64d620a55752931a391947_rot-5.jpg,train,flat foot,0.7013818,1,33.28483737,0.492462113,0.498233405
image_0020_png_jpg.rf.c5012f9f4d7ce1ee852db336fa869650_rot-5.jpg,train,flat foot,0.6565857,1,32.60722258,0.497610393,0.500284104
image_0221_jpg.rf.ad05cdb883c84d6431230713c6908d0a_rot-10.jpg,train,flat foot,0.72525996,1,33.58577806,0.483720021,0.495252619
image_0368_jpg.rf.67b263c447bbe815827d068dbea363fc.jpg,train,flat foot,0.6829791,1,32.88823342,0.481042385,0.500145654
image_0107_png_jpg.rf.da9c37ea0c8068576b1607e593dee4f8_rot10.jpg,train,flat foot,0.63517267,1,32.68694196,0.481226824,0.509023996
image_0386_jpg.rf.dfab0f23cb9be3afe9dfe7b46d650190_rot5.jpg,train,flat foot,0.66251326,1,33.13137755,0.474475721,0.500768003
image_0238_jpg.rf.3f2ddb9e9a01777684dccd4a6a62702c_flip.jpg,train,flat foot,0.6568716,1,32.29830995,0.464159416,0.49342319
image_0658_png_jpg.rf.973ca402fd0726592d108c0a7242f93d_rot-10.jpg,train,flat foot,0.626258,1,33.63759566,0.476329479,0.500790937
image_0118_png_jpg.rf.dd0bab89e1155e72ab0d46c591b17c0a_rot-5.jpg,train,flat foot,0.6951037,1,33.15529337,0.473154445,0.49675766
image_0093_png_jpg.rf.d5133340f2da0bf8cad6d9f738913914_rot-5.jpg,train,flat foot,0.69188553,1,33.27885842,0.469668223,0.501184182
image_0621_png_jpg.rf.3c21fc9c9fe4d20a6f8a7d2b1b871896.jpg,train,flat foot,0.6696589,1,32.96197385,0.475501698,0.500128731
image_0486_png_jpg.rf.193743e33a01d6dec51bce0bd8a183c7_rot-5.jpg,train,flat foot,0.61072797,1,32.05915179,0.467409449,0.498539961
image_0933_png_jpg.rf.6dc51ea56c0da80d58c6684a8ce35810_rot15.jpg,train,flat foot,0.658871,1,33.56186224,0.490763573,0.502919973
image_0633_png_jpg.rf.58f0b882292dfe42defa165fa86ecc15.jpg,train,flat foot,0.6858537,1,32.87428253,0.488071001,0.499562508
image_0870_png_jpg.rf.bc43b4e95b949e8919b248d6a943cfbd_rot10.jpg,train,flat foot,0.65158826,1,32.6430963,0.501880857,0.49761346
image_0407_jpg.rf.9ab08d96ae70b08721d9b74f780ea037_rot-10.jpg,train,flat foot,0.6784299,1,33.66749043,0.474539191,0.497927509
image_0323_jpg.rf.15865867b7471de94685fc267c948c42_rot-5.jpg,train,flat foot,0.5779784,1,32.12492028,0.511361037,0.512284943
image_0077_png_jpg.rf.677c12f3c9a4ce3491825c6916373448_flip.jpg,train,flat foot,0.7055924,1,33.03571429,0.533120303,0.504345602
image_0370_jpg.rf.622d6ef5cdc8f494e9ec6f7eb05ed42e_rot10.jpg,train,flat foot,0.63953215,1,32.35411352,0.471935169,0.50729268
image_0262_jpg.rf.73cbcdc09910dd032921df72dd548466.jpg,train,flat foot,0.6270305,1,32.2006537,0.485957016,0.50350652
image_0020_png_jpg.rf.19713a16470395a5116aa3b8e35c7d34_rot-10.jpg,train,flat foot,0.68168336,1,33.54591837,0.481987709,0.497715458
image_0410_png_jpg.rf.e76cc71515787a2c31f234468aec609a_rot10.jpg,train,flat foot,0.62060803,1,32.97193878,0.490353993,0.509290143
image_0119_png_jpg.rf.5973e40753009e8dfe5c6221bd3a5f66_rot-10.jpg,train,flat foot,0.6399506,1,32.3959662,0.486194864,0.506116457
image_0642_png_jpg.rf.a7d3910f2d9782cf674a03605ec2d75a_rot-5.jpg,train,flat foot,0.66429937,1,32.75868941,0.503581586,0.498681634
image_0410_png_jpg.rf.e76cc71515787a2c31f234468aec609a.jpg,train,flat foot,0.62027276,1,32.51554528,0.489303762,0.507575862
image_0370_jpg.rf.622d6ef5cdc8f494e9ec6f7eb05ed42e_rot-10.jpg,train,flat foot,0.63753086,1,32.36407844,0.472502087,0.497590489
image_0077_png_jpg.rf.d2eb959385bc1915f379fe60db13e070_rot15.jpg,train,flat foot,0.6834966,1,32.82645089,0.466838164,0.513821722
image_0988_png_jpg.rf.eba4ecb178ef50eac681098c22a2c00a_rot-15.jpg,train,flat foot,0.6698303,1,33.55986926,0.492356314,0.494005206
image_0239_jpg.rf.2a6f53eda84d9889ce68a8d8ae96b798_rot-10.jpg,train,flat foot,0.6809826,1,33.54392538,0.482521879,0.49794109
image_0205_png_jpg.rf.a8b97f4fb146a71b7ddf8d1ca5527248_rot5.jpg,train,flat foot,0.65545195,1,33.21906888,0.497195726,0.504097769
image_0102_png_jpg.rf.105c84e27b69c4cb9df5b2855b9770b9.jpg,train,flat foot,0.69657314,1,32.3959662,0.480118486,0.498670822
image_0077_png_jpg.rf.677c12f3c9a4ce3491825c6916373448_rot10.jpg,train,flat foot,0.6986665,1,33.67944834,0.463862169,0.51074846
image_0167_jpg.rf.508f9d23208ce4967cad2ec64c313320_rot15.jpg,train,flat foot,0.644764,1,33.7631537,0.452606278,0.510787491
image_0481_png_jpg.rf.3d6a11bf36a03dcfa8df76a4f5470e59_rot-15.jpg,train,flat foot,0.6094418,1,33.71930804,0.496425795,0.504580938
image_0124_png_jpg.rf.47238144721bf6db3e3b5daa5173efa3_rot-15.jpg,train,flat foot,0.68336123,1,33.38249362,0.527841895,0.504035402
image_0032_png_jpg.rf.4ea0d436bcbcc4bd05f3206e6e4986cc_rot10.jpg,train,flat foot,0.6633856,1,33.44029018,0.522563119,0.498896622
image_0102_png_jpg.rf.105c84e27b69c4cb9df5b2855b9770b9_rot15.jpg,train,flat foot,0.6922712,1,33.72130102,0.480398757,0.504038175
image_0107_png_jpg.rf.da9c37ea0c8068576b1607e593dee4f8.jpg,train,flat foot,0.6370446,1,32.09701849,0.48018668,0.505692897
image_0261_jpg.rf.ea465b57d4c628781dba72bb74e262c3_flip.jpg,train,flat foot,0.6708704,1,32.98389668,0.528754039,0.501607242
image_0097_png_jpg.rf.7d2eed8b80c4bdf195c746191a7d5a8f.jpg,train,flat foot,0.6042275,1,31.97743941,0.502058951,0.499271541
image_0036_png_jpg.rf.f85e823bcff37f77f15c8b2bed3c8593_rot10.jpg,train,flat foot,0.6304228,1,33.38448661,0.494012966,0.494345647
image_0286_jpg.rf.d969caee15eec57db07e6bc38139975c_rot15.jpg,train,flat foot,0.645381,1,33.58976403,0.515628007,0.496860281
image_0480_png_jpg.rf.0a693961205a9c9597ef70b03524a35e_rot5.jpg,train,flat foot,0.6347172,1,33.24896365,0.485487636,0.50311472
image_0108_png_jpg.rf.3933987d380dcf5de8416c3ec2a80083_flip.jpg,train,flat foot,0.6808386,1,32.53547513,0.524277145,0.49687659
image_0846_png_jpg.rf.4582c59964d85db3862ae057477c4220_rot-15.jpg,train,flat foot,0.67684364,1,32.80253508,0.510832434,0.500207955
image_0264_jpg.rf.c78074e18a133a77395102558122ebdc_rot5.jpg,train,flat foot,0.6254013,1,31.96946747,0.525088969,0.499906871
image_0913_png_jpg.rf.9c45644eaf7b224789924e9b0d9fbfc7_rot5.jpg,train,flat foot,0.66231173,1,32.45974171,0.490895685,0.502506971
image_0155_png_jpg.rf.01cc07f2e1129a36bc6b975730f9a4a7_flip.jpg,train,flat foot,0.6726082,1,33.00382653,0.513703131,0.501058402
image_0107_png_jpg.rf.f93d2d288980a9c72f1d931de8a90018_flip.jpg,train,flat foot,0.66296667,1,33.02176339,0.52382489,0.502959206
image_0064_png_jpg.rf.c47ec4df4115ce2efb987c0a6483479a_rot-15.jpg,train,flat foot,0.6919145,1,33.70336416,0.480764169,0.494072636
image_0801_png_jpg.rf.5daa2262db18ae590757501a9e85ccf7.jpg,train,flat foot,0.66548926,1,31.66055485,0.504228251,0.502909932
image_0532_png_jpg.rf.72599ac8edac64eb9b0a2615c3f2b085_rot10.jpg,train,flat foot,0.66952145,1,32.95400191,0.509861298,0.491046788
image_0016_png_jpg.rf.7ea51bb3981e92368b7efdfd13bb2394_flip.jpg,train,flat foot,0.6900793,1,32.94602997,0.507899695,0.500259284
image_0368_jpg.rf.beeb5d80a970e2d99f1d11b4e2b5e35f_rot15.jpg,train,flat foot,0.6490024,1,32.85435268,0.498282683,0.503759882
image_0362_png_jpg.rf.b1338548dbef234015f3a4d650c7eb82_rot-5.jpg,train,flat foot,0.6822009,1,33.1114477,0.479048954,0.50138849
image_0632_png_jpg.rf.ebbd09fb9c722e594c4428965c4f0519_rot10.jpg,train,flat foot,0.65365547,1,32.53547513,0.475326767,0.50753799
image_0308_png_jpg.rf.555b04b72ab27555ea780eb7327aac15_flip.jpg,train,flat foot,0.69710904,1,33.00980548,0.513066021,0.502351192
image_0262_jpg.rf.73cbcdc09910dd032921df72dd548466_rot-10.jpg,train,flat foot,0.6265061,1,32.86830357,0.486220222,0.501080688
image_0125_png_jpg.rf.04bbcab45218e3dbe891c99aa3016a59_rot10.jpg,train,flat foot,0.67560655,1,33.63560268,0.480736668,0.506834645
image_0371_png_jpg.rf.05671ebf59b2e0a6e66a9ca94a33f3a0_flip.jpg,train,flat foot,0.7108404,1,32.92012117,0.507570683,0.499357522
image_0250_jpg.rf.de0b7c9e9caa9158dd67541ede50420d_rot10.jpg,train,flat foot,0.6897995,1,33.63759566,0.481771056,0.507008761
image_0621_png_jpg.rf.3c21fc9c9fe4d20a6f8a7d2b1b871896_rot15.jpg,train,flat foot,0.6667342,1,34.24744898,0.476494682,0.506537585
image_0634_png_jpg.rf.c1cc5098bd0bb16b6f45c2d2cf9589ef_rot15.jpg,train,flat foot,0.6505653,1,34.25940689,0.474213909,0.509345733
image_0059_png_jpg.rf.77e79d736facdaae127f44688c340ccd_rot-10.jpg,train,flat foot,0.67393094,1,33.22704082,0.468779615,0.500147187
image_0716_png_jpg.rf.226ed41aa31b30acca2651ca5d2c3603_rot-10.jpg,train,flat foot,0.67664146,1,33.61567283,0.505121861,0.502085583
image_0097_png_jpg.rf.7d2eed8b80c4bdf195c746191a7d5a8f_rot10.jpg,train,flat foot,0.6008611,1,32.58529974,0.503881556,0.498097478
image_0286_jpg.rf.d969caee15eec57db07e6bc38139975c_rot-5.jpg,train,flat foot,0.64411074,1,32.5394611,0.514380113,0.503050577
image_0060_png_jpg.rf.282104804868eedc5ce2aeb8c69103e7_rot-5.jpg,train,flat foot,0.71153146,1,32.37802934,0.479234614,0.494874879
image_0362_png_jpg.rf.5fa5f97aff2b5eb3854b772619386bcc_rot10.jpg,train,flat foot,0.6856452,1,33.65353954,0.475892243,0.506433083
image_0634_png_jpg.rf.c1cc5098bd0bb16b6f45c2d2cf9589ef_flip.jpg,train,flat foot,0.65284926,1,32.98389668,0.522720392,0.502302326
image_0239_jpg.rf.2a6f53eda84d9889ce68a8d8ae96b798_rot10.jpg,train,flat foot,0.67932135,1,33.52798151,0.48190636,0.504222281
image_0125_png_jpg.rf.04bbcab45218e3dbe891c99aa3016a59_rot-10.jpg,train,flat foot,0.6750369,1,33.64357462,0.480563037,0.500009981
image_0778_png_jpg.rf.b999c8f4a1c149336efb5438e26213ce.jpg,train,flat foot,0.63583356,1,33.02176339,0.471192328,0.505086967
image_0311_png_jpg.rf.e6d9edd0fc95ebe120f89a68e70c6b5e_rot-15.jpg,train,flat foot,0.6896736,1,34.16972258,0.481048732,0.493548818
image_0846_png_jpg.rf.115d4be86139990a1f14bf01ac5e485a.jpg,train,flat foot,0.66830677,1,31.91964286,0.50609506,0.498974182
image_0060_png_jpg.rf.af74619b9a1ebcf57c7330b5bb0ca6d1_rot15.jpg,train,flat foot,0.7312431,1,34.24744898,0.481958736,0.503900271
image_0609_png_jpg.rf.a7d14643a7e6ef80f96eb3d07c0c4a32_rot15.jpg,train,flat foot,0.66535884,1,34.14381378,0.482166051,0.504322861
image_0486_png_jpg.rf.2be259bd22bd0bd397dcd175e5cea54d_rot-15.jpg,train,flat foot,0.61214924,1,33.02574936,0.466126612,0.500204363
image_0060_png_jpg.rf.282104804868eedc5ce2aeb8c69103e7_rot5.jpg,train,flat foot,0.71245766,1,32.35212054,0.478185965,0.498596312
image_0138_png_jpg.rf.7983c325bee0b55eb8268471ec44fb59_rot-10.jpg,train,flat foot,0.73017037,1,33.53595344,0.526575901,0.502155114
image_0077_png_jpg.rf.d2eb959385bc1915f379fe60db13e070_rot5.jpg,train,flat foot,0.6827752,1,31.80604273,0.464478575,0.507958655
image_0532_png_jpg.rf.6793458c5710ca26988ec9eaec853a26_rot15.jpg,train,flat foot,0.6720096,1,33.46819196,0.48201327,0.511235597
image_0078_png_jpg.rf.37f1bc598070945514a07b81b7797504_rot5.jpg,train,flat foot,0.70053506,1,32.67897003,0.466065045,0.50516739
image_0716_png_jpg.rf.56b06743a79878f1c766fa6e1da53e92_rot10.jpg,train,flat foot,0.6409891,1,32.4477838,0.472635639,0.506177175
image_0666_png_jpg.rf.4ed75a486b69ad1efd892a17cfb0dd30_rot-10.jpg,train,flat foot,0.6612687,1,32.45176977,0.520411633,0.496176924
image_0717_png_jpg.rf.e7c66f4eeca3887716d9e653cf0e01c8_rot-15.jpg,train,flat foot,0.6404439,1,33.56186224,0.498936266,0.500989682
image_0498_png_jpg.rf.504e5709688c467893079b51255835ef_rot-5.jpg,train,flat foot,0.7008643,1,33.01578444,0.505235001,0.499924069
image_0991_png_jpg.rf.52d4ad6d27640a04f1bae06d11b504da_rot5.jpg,train,flat foot,0.67985886,1,32.5394611,0.470284179,0.509763015
image_0933_png_jpg.rf.b0546c68114cc2f01971f0a6935a6a5c_rot5.jpg,train,flat foot,0.6787608,1,33.13735651,0.478880962,0.501654885
image_0717_png_jpg.rf.e7c66f4eeca3887716d9e653cf0e01c8_rot-10.jpg,train,flat foot,0.63820165,1,32.91015625,0.498840041,0.501023996
image_0481_png_jpg.rf.66aa34e0a9a7382207aa628649797f20_rot5.jpg,train,flat foot,0.6118813,1,32.421875,0.48281054,0.49981826
image_0160_png_jpg.rf.390e99f54b1815a21354b164f8df1c80_rot-15.jpg,train,flat foot,0.6599463,1,34.22154018,0.495027838,0.499310393
image_0317_jpg.rf.63b1f20861f4827caf3ffc0c3b15672a_rot10.jpg,train,flat foot,0.682418,1,33.62364477,0.48771911,0.503513658
image_0310_png_jpg.rf.e1d7c62c4cade71d0b3dd60b4e135417_rot5.jpg,train,flat foot,0.6974276,1,33.26690051,0.469557436,0.50776455
image_0656_png_jpg.rf.3ecbcf76e291f0f3188e0e5889442102_rot15.jpg,train,flat foot,0.7061651,1,34.27933673,0.485438831,0.506411902
image_0656_png_jpg.rf.fcd809716fe68ed40368cadcba74fa21.jpg,train,flat foot,0.69022113,1,32.86033163,0.497079465,0.503511037
image_0041_png_jpg.rf.083592ee818f3ab9dfc81d66f7c24483.jpg,train,flat foot,0.69915926,1,32.44579082,0.526971146,0.496820627
image_0107_png_jpg.rf.da9c37ea0c8068576b1607e593dee4f8_rot5.jpg,train,flat foot,0.6345024,1,32.30229592,0.480570487,0.507401117
image_0632_png_jpg.rf.ebbd09fb9c722e594c4428965c4f0519.jpg,train,flat foot,0.66097337,1,31.89373406,0.474477164,0.503155192
image_0779_png_jpg.rf.47b7b0d0cb75e38ffd98516dc28f206c_rot10.jpg,train,flat foot,0.61964875,1,32.94204401,0.469797973,0.503854405
image_0590_png_jpg.rf.dcd6007baf0661086de5f5a193ddd407_rot-15.jpg,train,flat foot,0.6826114,1,33.31672513,0.481663173,0.490992624
image_0633_png_jpg.rf.3332deafa84e83fc10859bee032b08bd_rot10.jpg,train,flat foot,0.66158414,1,32.99784758,0.503936894,0.501663199
image_0498_png_jpg.rf.ae2f045c4e0554796ce1a1495ebd0dab_flip.jpg,train,flat foot,0.7186432,1,33.03571429,0.509317842,0.50256493
image_0264_jpg.rf.c78074e18a133a77395102558122ebdc_rot-15.jpg,train,flat foot,0.6300078,1,32.83242985,0.521358541,0.508482387
image_0172_jpg.rf.8f1879f7f074f31489b00ecc5076dacf_rot5.jpg,train,flat foot,0.6945214,1,33.20511798,0.482521739,0.501539674
image_0286_jpg.rf.fa41a221d10a65c0ad5412888424621a_rot5.jpg,train,flat foot,0.64416176,1,32.06313776,0.524759083,0.506803277
image_0205_png_jpg.rf.a8b97f4fb146a71b7ddf8d1ca5527248_rot-10.jpg,train,flat foot,0.6548203,1,33.61367985,0.496958313,0.503340468
image_0333_jpg.rf.391326a43463395423a33a89aaa2101c_rot5.jpg,train,flat foot,0.6433722,1,31.94555166,0.503008265,0.503337937
image_0223_jpg.rf.4d58d3aab7c8c9590e23db2d04645872_rot-10.jpg,train,flat foot,0.6727598,1,32.43981186,0.507433003,0.503195951
image_0022_png_jpg.rf.255eea8ed3f9e1cbd36bc5ee88f57192_flip.jpg,train,flat foot,0.6400641,1,32.0053412,0.457180716,0.502806601
image_0411_png_jpg.rf.5fe2f90f0e917454d028f857157e5c7b_rot-15.jpg,train,flat foot,0.6831496,1,34.15577168,0.487247118,0.496801289
image_0369_jpg.rf.2ecf5b54ab39719506ab1974cd4c6c69_rot-10.jpg,train,flat foot,0.645621,1,33.44626913,0.516523914,0.498243377
image_0239_jpg.rf.4eabae146f710ed3275cc01380d50271_rot5.jpg,train,flat foot,0.6644748,1,32.59925064,0.485903647,0.499668174
image_0912_png_jpg.rf.4865f91e689bfbb1d59262495e360ed4_rot-10.jpg,train,flat foot,0.677472,1,33.6455676,0.482814751,0.500035495
image_0480_png_jpg.rf.0a693961205a9c9597ef70b03524a35e_rot-15.jpg,train,flat foot,0.6376554,1,34.28132972,0.486686937,0.498360235
image_0912_png_jpg.rf.5b5ef747ad9042cacdf0c8b85cc2fae1_rot-10.jpg,train,flat foot,0.6501496,1,32.62117347,0.526687835,0.504746993
image_0363_png_jpg.rf.8df24e7a632f5cb70c5ef08bc84e70ae_flip.jpg,train,flat foot,0.6610021,1,32.09502551,0.516489717,0.500121185
image_0223_jpg.rf.da84f99b48fb841f000a54d12ac96a3f_rot-5.jpg,train,flat foot,0.69313604,1,33.00382653,0.489653384,0.497971964
image_0264_jpg.rf.c78074e18a133a77395102558122ebdc.jpg,train,flat foot,0.62924373,1,31.74625319,0.523894997,0.502446689
image_0020_png_jpg.rf.e0cae8307866f75ce21eb41bd7567781_rot10.jpg,train,flat foot,0.653109,1,32.89620536,0.538985078,0.487566908
image_0778_png_jpg.rf.68abf11711c2988f7a6509470fefc12d_rot-15.jpg,train,flat foot,0.6023601,1,32.82645089,0.470869101,0.500327108
image_0261_jpg.rf.6d3bf2996e90c4301a46d100c9d67de7_rot-15.jpg,train,flat foot,0.6683356,1,34.29328763,0.469971021,0.493997051
image_0980_png_jpg.rf.1f877b20f444cd18f43b382caf243da7_rot-5.jpg,train,flat foot,0.6921952,1,33.20511798,0.484641038,0.496876881
image_0124_png_jpg.rf.6cdc3394c701e74f5b3880f90aeb64ee_rot-10.jpg,train,flat foot,0.68644613,1,32.89620536,0.477763975,0.495411017
image_0025_png_jpg.rf.8e5550eaed2e7db6bb64404432da3bfe_rot-10.jpg,train,flat foot,0.65639055,1,33.63360969,0.484528597,0.502463455
image_0656_png_jpg.rf.3ecbcf76e291f0f3188e0e5889442102_rot-10.jpg,train,flat foot,0.70484066,1,33.63161671,0.485040978,0.499827561
image_0410_png_jpg.rf.f680676abeec0f87c2e4d142683fc308.jpg,train,flat foot,0.6404732,1,33.02574936,0.478969644,0.50339543
image_0097_png_jpg.rf.7d2eed8b80c4bdf195c746191a7d5a8f_rot5.jpg,train,flat foot,0.60083556,1,32.17873087,0.503166067,0.498642724
image_0041_png_jpg.rf.d2a646d4aac55c94b5d75828ce3dedf0_flip.jpg,train,flat foot,0.7253173,1,33.00581952,0.511069855,0.500903154
image_0156_jpg.rf.74fc095053bc823364e4381f1ae4d2ce_rot-15.jpg,train,flat foot,0.7130511,1,33.70535714,0.486412634,0.494762487
image_0159_png_jpg.rf.da380808d0203aa8dabf1d9a7baf9e75.jpg,train,flat foot,0.6360852,1,32.27040816,0.501154386,0.502236836
image_0486_png_jpg.rf.2be259bd22bd0bd397dcd175e5cea54d_rot15.jpg,train,flat foot,0.61140347,1,32.94602997,0.457380341,0.520317977
image_0779_png_jpg.rf.a871cdfc8ff7692f4df6aa5f129d6f00_rot10.jpg,train,flat foot,0.6156768,1,33.23899872,0.533083773,0.492463683
image_0064_png_jpg.rf.c47ec4df4115ce2efb987c0a6483479a_rot-10.jpg,train,flat foot,0.69182616,1,33.05365115,0.4797487,0.495601357
image_0988_png_jpg.rf.eba4ecb178ef50eac681098c22a2c00a_rot5.jpg,train,flat foot,0.6676116,1,32.52152423,0.489730197,0.496861839
image_0331_png_jpg.rf.7609e40cd13e1e1fe3a448ab88dba06d_rot-10.jpg,train,flat foot,0.7145602,1,33.59375,0.483034248,0.495644817
image_0870_png_jpg.rf.b70be512a61fa9ae8d02d172f1988ee0_rot-15.jpg,train,flat foot,0.6755768,1,34.27535077,0.493354629,0.500032973
image_0912_png_jpg.rf.5b5ef747ad9042cacdf0c8b85cc2fae1.jpg,train,flat foot,0.65200096,1,32.07708865,0.527470609,0.499730627
image_0059_png_jpg.rf.77e79d736facdaae127f44688c340ccd_rot-5.jpg,train,flat foot,0.6737796,1,32.82844388,0.468264403,0.502854669
image_0532_png_jpg.rf.9153b58124ebeb29e18f0a4b5525d9c2_rot10.jpg,train,flat foot,0.6879925,1,33.64955357,0.491401744,0.504412528
image_0369_jpg.rf.2ecf5b54ab39719506ab1974cd4c6c69_flip.jpg,train,flat foot,0.650624,1,32.84837372,0.479531571,0.495002357
image_0102_png_jpg.rf.3577c2c8ff226b7f6283c77b2077f834_rot-10.jpg,train,flat foot,0.69988763,1,33.37651467,0.485069557,0.499263953
image_0118_png_jpg.rf.dd0bab89e1155e72ab0d46c591b17c0a_rot-15.jpg,train,flat foot,0.69693804,1,34.19164541,0.475210947,0.492524864
image_0155_png_jpg.rf.6850c8ba858f4288f9e9389ff11e2924_rot-15.jpg,train,flat foot,0.6504713,1,33.70137117,0.49728956,0.504246929
image_0125_png_jpg.rf.ad5c4ac022ecd55398fec79c516207ec_rot-15.jpg,train,flat foot,0.6571956,1,33.52798151,0.486160502,0.497833029
image_0155_jpg.rf.d5491159bdd30a5aaec2a8f0c98fe3fa_rot-10.jpg,train,flat foot,0.68379396,1,33.38847258,0.478077312,0.50147149
image_0323_jpg.rf.15865867b7471de94685fc267c948c42_rot-15.jpg,train,flat foot,0.57925636,1,33.15529337,0.512297087,0.515256671
image_0410_png_jpg.rf.e76cc71515787a2c31f234468aec609a_rot-5.jpg,train,flat foot,0.61685896,1,32.6949139,0.488983581,0.506605203
image_0481_png_jpg.rf.3d6a11bf36a03dcfa8df76a4f5470e59_rot-5.jpg,train,flat foot,0.60548395,1,32.74075255,0.497503789,0.505403482
image_0223_jpg.rf.719276660705c9577d180f9e75db74dd_rot-15.jpg,train,flat foot,0.69784606,1,34.22751913,0.490204608,0.49615728
image_0107_png_jpg.rf.f93d2d288980a9c72f1d931de8a90018_rot-10.jpg,train,flat foot,0.6572717,1,33.65752551,0.472608606,0.498157558
image_0991_png_jpg.rf.52d4ad6d27640a04f1bae06d11b504da_rot10.jpg,train,flat foot,0.68018883,1,32.90019133,0.47134864,0.512230676
image_0991_png_jpg.rf.52d4ad6d27640a04f1bae06d11b504da_rot-10.jpg,train,flat foot,0.68056124,1,32.91812819,0.469895896,0.50186545
image_0933_png_jpg.rf.6603110552eb9d03dab90ce18af9e284_rot10.jpg,train,flat foot,0.6436928,1,32.43383291,0.482999003,0.49916924
image_0379_png_jpg.rf.e7dc11a0435a467533a1c10b8e18fe51_rot-5.jpg,train,flat foot,0.66045064,1,33.1253986,0.474190827,0.495300567
image_0411_png_jpg.rf.2b440abf549ad8ed46444901634c20e5_rot-5.jpg,train,flat foot,0.6796965,1,32.9161352,0.486253831,0.499951778
image_0411_png_jpg.rf.5fe2f90f0e917454d028f857157e5c7b_rot10.jpg,train,flat foot,0.68112314,1,33.50007972,0.485624204,0.502696284
image_0362_png_jpg.rf.7a38e988473d903df3ee53833da7f699_flip.jpg,train,flat foot,0.69134355,1,32.97393176,0.519658289,0.502435775
image_0108_png_jpg.rf.3933987d380dcf5de8416c3ec2a80083.jpg,train,flat foot,0.68095547,1,32.53746811,0.47125929,0.496877242
image_0223_jpg.rf.da84f99b48fb841f000a54d12ac96a3f.jpg,train,flat foot,0.6956393,1,32.81449298,0.489262474,0.498863425
image_0022_png_jpg.rf.255eea8ed3f9e1cbd36bc5ee88f57192_rot-10.jpg,train,flat foot,0.6381122,1,32.45575574,0.536461379,0.509591289
image_0278_jpg.rf.7aeb0cbde7c6d6c38aea7508c2a34b2d_rot10.jpg,train,flat foot,0.6663381,1,33.59972895,0.470078681,0.503108997
image_0324_jpg.rf.8bd2173d18b1fa2f96dd962d3d738125_rot5.jpg,train,flat foot,0.6274819,1,33.10945472,0.482668709,0.499503747
image_0368_jpg.rf.fc17d826be782c6ae798d4e5194fbf38_rot15.jpg,train,flat foot,0.67221946,1,34.0102838,0.515507337,0.496503206
image_0411_png_jpg.rf.5e1527a361e1cb53ccff3bd1d58dc4e5.jpg,train,flat foot,0.66021097,1,31.92163584,0.496888274,0.496967869
image_0333_jpg.rf.391326a43463395423a33a89aaa2101c_rot-10.jpg,train,flat foot,0.6455251,1,32.34813457,0.503191841,0.504312375
image_0323_jpg.rf.15865867b7471de94685fc267c948c42_flip.jpg,train,flat foot,0.58191454,1,31.87779018,0.483389195,0.511293802
image_0238_jpg.rf.fa93062428365800067c7b41574349c2_rot-10.jpg,train,flat foot,0.6364145,1,32.59327168,0.484112872,0.49938213
image_0368_jpg.rf.67b263c447bbe815827d068dbea363fc_flip.jpg,train,flat foot,0.6830564,1,32.88823342,0.514494299,0.500146058
image_0093_png_jpg.rf.d5133340f2da0bf8cad6d9f738913914_rot5.jpg,train,flat foot,0.69304603,1,33.26490753,0.469826725,0.506479062
image_0385_jpg.rf.64ee9935a0e01ec84d23dbf2f7a1e276_rot15.jpg,train,flat foot,0.6761739,1,33.85881696,0.467503215,0.511966633
image_0286_jpg.rf.fa41a221d10a65c0ad5412888424621a.jpg,train,flat foot,0.64614284,1,31.89971301,0.523381539,0.509280987
image_0317_jpg.rf.073a6f536089d354adc2cd71fcd82e58_rot-5.jpg,train,flat foot,0.65838957,1,32.65106824,0.52709354,0.502588845
image_0078_png_jpg.rf.37f1bc598070945514a07b81b7797504.jpg,train,flat foot,0.7054819,1,32.40991709,0.465840648,0.502180889
image_0632_png_jpg.rf.ebbd09fb9c722e594c4428965c4f0519_rot-5.jpg,train,flat foot,0.6545842,1,32.15880102,0.474672302,0.500945444
image_0912_png_jpg.rf.e0da1d0dbf2912fbf0587c6b193284e8_rot5.jpg,train,flat foot,0.67098,1,32.74872449,0.482954587,0.507178676
image_0369_jpg.rf.8c7cb8b7ecdd929dac3f074b9beeaaf2_rot-10.jpg,train,flat foot,0.6523313,1,33.60570791,0.480678077,0.502327368
image_0913_png_jpg.rf.9c45644eaf7b224789924e9b0d9fbfc7.jpg,train,flat foot,0.66637987,1,32.29830995,0.490945003,0.501703353
image_0610_png_jpg.rf.16d2039ab19ae33162d4955fabe6fdab_rot10.jpg,train,flat foot,0.6785162,1,32.61918048,0.471798079,0.507796809
image_0486_png_jpg.rf.2be259bd22bd0bd397dcd175e5cea54d_rot10.jpg,train,flat foot,0.6097107,1,32.3959662,0.458941717,0.515705393
image_0513_png_jpg.rf.03e4dc9c20ef5ddcc5c613183dc97e9d_rot-5.jpg,train,flat foot,0.7060139,1,33.23700574,0.487231082,0.497717238
image_0609_png_jpg.rf.a7d14643a7e6ef80f96eb3d07c0c4a32_rot10.jpg,train,flat foot,0.66145223,1,33.49210778,0.481768899,0.502700374
image_0025_png_jpg.rf.8e5550eaed2e7db6bb64404432da3bfe_rot5.jpg,train,flat foot,0.656929,1,33.24099171,0.484766104,0.506501998
image_0167_jpg.rf.618983980ecce37cc554386322c16128_rot-15.jpg,train,flat foot,0.66513455,1,34.31122449,0.471024305,0.493975282
image_0078_png_jpg.rf.303bca6a2311c523e1e6c4e6a6c792bf_rot-5.jpg,train,flat foot,0.70289195,1,33.22504783,0.488677656,0.49887288
image_0041_png_jpg.rf.083592ee818f3ab9dfc81d66f7c24483_flip.jpg,train,flat foot,0.6991182,1,32.44579082,0.468564693,0.496820931
image_0093_png_jpg.rf.d5133340f2da0bf8cad6d9f738913914_rot10.jpg,train,flat foot,0.6923153,1,33.65154656,0.470618703,0.509043836
image_0933_png_jpg.rf.6dc51ea56c0da80d58c6684a8ce35810.jpg,train,flat foot,0.6598814,1,32.25047832,0.49090927,0.500365468
image_0717_png_jpg.rf.e3273178260e73e2bdcd4920344737e7_rot-15.jpg,train,flat foot,0.63759524,1,33.58179209,0.498014006,0.502206558
image_0239_jpg.rf.4eabae146f710ed3275cc01380d50271_rot15.jpg,train,flat foot,0.6671179,1,33.64158163,0.485922508,0.502315619
image_0324_jpg.rf.804aea319166caa4958a736f4b768731_rot-5.jpg,train,flat foot,0.6127612,1,32.54743304,0.482700982,0.496910398
image_0239_jpg.rf.2a6f53eda84d9889ce68a8d8ae96b798.jpg,train,flat foot,0.6851488,1,32.90218431,0.481681098,0.500981715
image_0205_png_jpg.rf.a8b97f4fb146a71b7ddf8d1ca5527248_rot10.jpg,train,flat foot,0.6543839,1,33.61367985,0.497271016,0.504354354
image_0166_jpg.rf.b2abebae8ed18068a643ba6da5c2bdb3_rot-15.jpg,train,flat foot,0.6884581,1,34.24944196,0.476403857,0.49265958
image_0025_png_jpg.rf.7b35ec8c84e3b06a9a68e1a0a689c40f_rot10.jpg,train,flat foot,0.6470437,1,33.0596301,0.480302501,0.508711307
image_0379_png_jpg.rf.e7dc11a0435a467533a1c10b8e18fe51_flip.jpg,train,flat foot,0.66476864,1,32.90019133,0.522007339,0.497545814
image_0912_png_jpg.rf.e0da1d0dbf2912fbf0587c6b193284e8_flip.jpg,train,flat foot,0.6765478,1,32.49760842,0.512923604,0.505677853
image_0532_png_jpg.rf.72599ac8edac64eb9b0a2615c3f2b085_rot-10.jpg,train,flat foot,0.6689909,1,32.89221939,0.510831101,0.495389313
image_0078_png_jpg.rf.3dd5591c974c6ce315e00ac24ccef161_rot-5.jpg,train,flat foot,0.719905,1,33.21508291,0.47751531,0.496782657
image_0250_jpg.rf.de0b7c9e9caa9158dd67541ede50420d.jpg,train,flat foot,0.6957328,1,32.99984056,0.481060443,0.503764317
image_0207_jpg.rf.f1e41bd164de78f3b646c1d67d5c3332_rot15.jpg,train,flat foot,0.6891699,1,34.28730867,0.470979974,0.511980514
image_0078_png_jpg.rf.bf3661dc190c1965a03fdfe21650bd27_rot10.jpg,train,flat foot,0.6724767,1,32.8643176,0.512574765,0.496386848
image_0078_png_jpg.rf.bf3661dc190c1965a03fdfe21650bd27_rot15.jpg,train,flat foot,0.6751358,1,33.47018495,0.51132137,0.495889836
image_0264_jpg.rf.2933bd983d88f6b9b53a0304a78371b4_rot5.jpg,train,flat foot,0.6600098,1,33.10347577,0.481707587,0.496706362
image_0124_png_jpg.rf.47238144721bf6db3e3b5daa5173efa3_flip.jpg,train,flat foot,0.68457305,1,32.28635204,0.466249846,0.496326905
image_0779_png_jpg.rf.25e80aa2658591c86b82e3604b129719_rot5.jpg,train,flat foot,0.6297919,1,33.14732143,0.474203004,0.500132021
image_0870_png_jpg.rf.b70be512a61fa9ae8d02d172f1988ee0_rot-10.jpg,train,flat foot,0.6737821,1,33.62962372,0.49309805,0.500544857
image_0078_png_jpg.rf.3dd5591c974c6ce315e00ac24ccef161_rot15.jpg,train,flat foot,0.72080356,1,34.25542092,0.477532704,0.504860923
image_0250_jpg.rf.e05cb546a296bd74b654fb06ebbb2593_rot15.jpg,train,flat foot,0.68000406,1,33.7113361,0.480481902,0.509960168
image_0498_png_jpg.rf.504e5709688c467893079b51255835ef_rot-10.jpg,train,flat foot,0.7018141,1,33.38249362,0.505222194,0.50042215
image_0172_jpg.rf.8f1879f7f074f31489b00ecc5076dacf_flip.jpg,train,flat foot,0.69982433,1,32.93407207,0.512894969,0.499996287
image_0369_jpg.rf.2ecf5b54ab39719506ab1974cd4c6c69_rot10.jpg,train,flat foot,0.646723,1,33.47217793,0.515851239,0.491815094
image_0160_png_jpg.rf.390e99f54b1815a21354b164f8df1c80_rot-10.jpg,train,flat foot,0.6583468,1,33.56385523,0.494726908,0.499661916
image_0239_jpg.rf.19392a222d5ee2ebf58f93ae41c88f73_rot10.jpg,train,flat foot,0.6540449,1,32.32820472,0.483979646,0.499032818
image_0078_png_jpg.rf.bf3661dc190c1965a03fdfe21650bd27.jpg,train,flat foot,0.67836714,1,32.33816964,0.513072671,0.498603455
image_0078_png_jpg.rf.bf3661dc190c1965a03fdfe21650bd27_flip.jpg,train,flat foot,0.6783661,1,32.33816964,0.482462555,0.498603208
image_0262_jpg.rf.39f63655fb66b25cb7a6d93cdb68d7e8_rot-15.jpg,train,flat foot,0.6317886,1,33.60570791,0.515393587,0.509119232
image_0717_png_jpg.rf.95dbd52a4424174e4d45ded4373a1d12_rot-10.jpg,train,flat foot,0.64730537,1,33.49609375,0.49764962,0.499951406
image_0590_png_jpg.rf.a385dae12028bc79945b79d27c11efdc_rot5.jpg,train,flat foot,0.6955471,1,33.24497768,0.484935802,0.501901769
image_0108_png_jpg.rf.c7fe5cebeabcf1e87647a7623a5e75be_rot15.jpg,train,flat foot,0.6896489,1,34.16374362,0.467523017,0.504725883
image_0238_jpg.rf.fa93062428365800067c7b41574349c2_rot-15.jpg,train,flat foot,0.6385538,1,33.23501276,0.484754818,0.498136005
image_0481_png_jpg.rf.3d6a11bf36a03dcfa8df76a4f5470e59.jpg,train,flat foot,0.60855556,1,32.55939094,0.497108385,0.505571752
image_0022_png_jpg.rf.255eea8ed3f9e1cbd36bc5ee88f57192.jpg,train,flat foot,0.6400262,1,32.0053412,0.538355856,0.50280631
image_0078_png_jpg.rf.3dd5591c974c6ce315e00ac24ccef161_rot5.jpg,train,flat foot,0.72056013,1,33.23501276,0.476842849,0.500781148
image_0309_png_jpg.rf.62f154d582d14a992504011f4a17f6a2_rot-5.jpg,train,flat foot,0.68663,1,33.13337054,0.486764225,0.498785012
image_0488_png_jpg.rf.915410e01865dd6ddddd1f29bb16567a.jpg,train,flat foot,0.68985873,1,32.4736926,0.481697736,0.503775835
image_0371_png_jpg.rf.641902bb2e0075963e12e94b0db19774_rot-5.jpg,train,flat foot,0.6505005,1,31.69842156,0.479656384,0.495797941
image_0590_png_jpg.rf.dcd6007baf0661086de5f5a193ddd407_rot10.jpg,train,flat foot,0.6797936,1,32.53746811,0.477859929,0.499705989
image_0022_png_jpg.rf.2eca01dab6182325584c92604608e979_flip.jpg,train,flat foot,0.6716196,1,32.87826849,0.51184562,0.496093457
image_0125_png_jpg.rf.ad5c4ac022ecd55398fec79c516207ec.jpg,train,flat foot,0.6569901,1,32.20463967,0.484801576,0.501452698
image_0261_jpg.rf.ea465b57d4c628781dba72bb74e262c3.jpg,train,flat foot,0.6708291,1,32.98389668,0.466781498,0.501606979
image_0119_png_jpg.rf.b269d1d9d0021aac49d1fc8a15f7fa58_flip.jpg,train,flat foot,0.67938095,1,33.01578444,0.522397892,0.502506493
image_0716_png_jpg.rf.226ed41aa31b30acca2651ca5d2c3603_rot5.jpg,train,flat foot,0.67644113,1,33.21707589,0.50488412,0.500723755
image_0411_png_jpg.rf.5fe2f90f0e917454d028f857157e5c7b.jpg,train,flat foot,0.68478566,1,32.86232462,0.485698498,0.500115367
image_0643_png_jpg.rf.e8c5c9949de5a9e7f8608fbc17c9148f_rot15.jpg,train,flat foot,0.6936698,1,34.21954719,0.485613438,0.503478755
image_0379_png_jpg.rf.e7dc11a0435a467533a1c10b8e18fe51_rot15.jpg,train,flat foot,0.66400594,1,34.15776467,0.474010206,0.504639774
image_0036_png_jpg.rf.1dcf6e6918d5575e529dfbac0a226141_rot-5.jpg,train,flat foot,0.60989416,1,31.8100287,0.505860653,0.508947464
image_0870_png_jpg.rf.bc43b4e95b949e8919b248d6a943cfbd_rot-10.jpg,train,flat foot,0.6517953,1,32.55739796,0.50086008,0.498831612
image_0078_png_jpg.rf.fb65d4582048ce185e6ccb84a5e28c01_rot-5.jpg,train,flat foot,0.6864638,1,31.9535236,0.499021464,0.503920975
image_0101_png_jpg.rf.7ee096bf0e64d620a55752931a391947_rot-15.jpg,train,flat foot,0.7029461,1,34.30923151,0.493428126,0.497222018
image_0371_png_jpg.rf.641902bb2e0075963e12e94b0db19774_rot15.jpg,train,flat foot,0.65313536,1,32.57732781,0.47888736,0.503432563
image_0331_png_jpg.rf.7609e40cd13e1e1fe3a448ab88dba06d_rot15.jpg,train,flat foot,0.71629024,1,34.23947704,0.481956513,0.5035393
image_0108_png_jpg.rf.d96ac8ec2bc35e481e5f464ed8177dd6_rot-5.jpg,train,flat foot,0.66982144,1,32.22456952,0.460915352,0.492877635
image_0311_png_jpg.rf.e6d9edd0fc95ebe120f89a68e70c6b5e_rot5.jpg,train,flat foot,0.68703413,1,33.13536352,0.478378109,0.500420317
image_0609_png_jpg.rf.a7d14643a7e6ef80f96eb3d07c0c4a32_rot-15.jpg,train,flat foot,0.66500723,1,34.13982781,0.48380812,0.495194395
image_0411_png_jpg.rf.2b440abf549ad8ed46444901634c20e5.jpg,train,flat foot,0.6836434,1,32.65505421,0.486006158,0.501144038
image_0323_jpg.rf.e5b8b09605d0c4ba523e4556a42b3551_flip.jpg,train,flat foot,0.62054837,1,33.01777742,0.508931647,0.505112237
image_0078_png_jpg.rf.303bca6a2311c523e1e6c4e6a6c792bf_flip.jpg,train,flat foot,0.70918137,1,32.94204401,0.507183234,0.499849043
image_0633_png_jpg.rf.f84d3aa13ccf301022d60117747b0114_rot15.jpg,train,flat foot,0.6786566,1,33.91262755,0.487665534,0.503636479
image_0672_png_jpg.rf.317c611ecdd937032e31e0542dc984f5_rot-15.jpg,train,flat foot,0.6796014,1,34.30125957,0.485864729,0.497382835
image_0124_png_jpg.rf.6cdc3394c701e74f5b3880f90aeb64ee_rot-15.jpg,train,flat foot,0.6886323,1,33.55588329,0.47888277,0.49372016
image_0801_png_jpg.rf.5daa2262db18ae590757501a9e85ccf7_flip.jpg,train,flat foot,0.6654508,1,31.66055485,0.491306905,0.502910502
image_0078_png_jpg.rf.37f1bc598070945514a07b81b7797504_rot-15.jpg,train,flat foot,0.70116633,1,33.69539222,0.468312991,0.493769361
image_0250_jpg.rf.de0b7c9e9caa9158dd67541ede50420d_rot5.jpg,train,flat foot,0.6898399,1,33.26690051,0.481292229,0.505409465
image_0590_png_jpg.rf.a385dae12028bc79945b79d27c11efdc_rot-5.jpg,train,flat foot,0.69518614,1,33.24896365,0.485322993,0.499302722
image_0022_png_jpg.rf.2eca01dab6182325584c92604608e979_rot-5.jpg,train,flat foot,0.6668918,1,33.12340561,0.484377344,0.49474706
image_0159_png_jpg.rf.c9156059bcc9617e24dcf71b25916b50.jpg,train,flat foot,0.6497392,1,32.80851403,0.488332629,0.503057202
image_0238_jpg.rf.0e7a90144f9b796b42ec24aae5364c12_rot-10.jpg,train,flat foot,0.66633266,1,33.64357462,0.474701259,0.498537088
image_0911_png_jpg.rf.dba98d8d10dd8657ea6bab0a951cd00b_rot5.jpg,train,flat foot,0.706327,1,33.18917411,0.480081735,0.502172807
image_0016_png_jpg.rf.7ea51bb3981e92368b7efdfd13bb2394.jpg,train,flat foot,0.69007707,1,32.94602997,0.487635455,0.500259769
image_0155_jpg.rf.736a4db574419344cb398d9194c97387_rot-15.jpg,train,flat foot,0.6654174,1,33.22504783,0.457782459,0.493592447
image_0020_png_jpg.rf.19713a16470395a5116aa3b8e35c7d34_rot15.jpg,train,flat foot,0.6830077,1,34.20758929,0.481845177,0.505809823
image_0032_png_jpg.rf.4ea0d436bcbcc4bd05f3206e6e4986cc_rot15.jpg,train,flat foot,0.6651614,1,34.12388393,0.52237504,0.496817331
image_0634_png_jpg.rf.c1cc5098bd0bb16b6f45c2d2cf9589ef_rot10.jpg,train,flat foot,0.6479455,1,33.6196588,0.473554324,0.507008305
image_0250_jpg.rf.e05cb546a296bd74b654fb06ebbb2593_rot-15.jpg,train,flat foot,0.6800268,1,33.71532207,0.479574989,0.49925752
image_0146_png_jpg.rf.c4c2cdaa131ffa126959a095e96fd10e_rot5.jpg,train,flat foot,0.70547396,1,33.21906888,0.487485865,0.501339801
image_0368_jpg.rf.fc17d826be782c6ae798d4e5194fbf38_rot-10.jpg,train,flat foot,0.67052144,1,33.3207111,0.514092077,0.503895541
image_0125_png_jpg.rf.04bbcab45218e3dbe891c99aa3016a59_rot15.jpg,train,flat foot,0.6785431,1,34.28531569,0.481476015,0.508445124
image_0333_jpg.rf.e869149cef5126ef6a7ff480bfbc660e_flip.jpg,train,flat foot,0.6376883,1,31.51705995,0.4508191,0.490738636
image_0227_png_jpg.rf.3d7afae8f0ead42b2c964d11d891d939.jpg,train,flat foot,0.65084827,1,33.02176339,0.469107029,0.502319524
image_0078_png_jpg.rf.303bca6a2311c523e1e6c4e6a6c792bf_rot-15.jpg,train,flat foot,0.7048296,1,34.25542092,0.489743916,0.497197953
image_0107_png_jpg.rf.f93d2d288980a9c72f1d931de8a90018_rot-15.jpg,train,flat foot,0.66003644,1,34.29926658,0.473671391,0.495971525
image_0159_png_jpg.rf.da380808d0203aa8dabf1d9a7baf9e75_rot15.jpg,train,flat foot,0.63163674,1,33.40640944,0.500488008,0.502631376
image_0286_jpg.rf.fa41a221d10a65c0ad5412888424621a_rot-5.jpg,train,flat foot,0.64423543,1,32.06114477,0.522297534,0.511501676
image_0633_png_jpg.rf.58f0b882292dfe42defa165fa86ecc15_rot5.jpg,train,flat foot,0.68166155,1,33.14931441,0.487876238,0.500634647
image_0933_png_jpg.rf.6dc51ea56c0da80d58c6684a8ce35810_rot5.jpg,train,flat foot,0.6551244,1,32.5135523,0.490745999,0.501174422
image_0481_png_jpg.rf.66aa34e0a9a7382207aa628649797f20_rot15.jpg,train,flat foot,0.61685187,1,33.45224809,0.483038798,0.502981163
image_0610_png_jpg.rf.16d2039ab19ae33162d4955fabe6fdab_rot-10.jpg,train,flat foot,0.6789327,1,32.61918048,0.472258591,0.49787022
image_0159_png_jpg.rf.da380808d0203aa8dabf1d9a7baf9e75_flip.jpg,train,flat foot,0.63608617,1,32.27040816,0.494379773,0.502237312
image_0156_jpg.rf.e11e8bf7ec559d3664c0d8e357005c1e_rot-5.jpg,train,flat foot,0.72707975,1,33.20910395,0.481100075,0.497608978
image_0610_png_jpg.rf.004a61d2dd6cdfe4b27fd4ae1cc6aac4_rot-5.jpg,train,flat foot,0.7081484,1,33.31871811,0.483765881,0.500010715
image_0223_jpg.rf.4d58d3aab7c8c9590e23db2d04645872_rot15.jpg,train,flat foot,0.67384833,1,33.26291454,0.51032317,0.498302411
image_0025_png_jpg.rf.8e5550eaed2e7db6bb64404432da3bfe_rot15.jpg,train,flat foot,0.65945643,1,34.27335778,0.485940589,0.508993737
image_0913_png_jpg.rf.476a90d40db001d505c003e89890c32f_rot-10.jpg,train,flat foot,0.6742911,1,33.52000957,0.486330858,0.496441605
image_0666_png_jpg.rf.596c5fb0a9671a3b69a8a3a617358587_rot-15.jpg,train,flat foot,0.6847319,1,34.25342793,0.488449931,0.498114972
image_0621_png_jpg.rf.3c21fc9c9fe4d20a6f8a7d2b1b871896_rot-15.jpg,train,flat foot,0.6664795,1,34.24147003,0.477663336,0.494223092
image_0022_png_jpg.rf.2eca01dab6182325584c92604608e979_rot15.jpg,train,flat foot,0.67064595,1,34.14580676,0.483053655,0.500780256
image_0590_png_jpg.rf.dcd6007baf0661086de5f5a193ddd407_flip.jpg,train,flat foot,0.68077844,1,32.06313776,0.517106068,0.495753407
image_0155_png_jpg.rf.01cc07f2e1129a36bc6b975730f9a4a7_rot-15.jpg,train,flat foot,0.66907644,1,34.27535077,0.48347438,0.496715051
image_0498_png_jpg.rf.504e5709688c467893079b51255835ef_rot10.jpg,train,flat foot,0.69995743,1,33.46022003,0.506408564,0.497758298
image_0633_png_jpg.rf.3332deafa84e83fc10859bee032b08bd_rot-5.jpg,train,flat foot,0.6570893,1,32.63113839,0.507452004,0.503659948
image_0059_png_jpg.rf.77e79d736facdaae127f44688c340ccd_flip.jpg,train,flat foot,0.6790021,1,32.54743304,0.527291415,0.505626806
image_0984_png_jpg.rf.08cc50a2f7a6b7d1cc558ae3b5be99a1_rot-10.jpg,train,flat foot,0.6962432,1,33.59972895,0.491090308,0.496456054
image_0633_png_jpg.rf.f84d3aa13ccf301022d60117747b0114_flip.jpg,train,flat foot,0.67851263,1,32.72281569,0.508880384,0.499977359
image_0238_jpg.rf.0e7a90144f9b796b42ec24aae5364c12_rot-15.jpg,train,flat foot,0.6681064,1,34.28730867,0.475650545,0.496510496
image_0371_jpg.rf.f3c870919d0db0ea3987606faff00aa9.jpg,train,flat foot,0.70346284,1,33.01777742,0.461076429,0.50373203
image_0912_png_jpg.rf.4865f91e689bfbb1d59262495e360ed4_rot15.jpg,train,flat foot,0.67977893,1,34.28531569,0.483502815,0.507517515
image_0988_png_jpg.rf.0e149119eb95810994b496cdc81f02a9_rot10.jpg,train,flat foot,0.6832568,1,33.49210778,0.482760146,0.500987426
image_0324_jpg.rf.804aea319166caa4958a736f4b768731_rot10.jpg,train,flat foot,0.61356664,1,32.93207908,0.481925272,0.501653714
image_0933_png_jpg.rf.6603110552eb9d03dab90ce18af9e284_rot15.jpg,train,flat foot,0.64715296,1,33.09351084,0.483065391,0.500797072
image_0801_png_jpg.rf.5daa2262db18ae590757501a9e85ccf7_rot-5.jpg,train,flat foot,0.6626697,1,31.81600765,0.505060322,0.503628214
image_0077_png_jpg.rf.677c12f3c9a4ce3491825c6916373448.jpg,train,flat foot,0.7055938,1,33.03571429,0.462415686,0.504345613
image_0025_png_jpg.rf.8e5550eaed2e7db6bb64404432da3bfe.jpg,train,flat foot,0.66184306,1,33.00980548,0.484474579,0.505163557
image_0324_jpg.rf.804aea319166caa4958a736f4b768731_rot15.jpg,train,flat foot,0.61669743,1,33.58577806,0.482212211,0.503303888
image_0633_png_jpg.rf.58f0b882292dfe42defa165fa86ecc15_rot-15.jpg,train,flat foot,0.68349034,1,34.17370855,0.489585285,0.496871267
image_0078_png_jpg.rf.bf3661dc190c1965a03fdfe21650bd27_rot-5.jpg,train,flat foot,0.67496896,1,32.48764349,0.513281498,0.499923753
image_0632_png_jpg.rf.ebbd09fb9c722e594c4428965c4f0519_rot15.jpg,train,flat foot,0.6575401,1,33.18518814,0.476315311,0.509569447
image_0610_png_jpg.rf.004a61d2dd6cdfe4b27fd4ae1cc6aac4_rot10.jpg,train,flat foot,0.70680577,1,33.69339923,0.483785007,0.504320264
image_0172_jpg.rf.8f1879f7f074f31489b00ecc5076dacf_rot15.jpg,train,flat foot,0.69565886,1,34.23748406,0.483065559,0.504631682
image_0205_png_jpg.rf.a8b97f4fb146a71b7ddf8d1ca5527248_rot-15.jpg,train,flat foot,0.6575717,1,34.2713648,0.49689893,0.503079385
image_0779_png_jpg.rf.47b7b0d0cb75e38ffd98516dc28f206c_flip.jpg,train,flat foot,0.6230613,1,32.32621173,0.525934241,0.498467302
image_0160_png_jpg.rf.3fef41e24025d31f0dbe77080db5d1c3_rot15.jpg,train,flat foot,0.64387715,1,33.55189732,0.500869873,0.502125137
image_0386_jpg.rf.e83dea960cd9e2994fb57b36bb3b0fc2_rot5.jpg,train,flat foot,0.63938254,1,32.4996014,0.509396659,0.504674164
image_0155_jpg.rf.d5491159bdd30a5aaec2a8f0c98fe3fa_flip.jpg,train,flat foot,0.6882889,1,32.80652105,0.517713165,0.505318889
image_0138_png_jpg.rf.dd0b343198587c3d85dd579157dfeb53_rot5.jpg,train,flat foot,0.7406865,1,33.32270408,0.474626868,0.503713471
image_0160_png_jpg.rf.3fef41e24025d31f0dbe77080db5d1c3_rot-15.jpg,train,flat foot,0.6441453,1,33.4243463,0.497402928,0.50238613
image_0093_png_jpg.rf.06de61ad3c3aed4d73ef0f4e871ad10c_rot10.jpg,train,flat foot,0.6670687,1,32.87228954,0.520749653,0.497204667
image_0239_jpg.rf.19392a222d5ee2ebf58f93ae41c88f73_rot-5.jpg,train,flat foot,0.6531984,1,31.99537628,0.485393145,0.49489186
image_0933_png_jpg.rf.6dc51ea56c0da80d58c6684a8ce35810_rot-15.jpg,train,flat foot,0.6578414,1,33.56983418,0.492055814,0.498323482
image_0250_jpg.rf.a59d4b731e4616d65663fcaaef77e6f1_rot15.jpg,train,flat foot,0.6877162,1,33.90864158,0.480908891,0.507032545
image_0362_png_jpg.rf.7a38e988473d903df3ee53833da7f699_rot10.jpg,train,flat foot,0.68652755,1,33.60570791,0.476564385,0.50660565
image_0108_png_jpg.rf.d96ac8ec2bc35e481e5f464ed8177dd6_rot-15.jpg,train,flat foot,0.6714663,1,33.25693559,0.463793665,0.48654677
image_0102_png_jpg.rf.105c84e27b69c4cb9df5b2855b9770b9_rot-10.jpg,train,flat foot,0.69071674,1,33.06361607,0.48139707,0.495439337
image_0093_png_jpg.rf.06de61ad3c3aed4d73ef0f4e871ad10c_rot-15.jpg,train,flat foot,0.6711159,1,33.37651467,0.517579112,0.506240291
image_0480_png_jpg.rf.0a693961205a9c9597ef70b03524a35e_rot10.jpg,train,flat foot,0.63408536,1,33.61567283,0.48566348,0.504408837
image_0962_png_jpg.rf.841c2397f316a6b3a07e534d4bf39db8_rot10.jpg,train,flat foot,0.684838,1,33.54591837,0.475145172,0.502996429
image_0025_png_jpg.rf.8e5550eaed2e7db6bb64404432da3bfe_rot10.jpg,train,flat foot,0.65645576,1,33.62563776,0.485271213,0.507789982
image_0988_png_jpg.rf.eba4ecb178ef50eac681098c22a2c00a_rot10.jpg,train,flat foot,0.66683567,1,32.89620536,0.489325538,0.497888948
image_0124_png_jpg.rf.6cdc3394c701e74f5b3880f90aeb64ee_rot5.jpg,train,flat foot,0.68447423,1,32.49362245,0.476322209,0.501370177
image_0486_png_jpg.rf.7222a9df1f375f7da900133fb1ee88b5_rot10.jpg,train,flat foot,0.6421689,1,33.65752551,0.467983375,0.507975415
image_0220_jpg.rf.61bdd7e5d1877de7962ca857471a9e2b_flip.jpg,train,flat foot,0.6902482,1,32.67299107,0.467305581,0.496363669
image_0036_png_jpg.rf.1dcf6e6918d5575e529dfbac0a226141_rot-10.jpg,train,flat foot,0.6093431,1,32.1488361,0.505073669,0.509350492
image_0912_png_jpg.rf.4865f91e689bfbb1d59262495e360ed4_flip.jpg,train,flat foot,0.6833177,1,33.01379145,0.513210054,0.503028854
image_0093_png_jpg.rf.5c1dc04fc34d53275db18f01cf4a62b4_rot15.jpg,train,flat foot,0.6860855,1,33.66749043,0.467152967,0.513388914
image_0159_png_jpg.rf.0a84b381c641c5c482365c58f7d5690a_rot-10.jpg,train,flat foot,0.64749485,1,33.64158163,0.488812697,0.500011649
image_0369_jpg.rf.8c7cb8b7ecdd929dac3f074b9beeaaf2_flip.jpg,train,flat foot,0.65643364,1,33.01379145,0.51496643,0.505714464
image_0118_png_jpg.rf.f322a21716ccad634027968e56e27001_rot5.jpg,train,flat foot,0.6615836,1,32.43383291,0.517433488,0.495216436
image_0488_png_jpg.rf.07215aed252fc97a81ba6d1e6ec38d87.jpg,train,flat foot,0.7076812,1,33.01578444,0.488877309,0.50217527
image_0906_png_jpg.rf.2140de6b1fd6965ad20c73cea48536c3_rot-10.jpg,train,flat foot,0.6537222,1,33.62563776,0.482743906,0.500575159
image_0064_png_jpg.rf.c47ec4df4115ce2efb987c0a6483479a.jpg,train,flat foot,0.69663936,1,32.39198023,0.478492106,0.499125635
image_0227_png_jpg.rf.3d7afae8f0ead42b2c964d11d891d939_rot-10.jpg,train,flat foot,0.64569676,1,33.63958865,0.470216578,0.497106507
image_0317_jpg.rf.073a6f536089d354adc2cd71fcd82e58_rot-10.jpg,train,flat foot,0.6562637,1,33.07158801,0.527031495,0.505087582
image_0221_jpg.rf.ad05cdb883c84d6431230713c6908d0a_rot-15.jpg,train,flat foot,0.72515917,1,34.22353316,0.484675027,0.494073114
image_0801_png_jpg.rf.dd1f113273435bdd02e0431b887de4f9_rot-10.jpg,train,flat foot,0.70750034,1,33.54591837,0.487212876,0.498695943
image_0124_png_jpg.rf.47238144721bf6db3e3b5daa5173efa3.jpg,train,flat foot,0.68485093,1,32.28834503,0.529285658,0.496326911
image_0041_png_jpg.rf.083592ee818f3ab9dfc81d66f7c24483_rot-10.jpg,train,flat foot,0.6932442,1,32.92012117,0.5275685,0.502008831
image_0670_png_jpg.rf.5c1190b7871690c0c0d58683c2a41a49_rot5.jpg,train,flat foot,0.6071331,1,32.07708865,0.518225597,0.500263266
image_0097_png_jpg.rf.e071f128e821ee121b400909546d1e84_rot5.jpg,train,flat foot,0.63738406,1,33.25095663,0.479874409,0.504584267
image_0041_png_jpg.rf.d2a646d4aac55c94b5d75828ce3dedf0_rot5.jpg,train,flat foot,0.7189377,1,33.26889349,0.484430848,0.502279111
image_0124_png_jpg.rf.47238144721bf6db3e3b5daa5173efa3_rot-5.jpg,train,flat foot,0.68059015,1,32.39995217,0.529018159,0.49910979
image_0159_png_jpg.rf.0a84b381c641c5c482365c58f7d5690a_rot15.jpg,train,flat foot,0.6501645,1,34.29528061,0.488774469,0.50504201
image_0939_png_jpg.rf.ce16d62e6511858db9317bf78aef3fb2_rot5.jpg,train,flat foot,0.7175279,1,33.19515306,0.486242289,0.501080153
image_0118_png_jpg.rf.f322a21716ccad634027968e56e27001_rot-5.jpg,train,flat foot,0.66063637,1,32.38002232,0.516713045,0.498800548
image_0262_jpg.rf.2b5a7d13606cdf6a1dfbc6f1524c5396_rot-5.jpg,train,flat foot,0.6421311,1,33.15927934,0.473791122,0.496233446
image_0160_png_jpg.rf.3fef41e24025d31f0dbe77080db5d1c3_rot-5.jpg,train,flat foot,0.6408844,1,32.41191008,0.497607176,0.502923667
image_0286_jpg.rf.fa41a221d10a65c0ad5412888424621a_rot15.jpg,train,flat foot,0.6470949,1,33.15728635,0.525814521,0.501788257
image_0025_png_jpg.rf.7b35ec8c84e3b06a9a68e1a0a689c40f_flip.jpg,train,flat foot,0.65265673,1,32.421875,0.516220471,0.505210897
image_0093_png_jpg.rf.5c1dc04fc34d53275db18f01cf4a62b4.jpg,train,flat foot,0.69035345,1,32.37404337,0.464257956,0.504527739
image_0913_png_jpg.rf.476a90d40db001d505c003e89890c32f_rot10.jpg,train,flat foot,0.67284703,1,33.52000957,0.48494103,0.501506604
image_0846_png_jpg.rf.cd83698c216023c1574ee942377b0cc2.jpg,train,flat foot,0.7018755,1,33.00183355,0.487365675,0.502072383
image_0078_png_jpg.rf.303bca6a2311c523e1e6c4e6a6c792bf_rot-10.jpg,train,flat foot,0.70338213,1,33.59773597,0.489148651,0.497981374
image_0991_png_jpg.rf.29a8f40cbfa963b402960d860b19c9f6_rot-5.jpg,train,flat foot,0.67608875,1,32.70288584,0.464467321,0.502115142
image_0988_png_jpg.rf.0e149119eb95810994b496cdc81f02a9_rot5.jpg,train,flat foot,0.6837866,1,33.1253986,0.482818139,0.499417419
image_0370_jpg.rf.0bb98dd4ad80a5d59dfaa317bea29372_rot10.jpg,train,flat foot,0.66592586,1,33.4243463,0.484027646,0.501715063
image_0633_png_jpg.rf.3332deafa84e83fc10859bee032b08bd_flip.jpg,train,flat foot,0.6627248,1,32.51753827,0.48987027,0.502641293
image_0107_png_jpg.rf.da9c37ea0c8068576b1607e593dee4f8_flip.jpg,train,flat foot,0.6369365,1,32.09701849,0.515345827,0.50569252
image_0036_png_jpg.rf.1dcf6e6918d5575e529dfbac0a226141_rot15.jpg,train,flat foot,0.6134909,1,32.94602997,0.510478766,0.504724815
image_0078_png_jpg.rf.3dd5591c974c6ce315e00ac24ccef161.jpg,train,flat foot,0.7263488,1,32.96197385,0.477000817,0.49873782
image_0119_png_jpg.rf.5973e40753009e8dfe5c6221bd3a5f66_flip.jpg,train,flat foot,0.6405257,1,31.88376913,0.508796935,0.508554026
image_0155_png_jpg.rf.01cc07f2e1129a36bc6b975730f9a4a7_rot10.jpg,train,flat foot,0.6660721,1,33.63161671,0.482069258,0.504257649
image_0411_png_jpg.rf.5fe2f90f0e917454d028f857157e5c7b_flip.jpg,train,flat foot,0.68478906,1,32.86232462,0.509836722,0.500115333
image_0779_png_jpg.rf.25e80aa2658591c86b82e3604b129719_rot-5.jpg,train,flat foot,0.6285833,1,33.13337054,0.475076863,0.495689712
image_0324_jpg.rf.8bd2173d18b1fa2f96dd962d3d738125_rot10.jpg,train,flat foot,0.62886536,1,33.48413584,0.482623377,0.501094002
image_0496_png_jpg.rf.2d1b3a0184ef480ba9023dfb2bd0ef7b_rot-10.jpg,train,flat foot,0.66011935,1,31.95153061,0.487985399,0.499791139
image_0371_jpg.rf.f3c870919d0db0ea3987606faff00aa9_flip.jpg,train,flat foot,0.70346016,1,33.01777742,0.53445888,0.503732142
image_0078_png_jpg.rf.bf3661dc190c1965a03fdfe21650bd27_rot-10.jpg,train,flat foot,0.67647105,1,32.85833865,0.513416936,0.501087232
image_0159_png_jpg.rf.0a84b381c641c5c482365c58f7d5690a_rot-15.jpg,train,flat foot,0.6492467,1,34.29528061,0.489277219,0.499155358
image_0124_png_jpg.rf.47238144721bf6db3e3b5daa5173efa3_rot10.jpg,train,flat foot,0.68023795,1,32.91214923,0.529359766,0.490738671
image_0488_png_jpg.rf.915410e01865dd6ddddd1f29bb16567a_rot10.jpg,train,flat foot,0.681718,1,33.11344069,0.48240108,0.50690562
image_0077_png_jpg.rf.677c12f3c9a4ce3491825c6916373448_rot-5.jpg,train,flat foot,0.69971764,1,33.30875319,0.462579932,0.501079911
image_0138_png_jpg.rf.dd0b343198587c3d85dd579157dfeb53_flip.jpg,train,flat foot,0.7478175,1,33.03571429,0.521000217,0.501477423
image_0309_png_jpg.rf.62f154d582d14a992504011f4a17f6a2_rot10.jpg,train,flat foot,0.6877367,1,33.50007972,0.486310711,0.502383689
image_0991_png_jpg.rf.4d66130654594d619dd146688b1d95a6_rot-15.jpg,train,flat foot,0.68965346,1,34.32916135,0.471170908,0.496470023
image_0610_png_jpg.rf.004a61d2dd6cdfe4b27fd4ae1cc6aac4_rot15.jpg,train,flat foot,0.70858705,1,34.34311224,0.48423381,0.505730562
image_0155_jpg.rf.736a4db574419344cb398d9194c97387_flip.jpg,train,flat foot,0.6684668,1,31.91964286,0.540515545,0.504867839
image_0991_png_jpg.rf.4d66130654594d619dd146688b1d95a6_rot-5.jpg,train,flat foot,0.68875027,1,33.29081633,0.469546934,0.501468264
image_0022_png_jpg.rf.2eca01dab6182325584c92604608e979_rot-10.jpg,train,flat foot,0.6691226,1,33.50007972,0.485297257,0.493560648
image_0156_jpg.rf.e11e8bf7ec559d3664c0d8e357005c1e_rot15.jpg,train,flat foot,0.7286108,1,34.25342793,0.481068638,0.504416514
image_0016_png_jpg.rf.7ea51bb3981e92368b7efdfd13bb2394_rot10.jpg,train,flat foot,0.68352777,1,33.57382015,0.48752401,0.502508458
image_0513_png_jpg.rf.03e4dc9c20ef5ddcc5c613183dc97e9d_rot10.jpg,train,flat foot,0.7061564,1,33.60969388,0.486492047,0.501250455
image_0286_jpg.rf.d969caee15eec57db07e6bc38139975c_rot10.jpg,train,flat foot,0.64373326,1,32.92610013,0.515664737,0.498337205
image_0368_jpg.rf.beeb5d80a970e2d99f1d11b4e2b5e35f_flip.jpg,train,flat foot,0.6489675,1,31.82198661,0.497283012,0.503233962
image_0286_jpg.rf.d71c29a357697a4698a225771dedf026_rot10.jpg,train,flat foot,0.67197776,1,33.52598852,0.471275537,0.503018936
image_0160_png_jpg.rf.3fef41e24025d31f0dbe77080db5d1c3_rot10.jpg,train,flat foot,0.64082694,1,32.86033163,0.500088446,0.502398548
image_0496_png_jpg.rf.b4da3370e67009089c6081fd43f5ab0b_rot5.jpg,train,flat foot,0.7106405,1,33.30277423,0.486215443,0.503780337
image_0155_jpg.rf.736a4db574419344cb398d9194c97387_rot10.jpg,train,flat foot,0.6615205,1,32.5653699,0.45680118,0.512501718
image_0666_png_jpg.rf.596c5fb0a9671a3b69a8a3a617358587.jpg,train,flat foot,0.68921316,1,32.97791773,0.487277681,0.50113477
image_0410_png_jpg.rf.f680676abeec0f87c2e4d142683fc308_rot15.jpg,train,flat foot,0.6391295,1,34.27734375,0.48050153,0.508684219
image_0933_png_jpg.rf.6603110552eb9d03dab90ce18af9e284.jpg,train,flat foot,0.64774245,1,31.76618304,0.483689803,0.49610142
image_0093_png_jpg.rf.5c1dc04fc34d53275db18f01cf4a62b4_rot10.jpg,train,flat foot,0.68322945,1,33.02774235,0.465701425,0.510603089
image_0324_jpg.rf.8bd2173d18b1fa2f96dd962d3d738125_flip.jpg,train,flat foot,0.63173896,1,32.89221939,0.512567473,0.497971528
image_0317_jpg.rf.63b1f20861f4827caf3ffc0c3b15672a.jpg,train,flat foot,0.68888074,1,32.97991071,0.487646418,0.501307539
image_0138_png_jpg.rf.7983c325bee0b55eb8268471ec44fb59_rot5.jpg,train,flat foot,0.7321264,1,33.07358099,0.528848479,0.493964743
image_0621_png_jpg.rf.3c21fc9c9fe4d20a6f8a7d2b1b871896_rot-10.jpg,train,flat foot,0.66511,1,33.58179209,0.476704824,0.496071692
image_0107_png_jpg.rf.f93d2d288980a9c72f1d931de8a90018_rot15.jpg,train,flat foot,0.66006094,1,34.30125957,0.473652359,0.510090703
image_0362_png_jpg.rf.7a38e988473d903df3ee53833da7f699_rot5.jpg,train,flat foot,0.6852824,1,33.23301977,0.476037646,0.504539809
image_0643_png_jpg.rf.e8c5c9949de5a9e7f8608fbc17c9148f.jpg,train,flat foot,0.69677716,1,32.91812819,0.485535641,0.499531308
image_0658_png_jpg.rf.973ca402fd0726592d108c0a7242f93d_rot15.jpg,train,flat foot,0.6292973,1,34.29926658,0.477692502,0.511032316
image_0156_jpg.rf.74fc095053bc823364e4381f1ae4d2ce.jpg,train,flat foot,0.71903414,1,32.38799426,0.484348791,0.498292903
image_0138_png_jpg.rf.dd0b343198587c3d85dd579157dfeb53.jpg,train,flat foot,0.74782133,1,33.03571429,0.474536077,0.501477544
image_0411_png_jpg.rf.5fe2f90f0e917454d028f857157e5c7b_rot-10.jpg,train,flat foot,0.6818193,1,33.50406569,0.486550715,0.497787064
image_0486_png_jpg.rf.193743e33a01d6dec51bce0bd8a183c7_rot10.jpg,train,flat foot,0.6111857,1,32.39397321,0.467730398,0.507113323
image_0368_jpg.rf.67b263c447bbe815827d068dbea363fc_rot15.jpg,train,flat foot,0.67996705,1,34.16175064,0.481599246,0.505178271
image_0801_png_jpg.rf.dd1f113273435bdd02e0431b887de4f9_rot15.jpg,train,flat foot,0.7081345,1,34.20360332,0.486909672,0.504507996
image_0308_png_jpg.rf.555b04b72ab27555ea780eb7327aac15_rot5.jpg,train,flat foot,0.69178075,1,33.25095663,0.482577864,0.503885328
image_0988_png_jpg.rf.0e149119eb95810994b496cdc81f02a9_rot-5.jpg,train,flat foot,0.68256557,1,33.10148278,0.483659247,0.496485309
image_0155_png_jpg.rf.01cc07f2e1129a36bc6b975730f9a4a7_rot15.jpg,train,flat foot,0.669731,1,34.26538584,0.482586178,0.505808114
image_0370_jpg.rf.622d6ef5cdc8f494e9ec6f7eb05ed42e_flip.jpg,train,flat foot,0.6398907,1,31.78013393,0.524377229,0.502317902
image_0041_png_jpg.rf.d2a646d4aac55c94b5d75828ce3dedf0_rot-15.jpg,train,flat foot,0.7193333,1,34.30325255,0.485857499,0.497205054
image_0717_png_jpg.rf.e3273178260e73e2bdcd4920344737e7_rot-10.jpg,train,flat foot,0.63536274,1,32.91015625,0.498001913,0.502354363
image_0264_jpg.rf.2933bd983d88f6b9b53a0304a78371b4_rot10.jpg,train,flat foot,0.66019654,1,33.47217793,0.481463686,0.498420163
image_0411_png_jpg.rf.5e1527a361e1cb53ccff3bd1d58dc4e5_rot-5.jpg,train,flat foot,0.65493447,1,32.17275191,0.497428709,0.496756806
image_0609_png_jpg.rf.a7d14643a7e6ef80f96eb3d07c0c4a32_flip.jpg,train,flat foot,0.66597885,1,32.87428253,0.51370279,0.499432013
image_0933_png_jpg.rf.6603110552eb9d03dab90ce18af9e284_rot5.jpg,train,flat foot,0.6443046,1,32.03125,0.483211492,0.497590604
image_0227_png_jpg.rf.3d7afae8f0ead42b2c964d11d891d939_rot-15.jpg,train,flat foot,0.648872,1,34.29926658,0.471445132,0.494745474
image_0155_jpg.rf.d5491159bdd30a5aaec2a8f0c98fe3fa_rot10.jpg,train,flat foot,0.6844048,1,33.28483737,0.478900837,0.509067998
image_0496_png_jpg.rf.2d1b3a0184ef480ba9023dfb2bd0ef7b.jpg,train,flat foot,0.6621396,1,31.57485651,0.4842908,0.501197495
image_0717_png_jpg.rf.e3273178260e73e2bdcd4920344737e7_flip.jpg,train,flat foot,0.637358,1,32.36407844,0.497560996,0.502667247
image_0912_png_jpg.rf.5b5ef747ad9042cacdf0c8b85cc2fae1_rot10.jpg,train,flat foot,0.64975226,1,32.67697704,0.527832574,0.49440338
image_0286_jpg.rf.d71c29a357697a4698a225771dedf026_rot5.jpg,train,flat foot,0.6725098,1,33.15728635,0.471033031,0.500447278
image_0801_png_jpg.rf.5daa2262db18ae590757501a9e85ccf7_rot15.jpg,train,flat foot,0.6673383,1,32.73676658,0.502396411,0.501915396
image_0166_jpg.rf.b2abebae8ed18068a643ba6da5c2bdb3_rot15.jpg,train,flat foot,0.68858826,1,34.23947704,0.474528637,0.505817126
image_0870_png_jpg.rf.b70be512a61fa9ae8d02d172f1988ee0_rot15.jpg,train,flat foot,0.6759504,1,34.27335778,0.492764512,0.503757685
image_0658_png_jpg.rf.126034b4160b0bf4578129e2cf863c92_rot-5.jpg,train,flat foot,0.6078821,1,32.74075255,0.512061989,0.499760715
image_0778_png_jpg.rf.68abf11711c2988f7a6509470fefc12d_rot5.jpg,train,flat foot,0.598668,1,31.69842156,0.470466031,0.510741308
image_0779_png_jpg.rf.25e80aa2658591c86b82e3604b129719.jpg,train,flat foot,0.6334879,1,32.9300861,0.474449401,0.497859789
image_0286_jpg.rf.d969caee15eec57db07e6bc38139975c_rot-10.jpg,train,flat foot,0.6434447,1,32.89421237,0.514037379,0.504316841
image_0870_png_jpg.rf.bc43b4e95b949e8919b248d6a943cfbd_rot-15.jpg,train,flat foot,0.65325063,1,33.19116709,0.501013645,0.498887996
image_0172_jpg.rf.8f1879f7f074f31489b00ecc5076dacf_rot-15.jpg,train,flat foot,0.6946923,1,34.23947704,0.484401727,0.495906923
image_0078_png_jpg.rf.fb65d4582048ce185e6ccb84a5e28c01_rot5.jpg,train,flat foot,0.687947,1,32.05516582,0.495735767,0.503564705
image_0912_png_jpg.rf.e0da1d0dbf2912fbf0587c6b193284e8_rot10.jpg,train,flat foot,0.67297566,1,33.13536352,0.483563203,0.508604767
image_0221_jpg.rf.eaa9a7c5fe0a7b0b3de7302b1515b62d_flip.jpg,train,flat foot,0.71925133,1,32.35411352,0.52025095,0.494444209
image_0309_png_jpg.rf.62f154d582d14a992504011f4a17f6a2_flip.jpg,train,flat foot,0.6929935,1,32.87627551,0.509122507,0.499921812
image_0912_png_jpg.rf.4865f91e689bfbb1d59262495e360ed4_rot10.jpg,train,flat foot,0.6775875,1,33.65553253,0.482869655,0.50608587
image_0386_jpg.rf.e83dea960cd9e2994fb57b36bb3b0fc2_rot-15.jpg,train,flat foot,0.6425133,1,33.34263393,0.5054902,0.507595333
image_0221_jpg.rf.eaa9a7c5fe0a7b0b3de7302b1515b62d.jpg,train,flat foot,0.71937287,1,32.35411352,0.475282991,0.49444368
image_0779_png_jpg.rf.47b7b0d0cb75e38ffd98516dc28f206c_rot5.jpg,train,flat foot,0.6194309,1,32.54942602,0.469441611,0.501156618
image_0962_png_jpg.rf.841c2397f316a6b3a07e534d4bf39db8.jpg,train,flat foot,0.6907171,1,32.93805804,0.475104637,0.498562497
image_0310_png_jpg.rf.b6449d09d466d633c399a9c7ad8f6f2c_rot-15.jpg,train,flat foot,0.67208207,1,33.60969388,0.481509735,0.500496789
image_0108_png_jpg.rf.3933987d380dcf5de8416c3ec2a80083_rot-15.jpg,train,flat foot,0.67871225,1,33.83888712,0.474636626,0.490236479
image_0717_png_jpg.rf.e3273178260e73e2bdcd4920344737e7_rot15.jpg,train,flat foot,0.6381682,1,33.5678412,0.497831803,0.503325812
image_0238_jpg.rf.fa93062428365800067c7b41574349c2_rot10.jpg,train,flat foot,0.6375944,1,32.58131378,0.483781242,0.505044052
image_0498_png_jpg.rf.ae2f045c4e0554796ce1a1495ebd0dab_rot15.jpg,train,flat foot,0.71298134,1,34.34111926,0.487006719,0.506124358
image_0167_jpg.rf.618983980ecce37cc554386322c16128_rot-5.jpg,train,flat foot,0.66241527,1,33.28483737,0.468898831,0.498947855
image_0207_jpg.rf.f1e41bd164de78f3b646c1d67d5c3332.jpg,train,flat foot,0.6932056,1,33.01179847,0.468546104,0.504141186
image_0610_png_jpg.rf.004a61d2dd6cdfe4b27fd4ae1cc6aac4_flip.jpg,train,flat foot,0.7147061,1,33.03571429,0.512015884,0.501420478
image_0363_png_jpg.rf.8df24e7a632f5cb70c5ef08bc84e70ae_rot10.jpg,train,flat foot,0.66018486,1,32.74673151,0.479193419,0.503830089
image_0658_png_jpg.rf.973ca402fd0726592d108c0a7242f93d.jpg,train,flat foot,0.6300156,1,33.02574936,0.475876618,0.50494968
image_0022_png_jpg.rf.2eca01dab6182325584c92604608e979_rot10.jpg,train,flat foot,0.6679688,1,33.50605867,0.482996664,0.499159753
image_0385_jpg.rf.64ee9935a0e01ec84d23dbf2f7a1e276_rot-10.jpg,train,flat foot,0.6747287,1,33.22704082,0.466520705,0.497225752
image_0658_png_jpg.rf.126034b4160b0bf4578129e2cf863c92_rot5.jpg,train,flat foot,0.6079855,1,32.78260523,0.513131555,0.496949823
image_0324_jpg.rf.804aea319166caa4958a736f4b768731_flip.jpg,train,flat foot,0.6163646,1,32.32820472,0.513359267,0.498409657
image_0634_png_jpg.rf.c1cc5098bd0bb16b6f45c2d2cf9589ef_rot-10.jpg,train,flat foot,0.6478214,1,33.62165179,0.473790514,0.497717522
image_0386_jpg.rf.dfab0f23cb9be3afe9dfe7b46d650190_rot-5.jpg,train,flat foot,0.6624374,1,33.13137755,0.475217192,0.496366333
image_0911_png_jpg.rf.dba98d8d10dd8657ea6bab0a951cd00b.jpg,train,flat foot,0.71150887,1,32.94204401,0.480134352,0.500417026
image_0201_jpg.rf.a55d86b59da77c60cc263d352d90d95c.jpg,train,flat foot,0.68670917,1,33.03571429,0.470871805,0.503906096
image_0172_jpg.rf.c77ec69f3ac9bc0e2109e535cc86d56c_rot-5.jpg,train,flat foot,0.68628955,1,32.65904018,0.483217488,0.500583788
image_0408_jpg.rf.0549b5def20c5c6dff7e65e56950ab5a_rot-15.jpg,train,flat foot,0.67534155,1,33.60770089,0.481617821,0.496098916
image_0138_png_jpg.rf.dd0b343198587c3d85dd579157dfeb53_rot-10.jpg,train,flat foot,0.7398602,1,33.70137117,0.47545525,0.497183881
image_0369_jpg.rf.8c7cb8b7ecdd929dac3f074b9beeaaf2_rot15.jpg,train,flat foot,0.65466124,1,34.25143495,0.48252718,0.510438281
image_0078_png_jpg.rf.3dd5591c974c6ce315e00ac24ccef161_rot10.jpg,train,flat foot,0.71946526,1,33.60770089,0.477006283,0.50283685
image_0323_jpg.rf.15865867b7471de94685fc267c948c42_rot15.jpg,train,flat foot,0.5824283,1,33.15529337,0.512394429,0.507996393
image_0078_png_jpg.rf.fb65d4582048ce185e6ccb84a5e28c01_flip.jpg,train,flat foot,0.691729,1,31.87181122,0.498534114,0.503504615
image_0166_jpg.rf.b2abebae8ed18068a643ba6da5c2bdb3_rot-5.jpg,train,flat foot,0.6864803,1,33.20910395,0.474250914,0.496648308
image_0156_jpg.rf.74fc095053bc823364e4381f1ae4d2ce_flip.jpg,train,flat foot,0.71907675,1,32.38799426,0.511186939,0.498292957
image_0991_png_jpg.rf.29a8f40cbfa963b402960d860b19c9f6_rot10.jpg,train,flat foot,0.6759591,1,33.06760204,0.465904595,0.511262549
image_0779_png_jpg.rf.47b7b0d0cb75e38ffd98516dc28f206c_rot-10.jpg,train,flat foot,0.62052745,1,32.94005102,0.471331172,0.493462097
image_0363_png_jpg.rf.0aef0ee219a3d23afe3b52765835ffb7_rot-15.jpg,train,flat foot,0.6710616,1,34.09598214,0.478830787,0.493819598
image_0156_jpg.rf.e11e8bf7ec559d3664c0d8e357005c1e_rot-15.jpg,train,flat foot,0.7279361,1,34.2574139,0.482743892,0.494718383
image_0238_jpg.rf.3f2ddb9e9a01777684dccd4a6a62702c_rot-5.jpg,train,flat foot,0.65406406,1,32.45376276,0.531337595,0.496417994
image_0481_png_jpg.rf.66aa34e0a9a7382207aa628649797f20_rot-5.jpg,train,flat foot,0.61136585,1,32.41988202,0.483638251,0.496879797
image_0108_png_jpg.rf.3933987d380dcf5de8416c3ec2a80083_rot10.jpg,train,flat foot,0.67818207,1,33.01379145,0.471113225,0.502019707
image_0962_png_jpg.rf.841c2397f316a6b3a07e534d4bf39db8_rot-5.jpg,train,flat foot,0.6851751,1,33.16525829,0.475675342,0.496446349
image_0532_png_jpg.rf.9153b58124ebeb29e18f0a4b5525d9c2_flip.jpg,train,flat foot,0.6939216,1,33.01777742,0.504379891,0.502860151
image_0220_jpg.rf.61bdd7e5d1877de7962ca857471a9e2b_rot5.jpg,train,flat foot,0.6878637,1,32.75669643,0.52922719,0.493322075
image_0408_png_jpg.rf.c74a0e4591f709a24a5a6e3157bf4fc1_rot10.jpg,train,flat foot,0.69184893,1,33.67745536,0.481729589,0.503910456
image_0933_png_jpg.rf.6dc51ea56c0da80d58c6684a8ce35810_rot-5.jpg,train,flat foot,0.65631086,1,32.5135523,0.491200012,0.499592724
image_0371_jpg.rf.f3c870919d0db0ea3987606faff00aa9_rot-10.jpg,train,flat foot,0.69741464,1,33.63161671,0.462148486,0.497085209
image_0496_png_jpg.rf.d5a6ee5aedbd6ce4e051d95f5cc00cc8_rot15.jpg,train,flat foot,0.6724176,1,32.90816327,0.501950556,0.507177919
image_0532_png_jpg.rf.72599ac8edac64eb9b0a2615c3f2b085_rot15.jpg,train,flat foot,0.67095816,1,33.6196588,0.509359048,0.490266015
image_0093_png_jpg.rf.d5133340f2da0bf8cad6d9f738913914_rot-10.jpg,train,flat foot,0.6913437,1,33.65353954,0.470273186,0.498618865
image_0486_png_jpg.rf.7222a9df1f375f7da900133fb1ee88b5_flip.jpg,train,flat foot,0.6471388,1,33.02774235,0.528486587,0.502281301
image_0310_png_jpg.rf.b6449d09d466d633c399a9c7ad8f6f2c_flip.jpg,train,flat foot,0.6710248,1,32.41589605,0.514697931,0.505403312
image_0988_png_jpg.rf.eba4ecb178ef50eac681098c22a2c00a_rot15.jpg,train,flat foot,0.6697783,1,33.5678412,0.489088645,0.499017169
image_0206_png_jpg.rf.4bbc002c679ca5a8827a2b97ac6a1599_flip.jpg,train,flat foot,0.6532154,1,32.31026786,0.507584235,0.495738131
image_0172_jpg.rf.c77ec69f3ac9bc0e2109e535cc86d56c_rot5.jpg,train,flat foot,0.6858384,1,32.66701212,0.483096351,0.503535211
image_0642_png_jpg.rf.a7d3910f2d9782cf674a03605ec2d75a_rot15.jpg,train,flat foot,0.6602911,1,33.69539222,0.499144487,0.498439973
image_0077_png_jpg.rf.d2eb959385bc1915f379fe60db13e070.jpg,train,flat foot,0.68759453,1,31.50111607,0.464022586,0.50483487
image_0223_jpg.rf.da84f99b48fb841f000a54d12ac96a3f_rot5.jpg,train,flat foot,0.6920088,1,33.01578444,0.488993005,0.499837099
image_0160_png_jpg.rf.4b8d4cd46974d337e289e05a68702868_flip.jpg,train,flat foot,0.6377688,1,32.41988202,0.484804248,0.499432954
image_0633_png_jpg.rf.3332deafa84e83fc10859bee032b08bd_rot5.jpg,train,flat foot,0.65984446,1,32.63711735,0.504508298,0.502039396
image_0333_jpg.rf.391326a43463395423a33a89aaa2101c_rot-5.jpg,train,flat foot,0.64501584,1,31.93757972,0.502946342,0.5038668
image_0911_png_jpg.rf.dba98d8d10dd8657ea6bab0a951cd00b_rot15.jpg,train,flat foot,0.70759547,1,34.22552615,0.480851768,0.505648333
image_0333_jpg.rf.9537c7dac0644b64680d61dbe63ed171_rot-10.jpg,train,flat foot,0.6727181,1,33.65951849,0.480188324,0.50025414
image_0097_png_jpg.rf.7d2eed8b80c4bdf195c746191a7d5a8f_rot-5.jpg,train,flat foot,0.6009443,1,32.09103954,0.501619015,0.499699128
image_0064_png_jpg.rf.38e5999f491d310cf152258d6d575bce_rot10.jpg,train,flat foot,0.703737,1,33.61766582,0.479381692,0.504189782
image_0309_png_jpg.rf.080038b1f743f3b6830be528ceb1a08a_rot5.jpg,train,flat foot,0.6596047,1,32.5135523,0.528960653,0.49336898
image_0159_png_jpg.rf.da380808d0203aa8dabf1d9a7baf9e75_rot-10.jpg,train,flat foot,0.63360214,1,32.7606824,0.501182641,0.502544463
image_0991_png_jpg.rf.29a8f40cbfa963b402960d860b19c9f6_rot15.jpg,train,flat foot,0.67819977,1,33.73325893,0.467416284,0.51401347
image_0716_png_jpg.rf.226ed41aa31b30acca2651ca5d2c3603.jpg,train,flat foot,0.68131584,1,32.97393176,0.50510906,0.501141183
image_0717_png_jpg.rf.e3273178260e73e2bdcd4920344737e7_rot-5.jpg,train,flat foot,0.6335899,1,32.54544005,0.498004352,0.502506887
image_0488_png_jpg.rf.07215aed252fc97a81ba6d1e6ec38d87_rot-5.jpg,train,flat foot,0.70108545,1,33.27686543,0.489002718,0.501215816
image_0362_png_jpg.rf.5fa5f97aff2b5eb3854b772619386bcc.jpg,train,flat foot,0.69215566,1,33.01578444,0.475240621,0.502147846
image_0411_png_jpg.rf.2b440abf549ad8ed46444901634c20e5_rot10.jpg,train,flat foot,0.6802175,1,33.29679528,0.486103501,0.503640892
image_0239_jpg.rf.4eabae146f710ed3275cc01380d50271_rot-10.jpg,train,flat foot,0.6652782,1,32.99585459,0.487326676,0.496240999
image_0912_png_jpg.rf.4865f91e689bfbb1d59262495e360ed4_rot5.jpg,train,flat foot,0.6771802,1,33.25693559,0.482471187,0.504571405
image_0064_png_jpg.rf.c47ec4df4115ce2efb987c0a6483479a_rot5.jpg,train,flat foot,0.6910001,1,32.66501913,0.478338898,0.501037806
image_0369_jpg.rf.8c7cb8b7ecdd929dac3f074b9beeaaf2_rot10.jpg,train,flat foot,0.651567,1,33.59773597,0.481601796,0.508976395
image_0124_png_jpg.rf.6cdc3394c701e74f5b3880f90aeb64ee.jpg,train,flat foot,0.68906724,1,32.28635204,0.476432253,0.499282317
image_0362_png_jpg.rf.5fa5f97aff2b5eb3854b772619386bcc_rot-10.jpg,train,flat foot,0.68612707,1,33.64756059,0.476113203,0.497968133
image_0317_jpg.rf.bffa0ae82da1b9447ad10ce77a904a11_rot10.jpg,train,flat foot,0.6642791,1,33.10347577,0.486542967,0.501539105
image_0656_png_jpg.rf.3ecbcf76e291f0f3188e0e5889442102_rot-15.jpg,train,flat foot,0.7062207,1,34.28132972,0.485581321,0.498643285
image_0167_jpg.rf.508f9d23208ce4967cad2ec64c313320_rot-5.jpg,train,flat foot,0.6414696,1,32.74075255,0.451203076,0.493670639
image_0846_png_jpg.rf.cd83698c216023c1574ee942377b0cc2_rot5.jpg,train,flat foot,0.69630337,1,33.24896365,0.487392802,0.50317786
image_0379_png_jpg.rf.e7dc11a0435a467533a1c10b8e18fe51_rot10.jpg,train,flat foot,0.6610804,1,33.50605867,0.473431367,0.502288108
image_0779_png_jpg.rf.25e80aa2658591c86b82e3604b129719_rot-15.jpg,train,flat foot,0.6322022,1,34.18566645,0.476764874,0.491587071
image_0846_png_jpg.rf.4582c59964d85db3862ae057477c4220_rot-5.jpg,train,flat foot,0.6743364,1,31.81600765,0.511004979,0.49827165
image_0064_png_jpg.rf.38e5999f491d310cf152258d6d575bce_rot-5.jpg,train,flat foot,0.7037807,1,33.22305485,0.479485005,0.498731591
image_0666_png_jpg.rf.596c5fb0a9671a3b69a8a3a617358587_rot10.jpg,train,flat foot,0.68358576,1,33.60770089,0.487335524,0.503404505
image_0870_png_jpg.rf.b70be512a61fa9ae8d02d172f1988ee0.jpg,train,flat foot,0.67878616,1,32.98987564,0.492732624,0.501726805
image_0064_png_jpg.rf.38e5999f491d310cf152258d6d575bce_flip.jpg,train,flat foot,0.7107228,1,32.96795281,0.51637767,0.500512024
image_0362_png_jpg.rf.b1338548dbef234015f3a4d650c7eb82_rot15.jpg,train,flat foot,0.6849858,1,34.18965242,0.479020065,0.508485802
image_0025_png_jpg.rf.8e5550eaed2e7db6bb64404432da3bfe_flip.jpg,train,flat foot,0.6618473,1,33.00980548,0.511059109,0.505164011
image_0032_png_jpg.rf.4ea0d436bcbcc4bd05f3206e6e4986cc_flip.jpg,train,flat foot,0.6660396,1,32.87228954,0.474209486,0.503290396
image_0239_jpg.rf.19392a222d5ee2ebf58f93ae41c88f73_rot-10.jpg,train,flat foot,0.6518926,1,32.42586097,0.486334075,0.493813038
image_0801_png_jpg.rf.5daa2262db18ae590757501a9e85ccf7_rot-15.jpg,train,flat foot,0.66212356,1,32.80851403,0.509680929,0.507246764
image_0262_jpg.rf.73cbcdc09910dd032921df72dd548466_rot5.jpg,train,flat foot,0.6254264,1,32.32621173,0.486130953,0.504722597
image_0410_png_jpg.rf.f680676abeec0f87c2e4d142683fc308_rot-5.jpg,train,flat foot,0.63489723,1,33.25693559,0.479136349,0.501574334
image_0371_png_jpg.rf.05671ebf59b2e0a6e66a9ca94a33f3a0_rot5.jpg,train,flat foot,0.70560426,1,33.20910395,0.487752548,0.500446561
image_0311_png_jpg.rf.e6d9edd0fc95ebe120f89a68e70c6b5e.jpg,train,flat foot,0.69158334,1,32.87627551,0.478594857,0.498517448
image_0160_png_jpg.rf.390e99f54b1815a21354b164f8df1c80.jpg,train,flat foot,0.6613419,1,32.95798788,0.494202896,0.50054689
image_0167_jpg.rf.508f9d23208ce4967cad2ec64c313320.jpg,train,flat foot,0.6471808,1,32.48764349,0.450357132,0.497931493
image_0666_png_jpg.rf.4ed75a486b69ad1efd892a17cfb0dd30_flip.jpg,train,flat foot,0.66352075,1,31.99338329,0.475306063,0.492255262
image_0206_png_jpg.rf.4bbc002c679ca5a8827a2b97ac6a1599_rot10.jpg,train,flat foot,0.64983034,1,32.9041773,0.487047485,0.498090197
image_0020_png_jpg.rf.19713a16470395a5116aa3b8e35c7d34_flip.jpg,train,flat foot,0.6858701,1,32.92610013,0.514422616,0.500850503
image_0125_png_jpg.rf.04bbcab45218e3dbe891c99aa3016a59_rot-15.jpg,train,flat foot,0.67735887,1,34.28730867,0.481225075,0.49844507
image_0125_png_jpg.rf.ad5c4ac022ecd55398fec79c516207ec_flip.jpg,train,flat foot,0.65698624,1,32.20463967,0.510734977,0.501452714
image_0411_png_jpg.rf.5e1527a361e1cb53ccff3bd1d58dc4e5_flip.jpg,train,flat foot,0.66021776,1,31.92163584,0.498645962,0.496968395
image_0097_png_jpg.rf.a5d8f3a47ff091619736bfdca33ca6a6.jpg,train,flat foot,0.64184797,1,32.96595982,0.480234533,0.503037796
image_0309_png_jpg.rf.080038b1f743f3b6830be528ceb1a08a_rot10.jpg,train,flat foot,0.66116744,1,32.88823342,0.528571827,0.490755846
image_0077_png_jpg.rf.d2eb959385bc1915f379fe60db13e070_rot-10.jpg,train,flat foot,0.68199074,1,32.18271684,0.464862055,0.498670219
image_0238_jpg.rf.3f2ddb9e9a01777684dccd4a6a62702c_rot-10.jpg,train,flat foot,0.6540146,1,32.78260523,0.531129755,0.499232018
image_0064_png_jpg.rf.38e5999f491d310cf152258d6d575bce_rot-15.jpg,train,flat foot,0.70566726,1,34.26937181,0.481001523,0.495507982
image_0716_png_jpg.rf.56b06743a79878f1c766fa6e1da53e92_rot-15.jpg,train,flat foot,0.642111,1,32.99585459,0.471349578,0.494346165
image_0846_png_jpg.rf.4582c59964d85db3862ae057477c4220_flip.jpg,train,flat foot,0.6787093,1,31.66454082,0.484340392,0.497050327
image_0363_png_jpg.rf.0aef0ee219a3d23afe3b52765835ffb7_rot-10.jpg,train,flat foot,0.66952133,1,33.43032526,0.477732909,0.495511786
image_0846_png_jpg.rf.cd83698c216023c1574ee942377b0cc2_flip.jpg,train,flat foot,0.701834,1,33.00183355,0.508168846,0.502071991
image_0025_png_jpg.rf.8e5550eaed2e7db6bb64404432da3bfe_rot-5.jpg,train,flat foot,0.65621644,1,33.24497768,0.484378492,0.503801617
image_0962_png_jpg.rf.841c2397f316a6b3a07e534d4bf39db8_rot-15.jpg,train,flat foot,0.6867254,1,34.19363839,0.47717618,0.492402382
image_0672_png_jpg.rf.317c611ecdd937032e31e0542dc984f5_rot10.jpg,train,flat foot,0.67689365,1,33.64756059,0.484596182,0.503835187
image_0286_jpg.rf.fa41a221d10a65c0ad5412888424621a_rot10.jpg,train,flat foot,0.6438305,1,32.4996014,0.525622078,0.504291614
image_0125_png_jpg.rf.ad5c4ac022ecd55398fec79c516207ec_rot-5.jpg,train,flat foot,0.6542599,1,32.4736926,0.485070166,0.500154273
image_0911_png_jpg.rf.ff4f5de1f88c002032ac355c750205df_rot-10.jpg,train,flat foot,0.67910147,1,32.44977679,0.469124967,0.495018412
image_0666_png_jpg.rf.4ed75a486b69ad1efd892a17cfb0dd30_rot5.jpg,train,flat foot,0.65924835,1,32.20663265,0.520528918,0.490143668
image_0250_jpg.rf.de0b7c9e9caa9158dd67541ede50420d_flip.jpg,train,flat foot,0.6957337,1,32.99984056,0.514474563,0.503764819
image_0532_png_jpg.rf.9153b58124ebeb29e18f0a4b5525d9c2_rot5.jpg,train,flat foot,0.68830645,1,33.26291454,0.491224148,0.503632408
image_0498_png_jpg.rf.ae2f045c4e0554796ce1a1495ebd0dab_rot10.jpg,train,flat foot,0.7109625,1,33.68941327,0.486574345,0.504972858
image_0666_png_jpg.rf.4ed75a486b69ad1efd892a17cfb0dd30_rot15.jpg,train,flat foot,0.6619099,1,33.3207111,0.519145034,0.48669701
image_0656_png_jpg.rf.fcd809716fe68ed40368cadcba74fa21_rot-10.jpg,train,flat foot,0.68541974,1,33.25095663,0.499884474,0.503843042
image_0611_png_jpg.rf.986c02197ede3edb5116562540b70100_rot-5.jpg,train,flat foot,0.6876288,1,32.71285077,0.491828733,0.4965112
image_0410_png_jpg.rf.e76cc71515787a2c31f234468aec609a_rot-10.jpg,train,flat foot,0.6192893,1,33.10945472,0.488821524,0.505599626
image_0160_png_jpg.rf.390e99f54b1815a21354b164f8df1c80_rot10.jpg,train,flat foot,0.6558665,1,33.56584821,0.493912779,0.501664354
image_0156_jpg.rf.74fc095053bc823364e4381f1ae4d2ce_rot-5.jpg,train,flat foot,0.7118256,1,32.65106824,0.484834134,0.496984567
image_0125_png_jpg.rf.79e4908e015dc8a04a5c0b133ed88086_rot10.jpg,train,flat foot,0.65451866,1,33.10347577,0.506698906,0.498819396
image_0160_png_jpg.rf.3fef41e24025d31f0dbe77080db5d1c3.jpg,train,flat foot,0.64368135,1,32.33219069,0.497999906,0.502862297
image_0155_png_jpg.rf.6850c8ba858f4288f9e9389ff11e2924_rot5.jpg,train,flat foot,0.64641756,1,32.43183992,0.497730869,0.505049986
image_0239_jpg.rf.2a6f53eda84d9889ce68a8d8ae96b798_flip.jpg,train,flat foot,0.6851876,1,32.90218431,0.51385435,0.500981757
image_0496_png_jpg.rf.2d1b3a0184ef480ba9023dfb2bd0ef7b_rot-15.jpg,train,flat foot,0.6621481,1,32.46173469,0.490620829,0.499823847
image_0107_png_jpg.rf.da9c37ea0c8068576b1607e593dee4f8_rot-10.jpg,train,flat foot,0.63421834,1,32.72879464,0.480339448,0.50224711
image_0020_png_jpg.rf.e0cae8307866f75ce21eb41bd7567781_flip.jpg,train,flat foot,0.6580149,1,32.38600128,0.460042117,0.495486109
image_0532_png_jpg.rf.9153b58124ebeb29e18f0a4b5525d9c2_rot15.jpg,train,flat foot,0.6899119,1,34.28930166,0.491650108,0.505172057
image_0286_jpg.rf.d71c29a357697a4698a225771dedf026_rot15.jpg,train,flat foot,0.6748528,1,34.19961735,0.47196631,0.505524538
image_0672_png_jpg.rf.317c611ecdd937032e31e0542dc984f5.jpg,train,flat foot,0.68359065,1,33.01578444,0.484462961,0.501080884
image_0370_jpg.rf.0bb98dd4ad80a5d59dfaa317bea29372_rot15.jpg,train,flat foot,0.6686249,1,34.08003827,0.484267946,0.503171648
image_0513_png_jpg.rf.113cb407e1ee7c0b8c9d7906e0823a1e_rot-15.jpg,train,flat foot,0.6979409,1,33.66749043,0.485304691,0.492088392
image_0097_png_jpg.rf.a5d8f3a47ff091619736bfdca33ca6a6_rot-10.jpg,train,flat foot,0.6375685,1,33.59972895,0.480817881,0.499688998
image_0406_jpg.rf.698b9b5bb67d181d17e24c01fa880839_rot10.jpg,train,flat foot,0.6987627,1,33.58378508,0.484883454,0.503287303
image_0939_png_jpg.rf.ce16d62e6511858db9317bf78aef3fb2_rot10.jpg,train,flat foot,0.7160188,1,33.57780612,0.486272444,0.502329722
image_0371_png_jpg.rf.05671ebf59b2e0a6e66a9ca94a33f3a0_rot-15.jpg,train,flat foot,0.7061614,1,34.24346301,0.489500968,0.496646377
image_0498_png_jpg.rf.ae2f045c4e0554796ce1a1495ebd0dab_rot5.jpg,train,flat foot,0.71212286,1,33.3067602,0.486308742,0.503767839
image_0261_jpg.rf.ea465b57d4c628781dba72bb74e262c3_rot-10.jpg,train,flat foot,0.6654756,1,33.60570791,0.468047449,0.496012056
image_0486_png_jpg.rf.193743e33a01d6dec51bce0bd8a183c7.jpg,train,flat foot,0.612084,1,31.96149554,0.466957028,0.501379993
image_0160_png_jpg.rf.4b8d4cd46974d337e289e05a68702868_rot5.jpg,train,flat foot,0.6338453,1,32.68694196,0.510293104,0.498548725
image_0610_png_jpg.rf.16d2039ab19ae33162d4955fabe6fdab_rot-5.jpg,train,flat foot,0.6797107,1,32.24848533,0.471599588,0.500254853
image_0309_png_jpg.rf.62f154d582d14a992504011f4a17f6a2_rot-15.jpg,train,flat foot,0.6913583,1,34.16374362,0.487946567,0.496796505
image_0363_png_jpg.rf.8df24e7a632f5cb70c5ef08bc84e70ae_rot5.jpg,train,flat foot,0.6590748,1,32.37802934,0.478968595,0.501963127
image_0020_png_jpg.rf.e0cae8307866f75ce21eb41bd7567781_rot15.jpg,train,flat foot,0.6523272,1,33.48014987,0.54099991,0.482812907
image_0906_png_jpg.rf.2140de6b1fd6965ad20c73cea48536c3_rot10.jpg,train,flat foot,0.65473217,1,33.62962372,0.482927714,0.50663071
image_0610_png_jpg.rf.004a61d2dd6cdfe4b27fd4ae1cc6aac4.jpg,train,flat foot,0.71470207,1,33.03571429,0.483518625,0.501420647
image_0363_png_jpg.rf.0aef0ee219a3d23afe3b52765835ffb7_rot5.jpg,train,flat foot,0.667924,1,33.06560906,0.476321809,0.501474367
image_0406_jpg.rf.698b9b5bb67d181d17e24c01fa880839_flip.jpg,train,flat foot,0.7049635,1,32.94403699,0.510699713,0.50057532
image_0324_jpg.rf.804aea319166caa4958a736f4b768731.jpg,train,flat foot,0.6163675,1,32.32820472,0.482176626,0.498409502
image_0323_jpg.rf.15865867b7471de94685fc267c948c42_rot5.jpg,train,flat foot,0.57755756,1,32.13687819,0.512677312,0.510174173
image_0801_png_jpg.rf.dd1f113273435bdd02e0431b887de4f9_rot10.jpg,train,flat foot,0.70638394,1,33.54591837,0.486618741,0.503316469
image_0846_png_jpg.rf.115d4be86139990a1f14bf01ac5e485a_rot15.jpg,train,flat foot,0.66532147,1,33.18917411,0.512636977,0.493681018
image_0333_jpg.rf.391326a43463395423a33a89aaa2101c_rot10.jpg,train,flat foot,0.6449976,1,32.31226084,0.502849223,0.503120936
image_0980_png_jpg.rf.1f877b20f444cd18f43b382caf243da7_rot-15.jpg,train,flat foot,0.694857,1,34.23549107,0.486274215,0.49463572
image_0239_jpg.rf.2a6f53eda84d9889ce68a8d8ae96b798_rot15.jpg,train,flat foot,0.68233454,1,34.18367347,0.482405672,0.505791126
image_0488_png_jpg.rf.915410e01865dd6ddddd1f29bb16567a_rot15.jpg,train,flat foot,0.68552476,1,33.75916773,0.483120081,0.508359578
image_0481_png_jpg.rf.66aa34e0a9a7382207aa628649797f20_rot10.jpg,train,flat foot,0.61329097,1,32.8125,0.482788368,0.501387419
image_0223_jpg.rf.4d58d3aab7c8c9590e23db2d04645872.jpg,train,flat foot,0.6765091,1,31.94953763,0.508385596,0.501576153
image_0411_png_jpg.rf.2b440abf549ad8ed46444901634c20e5_rot-15.jpg,train,flat foot,0.6818158,1,33.97241709,0.487296926,0.497831128
image_0385_jpg.rf.ebc64d8b1babbfa5911f3c6fe8243568_rot15.jpg,train,flat foot,0.651034,1,32.97991071,0.477980379,0.516939852
image_0962_png_jpg.rf.841c2397f316a6b3a07e534d4bf39db8_rot5.jpg,train,flat foot,0.6859908,1,33.16326531,0.47494936,0.500767629
image_0633_png_jpg.rf.f84d3aa13ccf301022d60117747b0114_rot-5.jpg,train,flat foot,0.6746715,1,32.82445791,0.48641182,0.498626203
image_0146_png_jpg.rf.c4c2cdaa131ffa126959a095e96fd10e_rot-5.jpg,train,flat foot,0.704688,1,33.21109694,0.487910902,0.499188783
image_0078_png_jpg.rf.303bca6a2311c523e1e6c4e6a6c792bf.jpg,train,flat foot,0.7091825,1,32.94204401,0.488351865,0.499848766
image_0666_png_jpg.rf.596c5fb0a9671a3b69a8a3a617358587_rot15.jpg,train,flat foot,0.6860648,1,34.25542092,0.487479437,0.504599467
image_0206_png_jpg.rf.4bbc002c679ca5a8827a2b97ac6a1599_rot-5.jpg,train,flat foot,0.6494105,1,32.52152423,0.488663014,0.494773995
image_0408_png_jpg.rf.c74a0e4591f709a24a5a6e3157bf4fc1.jpg,train,flat foot,0.698539,1,33.03571429,0.481547289,0.500640142
image_0032_png_jpg.rf.4ea0d436bcbcc4bd05f3206e6e4986cc_rot-10.jpg,train,flat foot,0.66196835,1,33.39245855,0.520094357,0.507130813
image_0227_png_jpg.rf.3d7afae8f0ead42b2c964d11d891d939_flip.jpg,train,flat foot,0.6508438,1,33.02176339,0.526429582,0.502319092
image_0410_png_jpg.rf.f680676abeec0f87c2e4d142683fc308_rot-10.jpg,train,flat foot,0.6353626,1,33.62962372,0.47957889,0.499821597
image_0333_jpg.rf.391326a43463395423a33a89aaa2101c.jpg,train,flat foot,0.6466007,1,31.77614796,0.503007641,0.503595233
image_0108_png_jpg.rf.3933987d380dcf5de8416c3ec2a80083_rot15.jpg,train,flat foot,0.6805432,1,33.65154656,0.471696411,0.504573667
image_0385_jpg.rf.64ee9935a0e01ec84d23dbf2f7a1e276_rot5.jpg,train,flat foot,0.67356926,1,32.83641582,0.465754299,0.506098216
image_0206_png_jpg.rf.4bbc002c679ca5a8827a2b97ac6a1599_rot15.jpg,train,flat foot,0.6523706,1,33.55986926,0.486897007,0.499393723
image_0368_jpg.rf.fc17d826be782c6ae798d4e5194fbf38.jpg,train,flat foot,0.67489463,1,32.63711735,0.51462869,0.50110716
image_0250_jpg.rf.a59d4b731e4616d65663fcaaef77e6f1_rot10.jpg,train,flat foot,0.68552065,1,33.24099171,0.480264543,0.505351454
image_0532_png_jpg.rf.6793458c5710ca26988ec9eaec853a26.jpg,train,flat foot,0.67536324,1,32.18869579,0.479784226,0.506377841
image_0846_png_jpg.rf.115d4be86139990a1f14bf01ac5e485a_rot5.jpg,train,flat foot,0.6660505,1,32.15680804,0.50811257,0.497739251
image_0496_png_jpg.rf.b4da3370e67009089c6081fd43f5ab0b_rot-10.jpg,train,flat foot,0.7100314,1,33.69539222,0.486537368,0.500233402
image_0672_png_jpg.rf.317c611ecdd937032e31e0542dc984f5_flip.jpg,train,flat foot,0.68355155,1,33.01578444,0.511072799,0.501080934
image_0656_png_jpg.rf.3ecbcf76e291f0f3188e0e5889442102_rot-5.jpg,train,flat foot,0.70478314,1,33.26690051,0.484701458,0.50110567
image_0155_png_jpg.rf.6850c8ba858f4288f9e9389ff11e2924_rot-10.jpg,train,flat foot,0.6470478,1,32.97592474,0.497183821,0.504361781
image_0643_png_jpg.rf.e8c5c9949de5a9e7f8608fbc17c9148f_rot-5.jpg,train,flat foot,0.6903774,1,33.18917411,0.485911101,0.498304909
image_0125_png_jpg.rf.79e4908e015dc8a04a5c0b133ed88086_rot5.jpg,train,flat foot,0.65512246,1,32.69092793,0.506025502,0.499602446
image_0041_png_jpg.rf.083592ee818f3ab9dfc81d66f7c24483_rot15.jpg,train,flat foot,0.692523,1,33.5160236,0.529438344,0.488326488
image_0020_png_jpg.rf.c5012f9f4d7ce1ee852db336fa869650_rot5.jpg,train,flat foot,0.6577084,1,32.61120855,0.497203035,0.500741306
image_0102_png_jpg.rf.3577c2c8ff226b7f6283c77b2077f834_rot10.jpg,train,flat foot,0.7009742,1,33.33266901,0.484767159,0.50457666
image_0911_png_jpg.rf.ff4f5de1f88c002032ac355c750205df.jpg,train,flat foot,0.6843524,1,31.82597258,0.467679076,0.500416846
image_0262_jpg.rf.2b5a7d13606cdf6a1dfbc6f1524c5396_rot-10.jpg,train,flat foot,0.64352494,1,33.53595344,0.474716401,0.494088079
image_0155_jpg.rf.d5491159bdd30a5aaec2a8f0c98fe3fa_rot5.jpg,train,flat foot,0.6862938,1,32.92410714,0.478222463,0.507227566
image_0656_png_jpg.rf.fcd809716fe68ed40368cadcba74fa21_flip.jpg,train,flat foot,0.69021916,1,32.86033163,0.498457855,0.503511027
image_0102_png_jpg.rf.105c84e27b69c4cb9df5b2855b9770b9_flip.jpg,train,flat foot,0.6965693,1,32.3959662,0.515416486,0.498670705
image_0408_jpg.rf.0549b5def20c5c6dff7e65e56950ab5a_rot-5.jpg,train,flat foot,0.67282635,1,32.55939094,0.480301476,0.499251057
image_0656_png_jpg.rf.fcd809716fe68ed40368cadcba74fa21_rot10.jpg,train,flat foot,0.6878627,1,33.26291454,0.497363053,0.503945422
image_0159_png_jpg.rf.c9156059bcc9617e24dcf71b25916b50_rot15.jpg,train,flat foot,0.64918137,1,34.07405931,0.48905772,0.506059635
image_0125_png_jpg.rf.79e4908e015dc8a04a5c0b133ed88086_rot-10.jpg,train,flat foot,0.65564334,1,32.93606505,0.504184828,0.501506349
image_0264_jpg.rf.c78074e18a133a77395102558122ebdc_rot-10.jpg,train,flat foot,0.6284237,1,32.24051339,0.522154365,0.506679408
image_0223_jpg.rf.719276660705c9577d180f9e75db74dd_rot10.jpg,train,flat foot,0.6958562,1,33.56983418,0.488141046,0.500819041
image_0261_jpg.rf.ea465b57d4c628781dba72bb74e262c3_rot-15.jpg,train,flat foot,0.66733927,1,34.27535077,0.469406812,0.493497673
image_0238_jpg.rf.3f2ddb9e9a01777684dccd4a6a62702c_rot10.jpg,train,flat foot,0.6519097,1,32.93606505,0.530956014,0.487553993
image_0172_jpg.rf.8f1879f7f074f31489b00ecc5076dacf_rot-10.jpg,train,flat foot,0.69372314,1,33.58976403,0.483594517,0.497142845
image_0238_jpg.rf.fa93062428365800067c7b41574349c2_rot15.jpg,train,flat foot,0.6395188,1,33.23301977,0.484233718,0.506464846
image_0385_jpg.rf.ebc64d8b1babbfa5911f3c6fe8243568_rot5.jpg,train,flat foot,0.64959335,1,32.00135523,0.475653175,0.513084034
image_0498_png_jpg.rf.504e5709688c467893079b51255835ef_rot5.jpg,train,flat foot,0.7018426,1,33.06162309,0.506128109,0.498415993
image_0407_jpg.rf.9ab08d96ae70b08721d9b74f780ea037_rot10.jpg,train,flat foot,0.6779468,1,33.66549745,0.474370237,0.506942129
image_0155_jpg.rf.d5491159bdd30a5aaec2a8f0c98fe3fa_rot-5.jpg,train,flat foot,0.6848626,1,32.99186862,0.477783938,0.503378081
image_0933_png_jpg.rf.6603110552eb9d03dab90ce18af9e284_rot-10.jpg,train,flat foot,0.6447349,1,32.40792411,0.485361461,0.493597545
image_0310_png_jpg.rf.b6449d09d466d633c399a9c7ad8f6f2c_rot5.jpg,train,flat foot,0.6692506,1,32.53148916,0.481209602,0.507056655
image_0643_png_jpg.rf.907f4d9cf0078527b4c1b88d76d935cf_rot10.jpg,train,flat foot,0.6880278,1,33.38847258,0.483866646,0.501105274
image_0093_png_jpg.rf.d5133340f2da0bf8cad6d9f738913914.jpg,train,flat foot,0.698717,1,33.00980548,0.46950566,0.503833357
image_0155_jpg.rf.736a4db574419344cb398d9194c97387_rot5.jpg,train,flat foot,0.66299325,1,32.19666773,0.455567352,0.508760011
image_0717_png_jpg.rf.e7c66f4eeca3887716d9e653cf0e01c8_rot-5.jpg,train,flat foot,0.6365089,1,32.53547513,0.498733599,0.501087147
image_0201_jpg.rf.a55d86b59da77c60cc263d352d90d95c_rot5.jpg,train,flat foot,0.6812107,1,33.29280931,0.47119504,0.506432197
image_0870_png_jpg.rf.bc43b4e95b949e8919b248d6a943cfbd_rot15.jpg,train,flat foot,0.652906,1,33.3067602,0.502218885,0.497312109
image_0064_png_jpg.rf.c47ec4df4115ce2efb987c0a6483479a_rot15.jpg,train,flat foot,0.6926142,1,33.6973852,0.479011421,0.504859037
image_0656_png_jpg.rf.3ecbcf76e291f0f3188e0e5889442102.jpg,train,flat foot,0.7107512,1,32.98987564,0.484562315,0.502429708
image_0385_jpg.rf.ebc64d8b1babbfa5911f3c6fe8243568.jpg,train,flat foot,0.65070903,1,31.86782526,0.474748006,0.510951712
image_0488_png_jpg.rf.915410e01865dd6ddddd1f29bb16567a_rot-10.jpg,train,flat foot,0.6822308,1,33.11742666,0.482081735,0.500642926
image_0385_jpg.rf.ebc64d8b1babbfa5911f3c6fe8243568_rot-15.jpg,train,flat foot,0.65232897,1,33.19116709,0.474577218,0.50409689
image_0362_png_jpg.rf.7a38e988473d903df3ee53833da7f699.jpg,train,flat foot,0.69134176,1,32.97393176,0.475877616,0.50243549
image_0166_jpg.rf.b2abebae8ed18068a643ba6da5c2bdb3_rot10.jpg,train,flat foot,0.68674797,1,33.58577806,0.473860925,0.503543634
image_0221_jpg.rf.ad05cdb883c84d6431230713c6908d0a_rot-5.jpg,train,flat foot,0.723986,1,33.21109694,0.482961469,0.496602958
image_0138_png_jpg.rf.7983c325bee0b55eb8268471ec44fb59_rot-15.jpg,train,flat foot,0.7298971,1,34.19164541,0.525717036,0.50435166
image_0060_png_jpg.rf.282104804868eedc5ce2aeb8c69103e7_rot10.jpg,train,flat foot,0.7114923,1,32.69690689,0.478148052,0.500578232
image_0496_png_jpg.rf.d5a6ee5aedbd6ce4e051d95f5cc00cc8_flip.jpg,train,flat foot,0.67395663,1,31.76817602,0.494517778,0.507667924
image_0870_png_jpg.rf.bc43b4e95b949e8919b248d6a943cfbd_flip.jpg,train,flat foot,0.65328044,1,32.09901148,0.49484226,0.498358022
image_0333_jpg.rf.9537c7dac0644b64680d61dbe63ed171.jpg,train,flat foot,0.6787088,1,32.99386161,0.479721937,0.503723686
image_0991_png_jpg.rf.29a8f40cbfa963b402960d860b19c9f6_flip.jpg,train,flat foot,0.68144983,1,32.43582589,0.53115575,0.505219331
image_0488_png_jpg.rf.07215aed252fc97a81ba6d1e6ec38d87_rot-15.jpg,train,flat foot,0.7015556,1,34.30723852,0.489654501,0.499475597
image_0643_png_jpg.rf.907f4d9cf0078527b4c1b88d76d935cf_rot-15.jpg,train,flat foot,0.6889361,1,34.05612245,0.486284781,0.494634802
image_0032_png_jpg.rf.4ea0d436bcbcc4bd05f3206e6e4986cc_rot-15.jpg,train,flat foot,0.6642937,1,34.03419962,0.519088343,0.508627537
image_0155_jpg.rf.d5491159bdd30a5aaec2a8f0c98fe3fa_rot15.jpg,train,flat foot,0.68699807,1,33.93056441,0.479876408,0.510767612
image_0386_jpg.rf.dfab0f23cb9be3afe9dfe7b46d650190.jpg,train,flat foot,0.6662371,1,32.90617028,0.47465467,0.498514964
image_0717_png_jpg.rf.e3273178260e73e2bdcd4920344737e7_rot5.jpg,train,flat foot,0.6344806,1,32.54743304,0.497930464,0.502858569
image_0532_png_jpg.rf.6793458c5710ca26988ec9eaec853a26_rot-5.jpg,train,flat foot,0.66965026,1,32.45176977,0.47964617,0.504598996
image_0363_png_jpg.rf.0aef0ee219a3d23afe3b52765835ffb7_rot-5.jpg,train,flat foot,0.6678859,1,33.05165816,0.476898492,0.49738778
image_0939_png_jpg.rf.ce16d62e6511858db9317bf78aef3fb2.jpg,train,flat foot,0.72247803,1,32.92610013,0.486388826,0.499866659
image_0368_jpg.rf.67b263c447bbe815827d068dbea363fc_rot-15.jpg,train,flat foot,0.68099034,1,34.15975765,0.482904295,0.495656461
image_0220_jpg.rf.61bdd7e5d1877de7962ca857471a9e2b_rot10.jpg,train,flat foot,0.68719506,1,33.09151786,0.530233456,0.490060391
image_0317_jpg.rf.073a6f536089d354adc2cd71fcd82e58_rot5.jpg,train,flat foot,0.6575714,1,32.69889987,0.527468892,0.497244647
image_0278_jpg.rf.7aeb0cbde7c6d6c38aea7508c2a34b2d_rot-15.jpg,train,flat foot,0.6679069,1,34.23748406,0.472446925,0.490304747
image_0488_png_jpg.rf.07215aed252fc97a81ba6d1e6ec38d87_rot-10.jpg,train,flat foot,0.7001775,1,33.65752551,0.489270915,0.500314682
image_0221_jpg.rf.eaa9a7c5fe0a7b0b3de7302b1515b62d_rot15.jpg,train,flat foot,0.71645415,1,33.44626913,0.474814966,0.501287552
image_0488_png_jpg.rf.07215aed252fc97a81ba6d1e6ec38d87_rot15.jpg,train,flat foot,0.7030663,1,34.30125957,0.489377011,0.505094376
image_0385_jpg.rf.64ee9935a0e01ec84d23dbf2f7a1e276_flip.jpg,train,flat foot,0.68036073,1,32.58729273,0.530072146,0.503104673
image_0633_png_jpg.rf.f84d3aa13ccf301022d60117747b0114.jpg,train,flat foot,0.6785113,1,32.72281569,0.486654944,0.499977462
image_0333_jpg.rf.e869149cef5126ef6a7ff480bfbc660e_rot-5.jpg,train,flat foot,0.63636297,1,31.72433036,0.543395371,0.495034062
image_0101_png_jpg.rf.7ee096bf0e64d620a55752931a391947.jpg,train,flat foot,0.7085638,1,33.01578444,0.49206961,0.498880046
image_0172_jpg.rf.8f1879f7f074f31489b00ecc5076dacf_rot10.jpg,train,flat foot,0.6928661,1,33.58378508,0.482662099,0.503099494
image_0368_jpg.rf.fc17d826be782c6ae798d4e5194fbf38_flip.jpg,train,flat foot,0.674857,1,32.63711735,0.480906327,0.501107177
image_0670_png_jpg.rf.5c1190b7871690c0c0d58683c2a41a49_flip.jpg,train,flat foot,0.60958344,1,31.91964286,0.47810956,0.502186234
image_0125_png_jpg.rf.ad5c4ac022ecd55398fec79c516207ec_rot15.jpg,train,flat foot,0.65824735,1,33.48413584,0.485372261,0.505458027
image_0991_png_jpg.rf.4d66130654594d619dd146688b1d95a6_rot10.jpg,train,flat foot,0.68862516,1,33.66749043,0.470583901,0.509349365
image_0331_png_jpg.rf.7609e40cd13e1e1fe3a448ab88dba06d_rot-15.jpg,train,flat foot,0.7143221,1,34.23947704,0.483797558,0.494305944
image_0912_png_jpg.rf.e0da1d0dbf2912fbf0587c6b193284e8_rot-5.jpg,train,flat foot,0.672093,1,32.75271046,0.482467856,0.504154958
image_0407_jpg.rf.9ab08d96ae70b08721d9b74f780ea037.jpg,train,flat foot,0.6850399,1,33.03571429,0.473640696,0.502388583
image_0642_png_jpg.rf.a7d3910f2d9782cf674a03605ec2d75a_rot10.jpg,train,flat foot,0.6607978,1,33.1253986,0.501458327,0.497777847
image_0286_jpg.rf.d71c29a357697a4698a225771dedf026_rot-15.jpg,train,flat foot,0.67373145,1,34.18367347,0.473616584,0.490757114
image_0041_png_jpg.rf.d2a646d4aac55c94b5d75828ce3dedf0_rot10.jpg,train,flat foot,0.7179091,1,33.64756059,0.484594743,0.503662185
image_0238_jpg.rf.0e7a90144f9b796b42ec24aae5364c12_rot10.jpg,train,flat foot,0.66723174,1,33.63560268,0.474709761,0.507460736
image_0102_png_jpg.rf.105c84e27b69c4cb9df5b2855b9770b9_rot5.jpg,train,flat foot,0.6903171,1,32.69889987,0.479913504,0.500447328
image_0124_png_jpg.rf.6cdc3394c701e74f5b3880f90aeb64ee_rot10.jpg,train,flat foot,0.6862785,1,32.8643176,0.476544556,0.503464789
image_0906_png_jpg.rf.2140de6b1fd6965ad20c73cea48536c3_rot-15.jpg,train,flat foot,0.65636706,1,34.27933673,0.483302959,0.499180988
image_0201_jpg.rf.a55d86b59da77c60cc263d352d90d95c_rot15.jpg,train,flat foot,0.68240786,1,34.33115434,0.472796055,0.511319704
image_0486_png_jpg.rf.193743e33a01d6dec51bce0bd8a183c7_rot-15.jpg,train,flat foot,0.61494225,1,33.13934949,0.469883112,0.493402255
image_0059_png_jpg.rf.77e79d736facdaae127f44688c340ccd_rot5.jpg,train,flat foot,0.67332494,1,32.81648597,0.468738262,0.50837313
image_0486_png_jpg.rf.7222a9df1f375f7da900133fb1ee88b5_rot-10.jpg,train,flat foot,0.6417334,1,33.65353954,0.468254233,0.496725151
image_0238_jpg.rf.fa93062428365800067c7b41574349c2_rot5.jpg,train,flat foot,0.63702697,1,32.19866071,0.483519222,0.503592904
image_0160_png_jpg.rf.4b8d4cd46974d337e289e05a68702868.jpg,train,flat foot,0.6378025,1,32.41988202,0.510732416,0.499433263
image_0097_png_jpg.rf.a5d8f3a47ff091619736bfdca33ca6a6_rot10.jpg,train,flat foot,0.6372942,1,33.60172194,0.480811077,0.506459291
image_0912_png_jpg.rf.e0da1d0dbf2912fbf0587c6b193284e8_rot15.jpg,train,flat foot,0.6749804,1,33.79105548,0.484393128,0.50990525
image_0643_png_jpg.rf.907f4d9cf0078527b4c1b88d76d935cf_rot15.jpg,train,flat foot,0.69026273,1,34.03419962,0.484053341,0.502595227
image_0107_png_jpg.rf.f93d2d288980a9c72f1d931de8a90018_rot-5.jpg,train,flat foot,0.6569358,1,33.27287946,0.471945426,0.500509873
image_0496_png_jpg.rf.b4da3370e67009089c6081fd43f5ab0b_rot-15.jpg,train,flat foot,0.7108928,1,34.3490912,0.487000212,0.499163623
image_0156_jpg.rf.e11e8bf7ec559d3664c0d8e357005c1e_rot5.jpg,train,flat foot,0.7283673,1,33.21109694,0.480526924,0.500957468
image_0363_png_jpg.rf.0aef0ee219a3d23afe3b52765835ffb7.jpg,train,flat foot,0.6713069,1,32.78061224,0.476429228,0.49939257
image_0407_jpg.rf.9ab08d96ae70b08721d9b74f780ea037_rot5.jpg,train,flat foot,0.6793307,1,33.28483737,0.473827088,0.504685619
image_0102_png_jpg.rf.16ba2e2557429cda11a8cbff92a05fcf_rot5.jpg,train,flat foot,0.7057957,1,33.24099171,0.482458173,0.501625714
image_0933_png_jpg.rf.b0546c68114cc2f01971f0a6935a6a5c_rot-5.jpg,train,flat foot,0.6772412,1,33.13735651,0.479392358,0.498006912
image_0633_png_jpg.rf.f84d3aa13ccf301022d60117747b0114_rot-10.jpg,train,flat foot,0.6768695,1,33.19316008,0.486164519,0.497176161
image_0333_jpg.rf.9537c7dac0644b64680d61dbe63ed171_rot10.jpg,train,flat foot,0.6733172,1,33.6455676,0.480455161,0.507203327
image_0160_png_jpg.rf.4b8d4cd46974d337e289e05a68702868_rot-5.jpg,train,flat foot,0.6323598,1,32.67697704,0.510917249,0.500410653
image_0363_png_jpg.rf.8df24e7a632f5cb70c5ef08bc84e70ae_rot-15.jpg,train,flat foot,0.6621388,1,33.43630421,0.481130314,0.495153987
image_0119_png_jpg.rf.b269d1d9d0021aac49d1fc8a15f7fa58_rot10.jpg,train,flat foot,0.67356575,1,33.64955357,0.47390604,0.507138779
image_0125_png_jpg.rf.ad5c4ac022ecd55398fec79c516207ec_rot5.jpg,train,flat foot,0.65446436,1,32.44977679,0.484801136,0.502793186
image_0609_png_jpg.rf.a7d14643a7e6ef80f96eb3d07c0c4a32_rot-5.jpg,train,flat foot,0.66128594,1,33.10546875,0.482264624,0.497903155
image_0408_png_jpg.rf.c74a0e4591f709a24a5a6e3157bf4fc1_rot15.jpg,train,flat foot,0.69434106,1,34.3231824,0.482215303,0.505496189
image_0801_png_jpg.rf.dd1f113273435bdd02e0431b887de4f9_flip.jpg,train,flat foot,0.7119013,1,32.89421237,0.508975463,0.500913594
image_0093_png_jpg.rf.5c1dc04fc34d53275db18f01cf4a62b4_rot-10.jpg,train,flat foot,0.68323636,1,33.02973533,0.465119145,0.498395165
image_0155_jpg.rf.736a4db574419344cb398d9194c97387_rot-5.jpg,train,flat foot,0.6623325,1,32.19666773,0.45522003,0.500947172
image_0778_png_jpg.rf.68abf11711c2988f7a6509470fefc12d_rot15.jpg,train,flat foot,0.6022462,1,32.71085778,0.472885021,0.51547285
image_0666_png_jpg.rf.4ed75a486b69ad1efd892a17cfb0dd30_rot-5.jpg,train,flat foot,0.65963763,1,32.11495536,0.520281439,0.494288795
image_0656_png_jpg.rf.fcd809716fe68ed40368cadcba74fa21_rot5.jpg,train,flat foot,0.68955255,1,32.91015625,0.496838636,0.503732333
image_0124_png_jpg.rf.6cdc3394c701e74f5b3880f90aeb64ee_rot15.jpg,train,flat foot,0.6890461,1,33.4901148,0.477128006,0.505509924
image_0513_png_jpg.rf.03e4dc9c20ef5ddcc5c613183dc97e9d_rot15.jpg,train,flat foot,0.7079454,1,34.26139987,0.48663145,0.502515256
image_0716_png_jpg.rf.56b06743a79878f1c766fa6e1da53e92_flip.jpg,train,flat foot,0.64277506,1,31.88177615,0.525886254,0.501798608
image_0984_png_jpg.rf.08cc50a2f7a6b7d1cc558ae3b5be99a1_rot5.jpg,train,flat foot,0.69656193,1,33.21308992,0.489665195,0.498891289
image_0633_png_jpg.rf.58f0b882292dfe42defa165fa86ecc15_rot10.jpg,train,flat foot,0.6813699,1,33.52200255,0.487835312,0.501753731
image_0386_jpg.rf.dfab0f23cb9be3afe9dfe7b46d650190_flip.jpg,train,flat foot,0.6662396,1,32.90617028,0.520881637,0.498515012
image_0156_jpg.rf.74fc095053bc823364e4381f1ae4d2ce_rot-10.jpg,train,flat foot,0.7128209,1,33.06760204,0.485549225,0.495794062
image_0717_png_jpg.rf.95dbd52a4424174e4d45ded4373a1d12_rot15.jpg,train,flat foot,0.6497855,1,34.14580676,0.496564942,0.501342703
image_0041_png_jpg.rf.083592ee818f3ab9dfc81d66f7c24483_rot-15.jpg,train,flat foot,0.69296074,1,33.50406569,0.528330541,0.504676228
image_0238_jpg.rf.3f2ddb9e9a01777684dccd4a6a62702c_rot-15.jpg,train,flat foot,0.65610003,1,33.3984375,0.530454041,0.501855251
image_0496_png_jpg.rf.b4da3370e67009089c6081fd43f5ab0b_rot15.jpg,train,flat foot,0.71145964,1,34.34311224,0.486934336,0.506146265
image_0846_png_jpg.rf.cd83698c216023c1574ee942377b0cc2_rot-5.jpg,train,flat foot,0.69528097,1,33.26291454,0.487504736,0.500988305
image_0264_jpg.rf.c78074e18a133a77395102558122ebdc_rot-5.jpg,train,flat foot,0.6270724,1,31.89373406,0.52295699,0.504734844
image_0911_png_jpg.rf.ff4f5de1f88c002032ac355c750205df_rot5.jpg,train,flat foot,0.67815596,1,32.07708865,0.467722829,0.503254453
image_0488_png_jpg.rf.915410e01865dd6ddddd1f29bb16567a_rot-15.jpg,train,flat foot,0.6841478,1,33.77311862,0.482646604,0.49918691
image_0093_png_jpg.rf.06de61ad3c3aed4d73ef0f4e871ad10c_rot-10.jpg,train,flat foot,0.67029506,1,32.74274554,0.518404077,0.504853858
image_0939_png_jpg.rf.ce16d62e6511858db9317bf78aef3fb2_rot-5.jpg,train,flat foot,0.71566314,1,33.20910395,0.486714448,0.498721313
image_0371_png_jpg.rf.641902bb2e0075963e12e94b0db19774.jpg,train,flat foot,0.65603644,1,31.50709503,0.48013249,0.497686267
image_0933_png_jpg.rf.6603110552eb9d03dab90ce18af9e284_rot-15.jpg,train,flat foot,0.6467898,1,33.06760204,0.486469324,0.492625141
image_0988_png_jpg.rf.0e149119eb95810994b496cdc81f02a9_flip.jpg,train,flat foot,0.68768686,1,32.85235969,0.512424732,0.497903167
image_0486_png_jpg.rf.193743e33a01d6dec51bce0bd8a183c7_flip.jpg,train,flat foot,0.6120428,1,31.96149554,0.528576832,0.501380181
image_0368_jpg.rf.67b263c447bbe815827d068dbea363fc_rot-5.jpg,train,flat foot,0.67879707,1,33.1253986,0.481402841,0.498536241
image_0097_png_jpg.rf.a5d8f3a47ff091619736bfdca33ca6a6_rot-15.jpg,train,flat foot,0.63918394,1,34.26538584,0.481556101,0.498164799
image_0991_png_jpg.rf.4d66130654594d619dd146688b1d95a6_flip.jpg,train,flat foot,0.6943603,1,33.03571429,0.526124526,0.504128033
image_0371_png_jpg.rf.05671ebf59b2e0a6e66a9ca94a33f3a0_rot15.jpg,train,flat foot,0.70688367,1,34.23549107,0.487840614,0.502720876
image_0119_png_jpg.rf.157b42c0626aa987d0c690ab27270702_rot-5.jpg,train,flat foot,0.66081333,1,32.72281569,0.478600736,0.501633774
image_0077_png_jpg.rf.677c12f3c9a4ce3491825c6916373448_rot5.jpg,train,flat foot,0.69893163,1,33.31871811,0.46284855,0.507601012
image_0155_png_jpg.rf.6850c8ba858f4288f9e9389ff11e2924_rot-5.jpg,train,flat foot,0.64542377,1,32.54344707,0.497341676,0.504614193
image_0262_jpg.rf.39f63655fb66b25cb7a6d93cdb68d7e8.jpg,train,flat foot,0.6306588,1,32.49362245,0.517407494,0.504626364
image_0119_png_jpg.rf.b269d1d9d0021aac49d1fc8a15f7fa58_rot-10.jpg,train,flat foot,0.6736993,1,33.63759566,0.474042358,0.497964167
image_0846_png_jpg.rf.115d4be86139990a1f14bf01ac5e485a_rot-10.jpg,train,flat foot,0.6675163,1,32.34813457,0.504133816,0.500261252
image_0119_png_jpg.rf.5973e40753009e8dfe5c6221bd3a5f66.jpg,train,flat foot,0.64045143,1,31.88177615,0.486738842,0.508553825
image_0369_jpg.rf.2ecf5b54ab39719506ab1974cd4c6c69.jpg,train,flat foot,0.65054655,1,32.84837372,0.516004012,0.495002842
image_0324_jpg.rf.8bd2173d18b1fa2f96dd962d3d738125_rot-5.jpg,train,flat foot,0.6282486,1,33.10546875,0.483514928,0.496546127
image_0223_jpg.rf.4d58d3aab7c8c9590e23db2d04645872_rot-15.jpg,train,flat foot,0.6740619,1,33.04368622,0.507051125,0.503693325
image_0108_png_jpg.rf.d96ac8ec2bc35e481e5f464ed8177dd6_rot5.jpg,train,flat foot,0.67035335,1,32.23254145,0.459801442,0.499819377
image_0621_png_jpg.rf.3c21fc9c9fe4d20a6f8a7d2b1b871896_flip.jpg,train,flat foot,0.66969794,1,32.96197385,0.520033433,0.5001289
image_0846_png_jpg.rf.115d4be86139990a1f14bf01ac5e485a_rot10.jpg,train,flat foot,0.6628513,1,32.57932079,0.510389304,0.49599161
image_0078_png_jpg.rf.37f1bc598070945514a07b81b7797504_rot10.jpg,train,flat foot,0.6994705,1,33.04567921,0.466800717,0.508070159
image_0102_png_jpg.rf.3577c2c8ff226b7f6283c77b2077f834_flip.jpg,train,flat foot,0.70392746,1,32.71285077,0.5110527,0.501856858
image_0310_png_jpg.rf.b6449d09d466d633c399a9c7ad8f6f2c.jpg,train,flat foot,0.67087054,1,32.41589605,0.48083839,0.505403056
image_0250_jpg.rf.e05cb546a296bd74b654fb06ebbb2593_rot-5.jpg,train,flat foot,0.6773854,1,32.6690051,0.478613427,0.502813566
image_0077_png_jpg.rf.d2eb959385bc1915f379fe60db13e070_flip.jpg,train,flat foot,0.6879211,1,31.50111607,0.531511876,0.504834016
image_0621_png_jpg.rf.3c21fc9c9fe4d20a6f8a7d2b1b871896_rot10.jpg,train,flat foot,0.6640387,1,33.57581314,0.47577278,0.504451696
image_0078_png_jpg.rf.fb65d4582048ce185e6ccb84a5e28c01_rot-15.jpg,train,flat foot,0.6885396,1,32.69292092,0.505779533,0.50734195
image_0912_png_jpg.rf.4865f91e689bfbb1d59262495e360ed4.jpg,train,flat foot,0.68331975,1,33.01379145,0.482326924,0.503029386
image_0278_jpg.rf.7aeb0cbde7c6d6c38aea7508c2a34b2d_rot-10.jpg,train,flat foot,0.6672345,1,33.59375,0.471725115,0.492820418
image_0801_png_jpg.rf.dd1f113273435bdd02e0431b887de4f9_rot-5.jpg,train,flat foot,0.7061675,1,33.16924426,0.486789986,0.499769577
image_0262_jpg.rf.73cbcdc09910dd032921df72dd548466_rot15.jpg,train,flat foot,0.62890863,1,33.27885842,0.486960884,0.507054082
image_0101_png_jpg.rf.7ee096bf0e64d620a55752931a391947_rot-10.jpg,train,flat foot,0.7015912,1,33.65353954,0.492919344,0.497681397
image_0223_jpg.rf.da84f99b48fb841f000a54d12ac96a3f_rot10.jpg,train,flat foot,0.69422674,1,33.35459184,0.488873278,0.500871083
image_0672_png_jpg.rf.317c611ecdd937032e31e0542dc984f5_rot-10.jpg,train,flat foot,0.6779615,1,33.65353954,0.48522739,0.498516205
image_0801_png_jpg.rf.dd1f113273435bdd02e0431b887de4f9.jpg,train,flat foot,0.7119485,1,32.89421237,0.486558989,0.500913571
image_0778_png_jpg.rf.b999c8f4a1c149336efb5438e26213ce_flip.jpg,train,flat foot,0.6359092,1,33.02176339,0.524342646,0.505086766
image_0041_png_jpg.rf.d2a646d4aac55c94b5d75828ce3dedf0_rot-5.jpg,train,flat foot,0.7195927,1,33.27088648,0.484739224,0.499581091
image_0124_png_jpg.rf.6cdc3394c701e74f5b3880f90aeb64ee_flip.jpg,train,flat foot,0.68894696,1,32.28635204,0.519103021,0.499282247
image_0410_png_jpg.rf.f680676abeec0f87c2e4d142683fc308_rot10.jpg,train,flat foot,0.63546497,1,33.63360969,0.479686219,0.507004048
image_0167_jpg.rf.508f9d23208ce4967cad2ec64c313320_rot-10.jpg,train,flat foot,0.64125514,1,33.11344069,0.452775215,0.489633445
image_0125_png_jpg.rf.79e4908e015dc8a04a5c0b133ed88086_rot-15.jpg,train,flat foot,0.6571447,1,33.54791135,0.504037684,0.501776336
image_0590_png_jpg.rf.dcd6007baf0661086de5f5a193ddd407_rot-10.jpg,train,flat foot,0.67840713,1,32.63313138,0.480298708,0.492341455
image_0317_jpg.rf.073a6f536089d354adc2cd71fcd82e58_rot-15.jpg,train,flat foot,0.65617526,1,33.71332908,0.52783931,0.507917822
image_0386_jpg.rf.e83dea960cd9e2994fb57b36bb3b0fc2_rot15.jpg,train,flat foot,0.64269644,1,33.62962372,0.511000311,0.502293676
image_0250_jpg.rf.a59d4b731e4616d65663fcaaef77e6f1_rot-10.jpg,train,flat foot,0.68574876,1,33.25294962,0.480595778,0.49844757
image_0912_png_jpg.rf.4865f91e689bfbb1d59262495e360ed4_rot-5.jpg,train,flat foot,0.67783207,1,33.27487245,0.482435303,0.501504586
image_0324_jpg.rf.8bd2173d18b1fa2f96dd962d3d738125_rot-10.jpg,train,flat foot,0.63001275,1,33.47815689,0.484302025,0.49524535
image_0486_png_jpg.rf.7222a9df1f375f7da900133fb1ee88b5.jpg,train,flat foot,0.64713836,1,33.02774235,0.467048489,0.502281535
image_0108_png_jpg.rf.d96ac8ec2bc35e481e5f464ed8177dd6.jpg,train,flat foot,0.6749833,1,31.99139031,0.460032398,0.496282683
image_0717_png_jpg.rf.95dbd52a4424174e4d45ded4373a1d12_rot10.jpg,train,flat foot,0.64621186,1,33.5020727,0.496757294,0.500936366
image_0310_png_jpg.rf.e1d7c62c4cade71d0b3dd60b4e135417_flip.jpg,train,flat foot,0.70282876,1,32.99585459,0.526449052,0.50509295
image_0323_jpg.rf.e5b8b09605d0c4ba523e4556a42b3551.jpg,train,flat foot,0.62054956,1,33.01777742,0.486604039,0.505112252
image_0059_png_jpg.rf.77e79d736facdaae127f44688c340ccd_rot-15.jpg,train,flat foot,0.67573965,1,33.89070472,0.469772705,0.497572265
image_0220_jpg.rf.61bdd7e5d1877de7962ca857471a9e2b.jpg,train,flat foot,0.6902822,1,32.67299107,0.528232927,0.496363785
image_0311_png_jpg.rf.e6d9edd0fc95ebe120f89a68e70c6b5e_rot-10.jpg,train,flat foot,0.68795705,1,33.51403061,0.479957547,0.495036996
image_0310_png_jpg.rf.b6449d09d466d633c399a9c7ad8f6f2c_rot-10.jpg,train,flat foot,0.6691287,1,32.93207908,0.480994691,0.502072773
image_0060_png_jpg.rf.282104804868eedc5ce2aeb8c69103e7_rot15.jpg,train,flat foot,0.71377045,1,33.34064094,0.478429894,0.502560627
image_0939_png_jpg.rf.ce16d62e6511858db9317bf78aef3fb2_flip.jpg,train,flat foot,0.7225154,1,32.92610013,0.509147989,0.49986629
image_0159_png_jpg.rf.0a84b381c641c5c482365c58f7d5690a_rot-5.jpg,train,flat foot,0.6468443,1,33.26291454,0.488493513,0.500952723
image_0590_png_jpg.rf.a385dae12028bc79945b79d27c11efdc.jpg,train,flat foot,0.7012066,1,32.98588967,0.485011785,0.500573959
image_0371_png_jpg.rf.05671ebf59b2e0a6e66a9ca94a33f3a0_rot-5.jpg,train,flat foot,0.70411205,1,33.21308992,0.488334088,0.498358849
image_0159_png_jpg.rf.c9156059bcc9617e24dcf71b25916b50_flip.jpg,train,flat foot,0.6497448,1,32.80851403,0.507201358,0.503057716
image_0496_png_jpg.rf.2d1b3a0184ef480ba9023dfb2bd0ef7b_rot-5.jpg,train,flat foot,0.6594029,1,31.6665338,0.485577691,0.500319126
image_0991_png_jpg.rf.52d4ad6d27640a04f1bae06d11b504da_rot-15.jpg,train,flat foot,0.68146163,1,33.58179209,0.470723419,0.49935025
image_0362_png_jpg.rf.5fa5f97aff2b5eb3854b772619386bcc_rot-15.jpg,train,flat foot,0.6878293,1,34.30125957,0.477066667,0.496085199
image_0167_jpg.rf.618983980ecce37cc554386322c16128_rot10.jpg,train,flat foot,0.66229385,1,33.65752551,0.469301767,0.507114138
image_0308_png_jpg.rf.555b04b72ab27555ea780eb7327aac15_rot-15.jpg,train,flat foot,0.69227195,1,34.28730867,0.483698538,0.498064039
image_0371_png_jpg.rf.05671ebf59b2e0a6e66a9ca94a33f3a0_rot-10.jpg,train,flat foot,0.7051129,1,33.58577806,0.488863095,0.497443559
image_0119_png_jpg.rf.b269d1d9d0021aac49d1fc8a15f7fa58_rot-5.jpg,train,flat foot,0.6734818,1,33.27487245,0.473398521,0.500189974
image_0333_jpg.rf.9537c7dac0644b64680d61dbe63ed171_rot5.jpg,train,flat foot,0.6732559,1,33.27088648,0.479964049,0.505480766
image_0385_jpg.rf.ebc64d8b1babbfa5911f3c6fe8243568_rot10.jpg,train,flat foot,0.648008,1,32.35809949,0.4768403,0.515040649
image_0077_png_jpg.rf.d2eb959385bc1915f379fe60db13e070_rot10.jpg,train,flat foot,0.6821326,1,32.15481505,0.465510783,0.510950296
image_0060_png_jpg.rf.af74619b9a1ebcf57c7330b5bb0ca6d1_rot-10.jpg,train,flat foot,0.73177886,1,33.60570791,0.482860932,0.495984803
image_0386_jpg.rf.e83dea960cd9e2994fb57b36bb3b0fc2_rot10.jpg,train,flat foot,0.6403871,1,32.93606505,0.510473696,0.503485064
image_0666_png_jpg.rf.596c5fb0a9671a3b69a8a3a617358587_flip.jpg,train,flat foot,0.68921447,1,32.97791773,0.508256982,0.501135151
image_0262_jpg.rf.39f63655fb66b25cb7a6d93cdb68d7e8_rot-5.jpg,train,flat foot,0.62770534,1,32.62316645,0.516593485,0.50636079
image_0717_png_jpg.rf.e7c66f4eeca3887716d9e653cf0e01c8_rot10.jpg,train,flat foot,0.6373639,1,32.91414222,0.498220769,0.501542381
image_0717_png_jpg.rf.e7c66f4eeca3887716d9e653cf0e01c8.jpg,train,flat foot,0.6409752,1,32.36806441,0.498581648,0.501187411
image_0060_png_jpg.rf.af74619b9a1ebcf57c7330b5bb0ca6d1_rot-5.jpg,train,flat foot,0.7305811,1,33.21109694,0.482154218,0.497419458
image_0333_jpg.rf.e869149cef5126ef6a7ff480bfbc660e_rot-10.jpg,train,flat foot,0.6375997,1,32.08904656,0.542347794,0.498961148
image_0078_png_jpg.rf.3dd5591c974c6ce315e00ac24ccef161_rot-10.jpg,train,flat foot,0.7199007,1,33.60770089,0.478349716,0.494965965
image_0642_png_jpg.rf.a7d3910f2d9782cf674a03605ec2d75a_rot5.jpg,train,flat foot,0.662503,1,32.75071747,0.502863006,0.497729567
image_0155_jpg.rf.736a4db574419344cb398d9194c97387_rot-10.jpg,train,flat foot,0.6621697,1,32.58330676,0.456177573,0.4971621
image_0093_png_jpg.rf.d5133340f2da0bf8cad6d9f738913914_rot15.jpg,train,flat foot,0.69442344,1,34.29328763,0.471823106,0.511448092
image_0207_jpg.rf.f1e41bd164de78f3b646c1d67d5c3332_rot10.jpg,train,flat foot,0.6871132,1,33.64955357,0.469741089,0.509500414
image_0933_png_jpg.rf.b0546c68114cc2f01971f0a6935a6a5c_rot-15.jpg,train,flat foot,0.68049073,1,34.17370855,0.481123953,0.494830759
image_0250_jpg.rf.e05cb546a296bd74b654fb06ebbb2593_rot5.jpg,train,flat foot,0.6779978,1,32.67897003,0.478937551,0.50652668
image_0643_png_jpg.rf.e8c5c9949de5a9e7f8608fbc17c9148f_flip.jpg,train,flat foot,0.6967317,1,32.91812819,0.510001059,0.499530414
image_0317_jpg.rf.bffa0ae82da1b9447ad10ce77a904a11.jpg,train,flat foot,0.6711933,1,32.4477838,0.486826512,0.499116075
image_0097_png_jpg.rf.e071f128e821ee121b400909546d1e84.jpg,train,flat foot,0.6421236,1,33.00382653,0.47974716,0.502810109
image_0991_png_jpg.rf.4d66130654594d619dd146688b1d95a6_rot-10.jpg,train,flat foot,0.68807006,1,33.66749043,0.470147486,0.49889832
image_0101_png_jpg.rf.7ee096bf0e64d620a55752931a391947_flip.jpg,train,flat foot,0.7085656,1,33.01578444,0.503465214,0.498879788
image_0656_png_jpg.rf.3ecbcf76e291f0f3188e0e5889442102_rot5.jpg,train,flat foot,0.70575243,1,33.24099171,0.484650314,0.503778995
image_0368_jpg.rf.fc17d826be782c6ae798d4e5194fbf38_rot-5.jpg,train,flat foot,0.67141956,1,32.93606505,0.514402794,0.502622541
image_0406_jpg.rf.698b9b5bb67d181d17e24c01fa880839_rot-5.jpg,train,flat foot,0.6989279,1,33.20910395,0.485126995,0.499287527
image_0513_png_jpg.rf.03e4dc9c20ef5ddcc5c613183dc97e9d.jpg,train,flat foot,0.71257365,1,32.95798788,0.486799522,0.498819223
image_0716_png_jpg.rf.226ed41aa31b30acca2651ca5d2c3603_rot-15.jpg,train,flat foot,0.6786248,1,34.26339286,0.504934086,0.502553575
image_0097_png_jpg.rf.e071f128e821ee121b400909546d1e84_rot-5.jpg,train,flat foot,0.6375286,1,33.25095663,0.479922762,0.50106436
image_0286_jpg.rf.d969caee15eec57db07e6bc38139975c_rot5.jpg,train,flat foot,0.643421,1,32.53148916,0.515255882,0.499888605
image_0239_jpg.rf.4eabae146f710ed3275cc01380d50271_rot-5.jpg,train,flat foot,0.6634343,1,32.60722258,0.4866817,0.497278335
image_0913_png_jpg.rf.476a90d40db001d505c003e89890c32f_rot-5.jpg,train,flat foot,0.6719077,1,33.12938457,0.485681982,0.497559891
image_0610_png_jpg.rf.16d2039ab19ae33162d4955fabe6fdab.jpg,train,flat foot,0.6864311,1,31.93359375,0.471333106,0.50273274
image_0146_png_jpg.rf.c4c2cdaa131ffa126959a095e96fd10e_rot15.jpg,train,flat foot,0.7069944,1,34.25143495,0.487726,0.503617204
image_0939_png_jpg.rf.ce16d62e6511858db9317bf78aef3fb2_rot-15.jpg,train,flat foot,0.717516,1,34.22353316,0.487893356,0.496714414
image_0717_png_jpg.rf.e3273178260e73e2bdcd4920344737e7_rot10.jpg,train,flat foot,0.634442,1,32.92809311,0.497882201,0.50307651
image_0532_png_jpg.rf.6793458c5710ca26988ec9eaec853a26_flip.jpg,train,flat foot,0.6755193,1,32.18869579,0.515750657,0.506377614
image_0201_jpg.rf.a55d86b59da77c60cc263d352d90d95c_rot-10.jpg,train,flat foot,0.68027735,1,33.66948342,0.471595629,0.498918273
image_0912_png_jpg.rf.e0da1d0dbf2912fbf0587c6b193284e8_rot-10.jpg,train,flat foot,0.672289,1,33.14532844,0.482625387,0.502629786
image_0286_jpg.rf.d969caee15eec57db07e6bc38139975c_rot-15.jpg,train,flat foot,0.6446707,1,33.54392538,0.513863249,0.505591029
image_0371_jpg.rf.f3c870919d0db0ea3987606faff00aa9_rot15.jpg,train,flat foot,0.6995738,1,34.27335778,0.463563457,0.513653734
image_0025_png_jpg.rf.7b35ec8c84e3b06a9a68e1a0a689c40f_rot15.jpg,train,flat foot,0.65015715,1,33.70934311,0.481182257,0.510311145
image_0670_png_jpg.rf.5c1190b7871690c0c0d58683c2a41a49_rot10.jpg,train,flat foot,0.6070069,1,32.49760842,0.518655818,0.498427011
image_0155_png_jpg.rf.6850c8ba858f4288f9e9389ff11e2924_rot10.jpg,train,flat foot,0.6473311,1,32.7865912,0.497893439,0.505238232
image_0801_png_jpg.rf.dd1f113273435bdd02e0431b887de4f9_rot-15.jpg,train,flat foot,0.7079055,1,34.20161033,0.487738759,0.497707781
image_0846_png_jpg.rf.4582c59964d85db3862ae057477c4220_rot15.jpg,train,flat foot,0.6765822,1,33.00980548,0.511776538,0.493453745
image_0610_png_jpg.rf.16d2039ab19ae33162d4955fabe6fdab_rot5.jpg,train,flat foot,0.68027484,1,32.23852041,0.47151278,0.50524066
image_0223_jpg.rf.da84f99b48fb841f000a54d12ac96a3f_flip.jpg,train,flat foot,0.6955562,1,32.8125,0.506274003,0.49886402
image_0633_png_jpg.rf.f84d3aa13ccf301022d60117747b0114_rot10.jpg,train,flat foot,0.6764474,1,33.2549426,0.487325669,0.502466483
image_0020_png_jpg.rf.c5012f9f4d7ce1ee852db336fa869650_rot15.jpg,train,flat foot,0.6590719,1,33.66151148,0.496794623,0.501445074
image_0146_png_jpg.rf.c4c2cdaa131ffa126959a095e96fd10e_flip.jpg,train,flat foot,0.7112034,1,32.94403699,0.507923216,0.500233084
image_0286_jpg.rf.d71c29a357697a4698a225771dedf026_rot-5.jpg,train,flat foot,0.6718547,1,33.1772162,0.471867655,0.495448592
image_0239_jpg.rf.19392a222d5ee2ebf58f93ae41c88f73_flip.jpg,train,flat foot,0.65577173,1,31.87380421,0.51083046,0.496150263
image_0408_png_jpg.rf.c74a0e4591f709a24a5a6e3157bf4fc1_rot5.jpg,train,flat foot,0.6929781,1,33.2948023,0.481518255,0.502273677
image_0779_png_jpg.rf.25e80aa2658591c86b82e3604b129719_rot15.jpg,train,flat foot,0.6330775,1,34.18765944,0.474957722,0.504698618
image_0778_png_jpg.rf.68abf11711c2988f7a6509470fefc12d_rot-5.jpg,train,flat foot,0.5977816,1,31.76219707,0.469622177,0.50549584
image_0119_png_jpg.rf.157b42c0626aa987d0c690ab27270702.jpg,train,flat foot,0.66662484,1,32.47967156,0.478472549,0.503496108
image_0991_png_jpg.rf.4d66130654594d619dd146688b1d95a6.jpg,train,flat foot,0.694365,1,33.03571429,0.469411673,0.504128373
image_0125_png_jpg.rf.04bbcab45218e3dbe891c99aa3016a59_rot-5.jpg,train,flat foot,0.67562354,1,33.26889349,0.480177213,0.501678655
image_0362_png_jpg.rf.5fa5f97aff2b5eb3854b772619386bcc_rot-5.jpg,train,flat foot,0.6859111,1,33.27885842,0.475505229,0.500008886
image_0201_jpg.rf.a55d86b59da77c60cc263d352d90d95c_rot10.jpg,train,flat foot,0.6804448,1,33.67546237,0.471922163,0.508885707
image_0093_png_jpg.rf.06de61ad3c3aed4d73ef0f4e871ad10c_flip.jpg,train,flat foot,0.6733845,1,32.24449936,0.476006443,0.501299994
image_0264_jpg.rf.2933bd983d88f6b9b53a0304a78371b4_rot-10.jpg,train,flat foot,0.6612147,1,33.4761639,0.484103592,0.492341706
image_0239_jpg.rf.4eabae146f710ed3275cc01380d50271_flip.jpg,train,flat foot,0.6701745,1,32.35610651,0.509349101,0.498418384
image_0107_png_jpg.rf.da9c37ea0c8068576b1607e593dee4f8_rot-5.jpg,train,flat foot,0.6326126,1,32.34614158,0.480105136,0.503963579
image_0407_jpg.rf.9ab08d96ae70b08721d9b74f780ea037_rot-5.jpg,train,flat foot,0.6786794,1,33.28882334,0.473882891,0.500108043
image_0371_png_jpg.rf.641902bb2e0075963e12e94b0db19774_flip.jpg,train,flat foot,0.65600073,1,31.50510204,0.515403951,0.497686101
image_0611_png_jpg.rf.986c02197ede3edb5116562540b70100.jpg,train,flat foot,0.6940491,1,32.44977679,0.491294319,0.497202419
image_0590_png_jpg.rf.a385dae12028bc79945b79d27c11efdc_flip.jpg,train,flat foot,0.7012088,1,32.98588967,0.510523476,0.500574224
image_0410_png_jpg.rf.e76cc71515787a2c31f234468aec609a_rot5.jpg,train,flat foot,0.6187952,1,32.62715242,0.48978987,0.508466308
image_0250_jpg.rf.a59d4b731e4616d65663fcaaef77e6f1_rot5.jpg,train,flat foot,0.6850175,1,32.86830357,0.479904825,0.503600509
image_0160_png_jpg.rf.4b8d4cd46974d337e289e05a68702868_rot10.jpg,train,flat foot,0.6326265,1,33.04767219,0.509644478,0.497784205
image_0239_jpg.rf.4eabae146f710ed3275cc01380d50271.jpg,train,flat foot,0.6701351,1,32.35610651,0.486186485,0.498418236
image_0238_jpg.rf.3f2ddb9e9a01777684dccd4a6a62702c_rot15.jpg,train,flat foot,0.6552583,1,33.61567283,0.529561773,0.485074614
image_0102_png_jpg.rf.105c84e27b69c4cb9df5b2855b9770b9_rot-15.jpg,train,flat foot,0.6916337,1,33.72329401,0.482313789,0.494024766
image_0239_jpg.rf.2a6f53eda84d9889ce68a8d8ae96b798_rot-5.jpg,train,flat foot,0.68000156,1,33.16525829,0.481982309,0.499427051
image_0870_png_jpg.rf.b70be512a61fa9ae8d02d172f1988ee0_rot-5.jpg,train,flat foot,0.67225033,1,33.25294962,0.492870543,0.501110901
image_0609_png_jpg.rf.a7d14643a7e6ef80f96eb3d07c0c4a32.jpg,train,flat foot,0.6659403,1,32.87228954,0.481831697,0.499431495
image_0238_jpg.rf.0e7a90144f9b796b42ec24aae5364c12_flip.jpg,train,flat foot,0.671617,1,33.01179847,0.521612946,0.502965733
image_0020_png_jpg.rf.e0cae8307866f75ce21eb41bd7567781.jpg,train,flat foot,0.65793693,1,32.38600128,0.535492776,0.495487044
image_0016_png_jpg.rf.7ea51bb3981e92368b7efdfd13bb2394_rot-5.jpg,train,flat foot,0.6841168,1,33.19515306,0.487930709,0.499214709
image_0513_png_jpg.rf.113cb407e1ee7c0b8c9d7906e0823a1e_rot10.jpg,train,flat foot,0.696112,1,32.92410714,0.48180283,0.499145677
image_0223_jpg.rf.719276660705c9577d180f9e75db74dd_rot15.jpg,train,flat foot,0.698007,1,34.21755421,0.488209653,0.501944408
image_0984_png_jpg.rf.08cc50a2f7a6b7d1cc558ae3b5be99a1_rot-5.jpg,train,flat foot,0.6954271,1,33.21906888,0.490499396,0.497160814
image_0264_jpg.rf.2933bd983d88f6b9b53a0304a78371b4_rot-15.jpg,train,flat foot,0.6621076,1,34.13584184,0.484866549,0.491056543
image_0513_png_jpg.rf.03e4dc9c20ef5ddcc5c613183dc97e9d_rot-15.jpg,train,flat foot,0.70698756,1,34.26538584,0.488544438,0.495860155
image_0036_png_jpg.rf.1dcf6e6918d5575e529dfbac0a226141_rot10.jpg,train,flat foot,0.6105109,1,32.26841518,0.509707414,0.505933478
image_0220_jpg.rf.61bdd7e5d1877de7962ca857471a9e2b_rot15.jpg,train,flat foot,0.6869971,1,33.67944834,0.530898646,0.486597611
image_0385_jpg.rf.64ee9935a0e01ec84d23dbf2f7a1e276_rot-15.jpg,train,flat foot,0.67540765,1,33.88871173,0.467851651,0.494551848
image_0912_png_jpg.rf.e0da1d0dbf2912fbf0587c6b193284e8.jpg,train,flat foot,0.67655027,1,32.49760842,0.482613739,0.505678201
image_0323_jpg.rf.15865867b7471de94685fc267c948c42_rot-10.jpg,train,flat foot,0.578473,1,32.50956633,0.510834959,0.513306431
image_0362_png_jpg.rf.5fa5f97aff2b5eb3854b772619386bcc_rot15.jpg,train,flat foot,0.6876556,1,34.28930166,0.476752248,0.508455566
image_0801_png_jpg.rf.5daa2262db18ae590757501a9e85ccf7_rot10.jpg,train,flat foot,0.66443235,1,32.12691327,0.502877578,0.502082941
image_0658_png_jpg.rf.126034b4160b0bf4578129e2cf863c92_rot-10.jpg,train,flat foot,0.60923195,1,33.10347577,0.511931162,0.500873582
image_0020_png_jpg.rf.c5012f9f4d7ce1ee852db336fa869650_rot-10.jpg,train,flat foot,0.6576826,1,32.99585459,0.497811844,0.500144325
image_0913_png_jpg.rf.476a90d40db001d505c003e89890c32f_flip.jpg,train,flat foot,0.6775732,1,32.90617028,0.51030106,0.498797395
image_0108_png_jpg.rf.c7fe5cebeabcf1e87647a7623a5e75be_rot-15.jpg,train,flat foot,0.68784636,1,34.16573661,0.47024568,0.487879937
image_0025_png_jpg.rf.7b35ec8c84e3b06a9a68e1a0a689c40f_rot5.jpg,train,flat foot,0.6473993,1,32.67498406,0.479657276,0.506996177
image_0716_png_jpg.rf.56b06743a79878f1c766fa6e1da53e92_rot15.jpg,train,flat foot,0.6418352,1,33.1253986,0.474512623,0.508129262
image_0962_png_jpg.rf.841c2397f316a6b3a07e534d4bf39db8_rot15.jpg,train,flat foot,0.68803424,1,34.20360332,0.475739139,0.505179317
image_0911_png_jpg.rf.dba98d8d10dd8657ea6bab0a951cd00b_rot-5.jpg,train,flat foot,0.7048301,1,33.19913903,0.480473707,0.498724424
image_0221_jpg.rf.ad05cdb883c84d6431230713c6908d0a_rot10.jpg,train,flat foot,0.72400796,1,33.58179209,0.48215701,0.501275849
image_0317_jpg.rf.073a6f536089d354adc2cd71fcd82e58_rot10.jpg,train,flat foot,0.6575337,1,33.07955995,0.52744036,0.494690706
image_0801_png_jpg.rf.dd1f113273435bdd02e0431b887de4f9_rot5.jpg,train,flat foot,0.7074912,1,33.17920918,0.486497999,0.502110992
image_0666_png_jpg.rf.4ed75a486b69ad1efd892a17cfb0dd30_rot10.jpg,train,flat foot,0.65835565,1,32.63512436,0.520126242,0.488287699
image_0911_png_jpg.rf.dba98d8d10dd8657ea6bab0a951cd00b_rot-15.jpg,train,flat foot,0.70671713,1,34.22353316,0.481989222,0.495683627
image_0481_png_jpg.rf.66aa34e0a9a7382207aa628649797f20_flip.jpg,train,flat foot,0.6144756,1,32.21261161,0.512436398,0.498297917
image_0155_jpg.rf.d5491159bdd30a5aaec2a8f0c98fe3fa_rot-15.jpg,train,flat foot,0.6876723,1,34.0880102,0.478694507,0.49965951
image_0207_jpg.rf.f1e41bd164de78f3b646c1d67d5c3332_rot-10.jpg,train,flat foot,0.68669516,1,33.6455676,0.469288652,0.498750392
image_0025_png_jpg.rf.8e5550eaed2e7db6bb64404432da3bfe_rot-15.jpg,train,flat foot,0.65982604,1,34.27535077,0.484871941,0.501157529
image_0311_png_jpg.rf.e6d9edd0fc95ebe120f89a68e70c6b5e_rot10.jpg,train,flat foot,0.68663186,1,33.51004464,0.478486727,0.502355098
image_0323_jpg.rf.15865867b7471de94685fc267c948c42.jpg,train,flat foot,0.5819159,1,31.87779018,0.512146212,0.511293768
image_0262_jpg.rf.73cbcdc09910dd032921df72dd548466_rot-15.jpg,train,flat foot,0.62790436,1,33.55189732,0.485887358,0.49956787
image_0481_png_jpg.rf.3d6a11bf36a03dcfa8df76a4f5470e59_rot5.jpg,train,flat foot,0.6021444,1,32.71484375,0.496573959,0.50590417
image_0250_jpg.rf.de0b7c9e9caa9158dd67541ede50420d_rot-10.jpg,train,flat foot,0.68954295,1,33.64955357,0.481455146,0.500523383
image_0159_png_jpg.rf.c9156059bcc9617e24dcf71b25916b50_rot5.jpg,train,flat foot,0.64473367,1,33.03970026,0.488421163,0.504073457
image_0159_png_jpg.rf.c9156059bcc9617e24dcf71b25916b50_rot-5.jpg,train,flat foot,0.64497554,1,33.04368622,0.488412746,0.502044574
image_0411_png_jpg.rf.5e1527a361e1cb53ccff3bd1d58dc4e5_rot-10.jpg,train,flat foot,0.6569943,1,32.54544005,0.497936412,0.496667183
image_0221_jpg.rf.ad05cdb883c84d6431230713c6908d0a_rot5.jpg,train,flat foot,0.7253223,1,33.20113202,0.482173464,0.499647639
image_0513_png_jpg.rf.113cb407e1ee7c0b8c9d7906e0823a1e_flip.jpg,train,flat foot,0.6985719,1,32.44579082,0.513069898,0.495886015
image_0156_jpg.rf.e11e8bf7ec559d3664c0d8e357005c1e_rot10.jpg,train,flat foot,0.7272851,1,33.60570791,0.480644278,0.50270163
image_0933_png_jpg.rf.6603110552eb9d03dab90ce18af9e284_rot-5.jpg,train,flat foot,0.64234644,1,32.03324298,0.484399236,0.494761016
image_0250_jpg.rf.a59d4b731e4616d65663fcaaef77e6f1_flip.jpg,train,flat foot,0.6906191,1,32.59725765,0.515693776,0.501835228
image_0119_png_jpg.rf.5973e40753009e8dfe5c6221bd3a5f66_rot10.jpg,train,flat foot,0.63987416,1,32.35212054,0.488043875,0.510665845
image_0060_png_jpg.rf.282104804868eedc5ce2aeb8c69103e7.jpg,train,flat foot,0.7154525,1,32.20264668,0.478544245,0.496678346
image_0939_png_jpg.rf.ce16d62e6511858db9317bf78aef3fb2_rot-10.jpg,train,flat foot,0.71700585,1,33.58179209,0.487240391,0.497656079
image_0155_png_jpg.rf.6850c8ba858f4288f9e9389ff11e2924.jpg,train,flat foot,0.6469883,1,32.34215561,0.497551947,0.504840338
image_0125_png_jpg.rf.04bbcab45218e3dbe891c99aa3016a59.jpg,train,flat foot,0.6815442,1,32.98389668,0.480067485,0.503406861
image_0317_jpg.rf.073a6f536089d354adc2cd71fcd82e58_rot15.jpg,train,flat foot,0.6593459,1,33.73923788,0.527001779,0.492265645
image_0167_jpg.rf.618983980ecce37cc554386322c16128_rot15.jpg,train,flat foot,0.6647905,1,34.31321747,0.470290393,0.50973568
image_0369_jpg.rf.8c7cb8b7ecdd929dac3f074b9beeaaf2_rot-15.jpg,train,flat foot,0.654803,1,34.25542092,0.481167702,0.500702709
image_0333_jpg.rf.391326a43463395423a33a89aaa2101c_rot-15.jpg,train,flat foot,0.6441532,1,32.95001594,0.505168687,0.505776232
image_0634_png_jpg.rf.c1cc5098bd0bb16b6f45c2d2cf9589ef_rot-5.jpg,train,flat foot,0.64749247,1,33.24697066,0.473101708,0.499960567
image_0108_png_jpg.rf.d96ac8ec2bc35e481e5f464ed8177dd6_rot15.jpg,train,flat foot,0.67333215,1,33.26291454,0.461248199,0.506808533
image_0496_png_jpg.rf.2d1b3a0184ef480ba9023dfb2bd0ef7b_rot5.jpg,train,flat foot,0.6571354,1,31.84789541,0.483845852,0.502368977
image_0317_jpg.rf.073a6f536089d354adc2cd71fcd82e58.jpg,train,flat foot,0.66449285,1,32.39198023,0.527148587,0.499944402
image_0717_png_jpg.rf.e7c66f4eeca3887716d9e653cf0e01c8_rot5.jpg,train,flat foot,0.6377778,1,32.54344707,0.498406489,0.50133714
image_0119_png_jpg.rf.157b42c0626aa987d0c690ab27270702_rot-15.jpg,train,flat foot,0.66344494,1,33.74720982,0.479767324,0.498135539
image_0670_png_jpg.rf.5c1190b7871690c0c0d58683c2a41a49_rot-5.jpg,train,flat foot,0.60724163,1,32.04320791,0.517065804,0.503965561
image_0368_jpg.rf.beeb5d80a970e2d99f1d11b4e2b5e35f.jpg,train,flat foot,0.64896595,1,31.82198661,0.498251854,0.503233916
image_0368_jpg.rf.fc17d826be782c6ae798d4e5194fbf38_rot10.jpg,train,flat foot,0.66991204,1,33.34263393,0.515570247,0.497955194
image_0309_png_jpg.rf.62f154d582d14a992504011f4a17f6a2_rot5.jpg,train,flat foot,0.6890225,1,33.12938457,0.486274886,0.501138433
image_0911_png_jpg.rf.ff4f5de1f88c002032ac355c750205df_rot10.jpg,train,flat foot,0.6771518,1,32.47169962,0.468282564,0.506055334
image_0262_jpg.rf.2b5a7d13606cdf6a1dfbc6f1524c5396_rot10.jpg,train,flat foot,0.6424089,1,33.53794643,0.473288851,0.503275274
image_0205_png_jpg.rf.a8b97f4fb146a71b7ddf8d1ca5527248_flip.jpg,train,flat foot,0.65966415,1,32.97991071,0.498426192,0.503846533
image_0317_jpg.rf.63b1f20861f4827caf3ffc0c3b15672a_rot-5.jpg,train,flat foot,0.6823915,1,33.24099171,0.487859733,0.500257274
image_0077_png_jpg.rf.677c12f3c9a4ce3491825c6916373448_rot-10.jpg,train,flat foot,0.69812334,1,33.69339923,0.463314837,0.497900791
image_0059_png_jpg.rf.77e79d736facdaae127f44688c340ccd_rot10.jpg,train,flat foot,0.67422736,1,33.18917411,0.469707498,0.510987263
image_0609_png_jpg.rf.a7d14643a7e6ef80f96eb3d07c0c4a32_rot5.jpg,train,flat foot,0.66298795,1,33.10746173,0.481662344,0.501054188
image_0988_png_jpg.rf.eba4ecb178ef50eac681098c22a2c00a_flip.jpg,train,flat foot,0.6711339,1,32.24250638,0.505272007,0.495949529
image_0250_jpg.rf.a59d4b731e4616d65663fcaaef77e6f1_rot-5.jpg,train,flat foot,0.68508524,1,32.85036671,0.480077895,0.500101943
image_0368_jpg.rf.67b263c447bbe815827d068dbea363fc_rot10.jpg,train,flat foot,0.6788956,1,33.49808673,0.481120905,0.503523088
image_0778_png_jpg.rf.b999c8f4a1c149336efb5438e26213ce_rot-15.jpg,train,flat foot,0.63453287,1,34.29528061,0.472715512,0.497814325
image_0333_jpg.rf.e869149cef5126ef6a7ff480bfbc660e_rot15.jpg,train,flat foot,0.63032216,1,32.39795918,0.551371475,0.47418933
image_0666_png_jpg.rf.4ed75a486b69ad1efd892a17cfb0dd30_rot-15.jpg,train,flat foot,0.6627632,1,33.08155293,0.520275571,0.497970162
image_0933_png_jpg.rf.6dc51ea56c0da80d58c6684a8ce35810_rot-10.jpg,train,flat foot,0.6567107,1,32.91015625,0.4915808,0.49891166
image_0658_png_jpg.rf.973ca402fd0726592d108c0a7242f93d_rot5.jpg,train,flat foot,0.62517697,1,33.25892857,0.476222751,0.507029927
image_0481_png_jpg.rf.3d6a11bf36a03dcfa8df76a4f5470e59_rot-10.jpg,train,flat foot,0.6080318,1,33.11344069,0.497372369,0.505111242
image_0205_png_jpg.rf.a8b97f4fb146a71b7ddf8d1ca5527248_rot15.jpg,train,flat foot,0.65764296,1,34.25143495,0.497354848,0.50461615
image_0911_png_jpg.rf.ff4f5de1f88c002032ac355c750205df_rot-5.jpg,train,flat foot,0.6768581,1,32.09103954,0.468141631,0.497644295
image_0160_png_jpg.rf.4b8d4cd46974d337e289e05a68702868_rot-10.jpg,train,flat foot,0.63483495,1,33.04767219,0.51087544,0.501405263
image_0362_png_jpg.rf.b1338548dbef234015f3a4d650c7eb82_rot10.jpg,train,flat foot,0.68306243,1,33.54591837,0.478342455,0.506681182
image_0108_png_jpg.rf.d96ac8ec2bc35e481e5f464ed8177dd6_flip.jpg,train,flat foot,0.67497987,1,31.99139031,0.535502615,0.496282445
image_0264_jpg.rf.2933bd983d88f6b9b53a0304a78371b4.jpg,train,flat foot,0.6634611,1,32.87428253,0.482273362,0.495089811
image_0991_png_jpg.rf.52d4ad6d27640a04f1bae06d11b504da.jpg,train,flat foot,0.68604547,1,32.26642219,0.469667499,0.507166598
image_0411_png_jpg.rf.5e1527a361e1cb53ccff3bd1d58dc4e5_rot15.jpg,train,flat foot,0.6582789,1,33.19714605,0.495460877,0.498325979
image_0223_jpg.rf.719276660705c9577d180f9e75db74dd_rot5.jpg,train,flat foot,0.69630885,1,33.18319515,0.488262544,0.49971521
image_0124_png_jpg.rf.47238144721bf6db3e3b5daa5173efa3_rot-10.jpg,train,flat foot,0.68251425,1,32.77064732,0.528657418,0.50168295
image_0779_png_jpg.rf.a871cdfc8ff7692f4df6aa5f129d6f00_rot-10.jpg,train,flat foot,0.6175108,1,33.10148278,0.531383033,0.504634343
image_0309_png_jpg.rf.62f154d582d14a992504011f4a17f6a2_rot15.jpg,train,flat foot,0.6903651,1,34.16175064,0.486544801,0.503632474
image_0223_jpg.rf.4d58d3aab7c8c9590e23db2d04645872_rot5.jpg,train,flat foot,0.6737017,1,32.12492028,0.509461674,0.500431323
image_0513_png_jpg.rf.113cb407e1ee7c0b8c9d7906e0823a1e_rot5.jpg,train,flat foot,0.69525254,1,32.5394611,0.482005017,0.497467032
image_0156_jpg.rf.e11e8bf7ec559d3664c0d8e357005c1e_rot-10.jpg,train,flat foot,0.72775024,1,33.61567283,0.481816211,0.496082533
image_0261_jpg.rf.6d3bf2996e90c4301a46d100c9d67de7_rot-10.jpg,train,flat foot,0.66590065,1,33.64756059,0.468702384,0.496483229
image_0371_png_jpg.rf.641902bb2e0075963e12e94b0db19774_rot5.jpg,train,flat foot,0.6529077,1,31.65856186,0.480116207,0.499483757
image_0119_png_jpg.rf.5973e40753009e8dfe5c6221bd3a5f66_rot-5.jpg,train,flat foot,0.63884246,1,31.98341837,0.486369097,0.507361816
image_0633_png_jpg.rf.3332deafa84e83fc10859bee032b08bd_rot-15.jpg,train,flat foot,0.6542956,1,33.54392538,0.513244901,0.50787829
image_0406_jpg.rf.698b9b5bb67d181d17e24c01fa880839_rot15.jpg,train,flat foot,0.7007783,1,34.24147003,0.485239092,0.504624627
image_0488_png_jpg.rf.915410e01865dd6ddddd1f29bb16567a_rot-5.jpg,train,flat foot,0.68296266,1,32.73278061,0.481760786,0.502180185
image_0488_png_jpg.rf.915410e01865dd6ddddd1f29bb16567a_rot5.jpg,train,flat foot,0.6841698,1,32.73078763,0.481916235,0.505359307
image_0333_jpg.rf.e869149cef5126ef6a7ff480bfbc660e_rot-15.jpg,train,flat foot,0.6391491,1,32.71285077,0.541365181,0.502590505
image_0369_jpg.rf.8c7cb8b7ecdd929dac3f074b9beeaaf2.jpg,train,flat foot,0.65643525,1,33.01379145,0.480568669,0.505713959
image_0643_png_jpg.rf.e8c5c9949de5a9e7f8608fbc17c9148f_rot-15.jpg,train,flat foot,0.6927324,1,34.22353316,0.487155684,0.496176154
image_0333_jpg.rf.9537c7dac0644b64680d61dbe63ed171_rot-15.jpg,train,flat foot,0.6756404,1,34.2972736,0.480818677,0.498643953
image_0036_png_jpg.rf.f85e823bcff37f77f15c8b2bed3c8593_rot-15.jpg,train,flat foot,0.63428646,1,34.04017857,0.497923611,0.492778589
image_0261_jpg.rf.6d3bf2996e90c4301a46d100c9d67de7_flip.jpg,train,flat foot,0.67158014,1,33.02375638,0.52801165,0.501969796
image_0238_jpg.rf.3f2ddb9e9a01777684dccd4a6a62702c_rot5.jpg,train,flat foot,0.65307736,1,32.50358737,0.531560696,0.490347753
image_0278_jpg.rf.7aeb0cbde7c6d6c38aea7508c2a34b2d_flip.jpg,train,flat foot,0.6717128,1,32.9819037,0.525527036,0.497774322
image_0036_png_jpg.rf.f85e823bcff37f77f15c8b2bed3c8593_rot15.jpg,train,flat foot,0.6338729,1,34.04815051,0.493331228,0.495181035
image_0488_png_jpg.rf.07215aed252fc97a81ba6d1e6ec38d87_rot5.jpg,train,flat foot,0.70190096,1,33.26690051,0.488907392,0.503147347
image_0498_png_jpg.rf.ae2f045c4e0554796ce1a1495ebd0dab.jpg,train,flat foot,0.7186429,1,33.03571429,0.486217571,0.502564528
image_0160_png_jpg.rf.390e99f54b1815a21354b164f8df1c80_rot15.jpg,train,flat foot,0.65968984,1,34.21954719,0.49386993,0.502290598
image_0486_png_jpg.rf.2be259bd22bd0bd397dcd175e5cea54d_rot-5.jpg,train,flat foot,0.6120556,1,32.15282207,0.462029833,0.504681226
image_0118_png_jpg.rf.f322a21716ccad634027968e56e27001.jpg,train,flat foot,0.66481596,1,32.20862564,0.516859791,0.497063546
image_0223_jpg.rf.719276660705c9577d180f9e75db74dd_flip.jpg,train,flat foot,0.701636,1,32.92610013,0.506993259,0.498672603
image_0643_png_jpg.rf.907f4d9cf0078527b4c1b88d76d935cf_rot-10.jpg,train,flat foot,0.68838626,1,33.40840242,0.485413938,0.495683063
image_0239_jpg.rf.4eabae146f710ed3275cc01380d50271_rot10.jpg,train,flat foot,0.6639833,1,32.97791773,0.485808646,0.500983747
image_0119_png_jpg.rf.b269d1d9d0021aac49d1fc8a15f7fa58_rot15.jpg,train,flat foot,0.6767123,1,34.29328763,0.474836443,0.509328293
image_0262_jpg.rf.2b5a7d13606cdf6a1dfbc6f1524c5396_flip.jpg,train,flat foot,0.6464006,1,32.95001594,0.522344117,0.49851152
image_0634_png_jpg.rf.c1cc5098bd0bb16b6f45c2d2cf9589ef_rot5.jpg,train,flat foot,0.6478118,1,33.23501276,0.472978213,0.50467642
image_0658_png_jpg.rf.973ca402fd0726592d108c0a7242f93d_flip.jpg,train,flat foot,0.63001746,1,33.02574936,0.519659261,0.504949762
image_0108_png_jpg.rf.d96ac8ec2bc35e481e5f464ed8177dd6_rot10.jpg,train,flat foot,0.6708424,1,32.59925064,0.460194421,0.503357621
image_0093_png_jpg.rf.06de61ad3c3aed4d73ef0f4e871ad10c_rot15.jpg,train,flat foot,0.6700661,1,33.53993941,0.520467688,0.495331662
image_0138_png_jpg.rf.dd0b343198587c3d85dd579157dfeb53_rot-15.jpg,train,flat foot,0.7400326,1,34.35108418,0.476298346,0.49518525
image_0324_jpg.rf.8bd2173d18b1fa2f96dd962d3d738125.jpg,train,flat foot,0.6317426,1,32.89221939,0.482968409,0.497971241
image_0118_png_jpg.rf.dd0bab89e1155e72ab0d46c591b17c0a.jpg,train,flat foot,0.70074266,1,32.90218431,0.472655783,0.499098539
image_0310_png_jpg.rf.e1d7c62c4cade71d0b3dd60b4e135417.jpg,train,flat foot,0.70282584,1,32.99585459,0.469085926,0.505092987
image_0207_jpg.rf.f1e41bd164de78f3b646c1d67d5c3332_rot-15.jpg,train,flat foot,0.6885102,1,34.29926658,0.470350199,0.496251407
image_0980_png_jpg.rf.1f877b20f444cd18f43b382caf243da7.jpg,train,flat foot,0.6990136,1,32.9559949,0.484149551,0.498202575
image_0933_png_jpg.rf.b0546c68114cc2f01971f0a6935a6a5c.jpg,train,flat foot,0.6822433,1,32.88026148,0.478978389,0.499790964
image_0138_png_jpg.rf.7983c325bee0b55eb8268471ec44fb59_rot15.jpg,train,flat foot,0.72936815,1,33.99035395,0.530560122,0.487341268
image_0102_png_jpg.rf.3577c2c8ff226b7f6283c77b2077f834_rot15.jpg,train,flat foot,0.7019903,1,33.98238202,0.485224971,0.505900532
image_0532_png_jpg.rf.72599ac8edac64eb9b0a2615c3f2b085_rot-5.jpg,train,flat foot,0.6703492,1,32.51953125,0.510419057,0.494334304
image_0227_png_jpg.rf.3d7afae8f0ead42b2c964d11d891d939_rot5.jpg,train,flat foot,0.64544916,1,33.25693559,0.469309578,0.505014061
image_0160_png_jpg.rf.3fef41e24025d31f0dbe77080db5d1c3_rot-10.jpg,train,flat foot,0.641234,1,32.77463329,0.49748736,0.502725875
image_0980_png_jpg.rf.1f877b20f444cd18f43b382caf243da7_rot10.jpg,train,flat foot,0.69242245,1,33.58777105,0.483823624,0.501108964
image_0379_png_jpg.rf.e7dc11a0435a467533a1c10b8e18fe51_rot-15.jpg,train,flat foot,0.6627406,1,34.15776467,0.475935789,0.491048888
image_0250_jpg.rf.a59d4b731e4616d65663fcaaef77e6f1_rot-15.jpg,train,flat foot,0.68510646,1,33.91462054,0.481416756,0.496934966
image_0220_jpg.rf.61bdd7e5d1877de7962ca857471a9e2b_rot-5.jpg,train,flat foot,0.6885084,1,32.82047194,0.527687492,0.499165112
image_0323_jpg.rf.e5b8b09605d0c4ba523e4556a42b3551_rot-10.jpg,train,flat foot,0.61730504,1,33.61367985,0.486654615,0.502779421
image_0220_jpg.rf.61bdd7e5d1877de7962ca857471a9e2b_rot-10.jpg,train,flat foot,0.68609273,1,33.23102679,0.526967382,0.501655688
image_0323_jpg.rf.15865867b7471de94685fc267c948c42_rot10.jpg,train,flat foot,0.57809865,1,32.49760842,0.512866073,0.508998087
image_0118_png_jpg.rf.dd0bab89e1155e72ab0d46c591b17c0a_flip.jpg,train,flat foot,0.70074266,1,32.90218431,0.522880013,0.499098061
image_0159_png_jpg.rf.0a84b381c641c5c482365c58f7d5690a_rot10.jpg,train,flat foot,0.6465785,1,33.63560268,0.488479928,0.504019798
image_0239_jpg.rf.19392a222d5ee2ebf58f93ae41c88f73.jpg,train,flat foot,0.6557324,1,31.87380421,0.484703288,0.496150334
image_0309_png_jpg.rf.62f154d582d14a992504011f4a17f6a2.jpg,train,flat foot,0.69295317,1,32.87627551,0.486412966,0.499921426
image_0386_jpg.rf.dfab0f23cb9be3afe9dfe7b46d650190_rot15.jpg,train,flat foot,0.66472226,1,34.15776467,0.475294286,0.505256882
image_0496_png_jpg.rf.2d1b3a0184ef480ba9023dfb2bd0ef7b_rot15.jpg,train,flat foot,0.6533683,1,32.71484375,0.479403252,0.507731455
image_0911_png_jpg.rf.ff4f5de1f88c002032ac355c750205df_rot15.jpg,train,flat foot,0.68073493,1,33.10347577,0.469346768,0.508735241
image_0250_jpg.rf.de0b7c9e9caa9158dd67541ede50420d_rot-15.jpg,train,flat foot,0.6912098,1,34.2972736,0.482032937,0.499013975
image_0410_png_jpg.rf.f680676abeec0f87c2e4d142683fc308_rot5.jpg,train,flat foot,0.635564,1,33.25095663,0.479197147,0.505222407
image_0513_png_jpg.rf.113cb407e1ee7c0b8c9d7906e0823a1e_rot-10.jpg,train,flat foot,0.69692504,1,32.99386161,0.484153744,0.493154427
image_0369_jpg.rf.2ecf5b54ab39719506ab1974cd4c6c69_rot15.jpg,train,flat foot,0.648363,1,34.11790497,0.515276231,0.490506214
image_0160_png_jpg.rf.4b8d4cd46974d337e289e05a68702868_rot-15.jpg,train,flat foot,0.6367658,1,33.7113361,0.510561842,0.50237684
image_0778_png_jpg.rf.b999c8f4a1c149336efb5438e26213ce_rot15.jpg,train,flat foot,0.6342364,1,34.29328763,0.473466958,0.512297521
image_0488_png_jpg.rf.07215aed252fc97a81ba6d1e6ec38d87_flip.jpg,train,flat foot,0.70768404,1,33.01777742,0.506657357,0.502174726
image_0590_png_jpg.rf.dcd6007baf0661086de5f5a193ddd407_rot-5.jpg,train,flat foot,0.6788148,1,32.21659758,0.479203143,0.493947792
image_0363_png_jpg.rf.0aef0ee219a3d23afe3b52765835ffb7_rot10.jpg,train,flat foot,0.6690024,1,33.44427615,0.476554761,0.503574438
image_0119_png_jpg.rf.157b42c0626aa987d0c690ab27270702_flip.jpg,train,flat foot,0.66666174,1,32.47967156,0.517063398,0.503496392
image_0020_png_jpg.rf.e0cae8307866f75ce21eb41bd7567781_rot-15.jpg,train,flat foot,0.6575936,1,33.50805166,0.533672854,0.504978537
image_0410_png_jpg.rf.f680676abeec0f87c2e4d142683fc308_flip.jpg,train,flat foot,0.6404745,1,33.02574936,0.516565034,0.503395348
image_0262_jpg.rf.39f63655fb66b25cb7a6d93cdb68d7e8_rot15.jpg,train,flat foot,0.63044626,1,33.77710459,0.519316994,0.498906886
image_0156_jpg.rf.e11e8bf7ec559d3664c0d8e357005c1e.jpg,train,flat foot,0.73438674,1,32.95001594,0.480678754,0.499243773
image_0513_png_jpg.rf.03e4dc9c20ef5ddcc5c613183dc97e9d_rot5.jpg,train,flat foot,0.7068403,1,33.23301977,0.486559653,0.500011445
image_0912_png_jpg.rf.e0da1d0dbf2912fbf0587c6b193284e8_rot-15.jpg,train,flat foot,0.6738094,1,33.79703444,0.483028179,0.501173399
image_0481_png_jpg.rf.3d6a11bf36a03dcfa8df76a4f5470e59_flip.jpg,train,flat foot,0.6085878,1,32.55939094,0.49842593,0.505571841
image_0064_png_jpg.rf.38e5999f491d310cf152258d6d575bce_rot-10.jpg,train,flat foot,0.7057721,1,33.62165179,0.480134635,0.497051596
image_0077_png_jpg.rf.d2eb959385bc1915f379fe60db13e070_rot-15.jpg,train,flat foot,0.6838296,1,32.82445791,0.466109766,0.495817779
image_0363_png_jpg.rf.0aef0ee219a3d23afe3b52765835ffb7_rot15.jpg,train,flat foot,0.6711737,1,34.09598214,0.477162711,0.505620837
image_0369_jpg.rf.2ecf5b54ab39719506ab1974cd4c6c69_rot-5.jpg,train,flat foot,0.6472792,1,33.07756696,0.516364708,0.496703009
image_0912_png_jpg.rf.5b5ef747ad9042cacdf0c8b85cc2fae1_rot-15.jpg,train,flat foot,0.6503315,1,33.26690051,0.525600679,0.506825064
image_0385_jpg.rf.ebc64d8b1babbfa5911f3c6fe8243568_flip.jpg,train,flat foot,0.65067154,1,31.86782526,0.520786829,0.510951823
image_0333_jpg.rf.391326a43463395423a33a89aaa2101c_rot15.jpg,train,flat foot,0.648253,1,32.95798788,0.502407953,0.503041794
image_0124_png_jpg.rf.6cdc3394c701e74f5b3880f90aeb64ee_rot-5.jpg,train,flat foot,0.6841621,1,32.48764349,0.476944254,0.497277107
image_0991_png_jpg.rf.29a8f40cbfa963b402960d860b19c9f6_rot-10.jpg,train,flat foot,0.6759469,1,33.06560906,0.465124176,0.499098982
image_0411_png_jpg.rf.5e1527a361e1cb53ccff3bd1d58dc4e5_rot10.jpg,train,flat foot,0.6570033,1,32.53348214,0.495903647,0.497747304
image_0041_png_jpg.rf.083592ee818f3ab9dfc81d66f7c24483_rot5.jpg,train,flat foot,0.6934977,1,32.58529974,0.527522261,0.494100291
image_0621_png_jpg.rf.3c21fc9c9fe4d20a6f8a7d2b1b871896_rot5.jpg,train,flat foot,0.66455877,1,33.20711097,0.475458461,0.502298452
image_0642_png_jpg.rf.a7d3910f2d9782cf674a03605ec2d75a.jpg,train,flat foot,0.6659321,1,32.66103316,0.503341687,0.498167394
image_0155_png_jpg.rf.01cc07f2e1129a36bc6b975730f9a4a7.jpg,train,flat foot,0.672646,1,33.00382653,0.481831953,0.501058106
image_0672_png_jpg.rf.317c611ecdd937032e31e0542dc984f5_rot-5.jpg,train,flat foot,0.6777003,1,33.27487245,0.484729456,0.499755433
image_0913_png_jpg.rf.9c45644eaf7b224789924e9b0d9fbfc7_flip.jpg,train,flat foot,0.6662689,1,32.29830995,0.504589838,0.501702657
image_0371_jpg.rf.f3c870919d0db0ea3987606faff00aa9_rot10.jpg,train,flat foot,0.6970955,1,33.61766582,0.462429348,0.510395547
image_0022_png_jpg.rf.2eca01dab6182325584c92604608e979.jpg,train,flat foot,0.67161894,1,32.87826849,0.483689817,0.496093592
image_0167_jpg.rf.618983980ecce37cc554386322c16128.jpg,train,flat foot,0.6679191,1,33.03571429,0.468553497,0.501665421
image_0020_png_jpg.rf.e0cae8307866f75ce21eb41bd7567781_rot-5.jpg,train,flat foot,0.65609914,1,32.56736288,0.534509845,0.498879222
image_0672_png_jpg.rf.317c611ecdd937032e31e0542dc984f5_rot5.jpg,train,flat foot,0.67824876,1,33.27287946,0.48443035,0.502446618
image_0991_png_jpg.rf.52d4ad6d27640a04f1bae06d11b504da_flip.jpg,train,flat foot,0.6860425,1,32.26642219,0.52586813,0.507166866
image_0362_png_jpg.rf.5fa5f97aff2b5eb3854b772619386bcc_rot5.jpg,train,flat foot,0.6872917,1,33.26690051,0.475384811,0.504305158
image_0408_png_jpg.rf.c74a0e4591f709a24a5a6e3157bf4fc1_rot-10.jpg,train,flat foot,0.6917147,1,33.68144133,0.48245367,0.497589538
image_0167_jpg.rf.508f9d23208ce4967cad2ec64c313320_rot10.jpg,train,flat foot,0.6418471,1,33.10945472,0.451115701,0.506608798
image_0093_png_jpg.rf.06de61ad3c3aed4d73ef0f4e871ad10c_rot5.jpg,train,flat foot,0.6685246,1,32.46173469,0.520438385,0.49920952
image_0317_jpg.rf.bffa0ae82da1b9447ad10ce77a904a11_rot-10.jpg,train,flat foot,0.6642759,1,33.11344069,0.487837156,0.49701816
image_0166_jpg.rf.b2abebae8ed18068a643ba6da5c2bdb3_rot-10.jpg,train,flat foot,0.6875869,1,33.58976403,0.475172094,0.494548403
image_0371_png_jpg.rf.05671ebf59b2e0a6e66a9ca94a33f3a0.jpg,train,flat foot,0.7108777,1,32.92012117,0.487965237,0.499357859
image_0166_jpg.rf.b2abebae8ed18068a643ba6da5c2bdb3_flip.jpg,train,flat foot,0.6931424,1,32.93606505,0.52181273,0.498882455
image_0331_png_jpg.rf.7609e40cd13e1e1fe3a448ab88dba06d_rot5.jpg,train,flat foot,0.7150089,1,33.21707589,0.481596881,0.500219139
image_0016_png_jpg.rf.7ea51bb3981e92368b7efdfd13bb2394_rot-15.jpg,train,flat foot,0.68641293,1,34.22353316,0.488988809,0.497405745
image_0633_png_jpg.rf.3332deafa84e83fc10859bee032b08bd_rot-10.jpg,train,flat foot,0.65520614,1,32.96197385,0.510033409,0.505340616
image_0532_png_jpg.rf.6793458c5710ca26988ec9eaec853a26_rot-15.jpg,train,flat foot,0.67187625,1,33.48413584,0.480301546,0.501142305
image_0172_jpg.rf.8f1879f7f074f31489b00ecc5076dacf_rot-5.jpg,train,flat foot,0.69365656,1,33.20711097,0.48299933,0.498524217
image_0368_jpg.rf.67b263c447bbe815827d068dbea363fc_rot5.jpg,train,flat foot,0.67872906,1,33.12938457,0.480938068,0.501824618
image_0670_png_jpg.rf.5c1190b7871690c0c0d58683c2a41a49_rot15.jpg,train,flat foot,0.61037886,1,33.16326531,0.518757902,0.496594532
image_0779_png_jpg.rf.25e80aa2658591c86b82e3604b129719_rot-10.jpg,train,flat foot,0.6308695,1,33.53794643,0.476089109,0.493693318
image_0207_jpg.rf.f1e41bd164de78f3b646c1d67d5c3332_flip.jpg,train,flat foot,0.6932038,1,33.01179847,0.526988883,0.504141217
image_0159_png_jpg.rf.da380808d0203aa8dabf1d9a7baf9e75_rot10.jpg,train,flat foot,0.6312953,1,32.81847895,0.50151631,0.502037603
image_0870_png_jpg.rf.bc43b4e95b949e8919b248d6a943cfbd_rot5.jpg,train,flat foot,0.6511858,1,32.23054847,0.501356438,0.497938808
image_0078_png_jpg.rf.37f1bc598070945514a07b81b7797504_flip.jpg,train,flat foot,0.70547944,1,32.40991709,0.52969422,0.502180885
image_0097_png_jpg.rf.e071f128e821ee121b400909546d1e84_flip.jpg,train,flat foot,0.6421225,1,33.00382653,0.515788057,0.502810461
image_0779_png_jpg.rf.a871cdfc8ff7692f4df6aa5f129d6f00_rot-5.jpg,train,flat foot,0.6153879,1,32.73875957,0.532054329,0.501843926
image_0317_jpg.rf.bffa0ae82da1b9447ad10ce77a904a11_rot-5.jpg,train,flat foot,0.664604,1,32.72281569,0.487248,0.498015441
image_0146_png_jpg.rf.c4c2cdaa131ffa126959a095e96fd10e.jpg,train,flat foot,0.7112043,1,32.94403699,0.487612687,0.500233223
image_0250_jpg.rf.de0b7c9e9caa9158dd67541ede50420d_rot15.jpg,train,flat foot,0.6915864,1,34.29528061,0.482522927,0.508513192
image_0656_png_jpg.rf.3ecbcf76e291f0f3188e0e5889442102_rot10.jpg,train,flat foot,0.70439076,1,33.63161671,0.484946581,0.505124419
image_0078_png_jpg.rf.37f1bc598070945514a07b81b7797504_rot15.jpg,train,flat foot,0.7012722,1,33.69937819,0.46805428,0.510822038
image_0093_png_jpg.rf.d5133340f2da0bf8cad6d9f738913914_flip.jpg,train,flat foot,0.6987586,1,33.00980548,0.526029129,0.503833287
image_0369_jpg.rf.2ecf5b54ab39719506ab1974cd4c6c69_rot5.jpg,train,flat foot,0.64649177,1,33.08354592,0.516044101,0.493305567
image_0643_png_jpg.rf.907f4d9cf0078527b4c1b88d76d935cf.jpg,train,flat foot,0.6929977,1,32.77463329,0.484191067,0.498206504
image_0205_png_jpg.rf.a8b97f4fb146a71b7ddf8d1ca5527248.jpg,train,flat foot,0.65966487,1,32.97991071,0.497110087,0.50384677
image_0311_png_jpg.rf.e6d9edd0fc95ebe120f89a68e70c6b5e_flip.jpg,train,flat foot,0.6915422,1,32.87627551,0.516940999,0.498517436
image_0032_png_jpg.rf.4ea0d436bcbcc4bd05f3206e6e4986cc.jpg,train,flat foot,0.6660405,1,32.87228954,0.521326117,0.503290009
image_0118_png_jpg.rf.f322a21716ccad634027968e56e27001_rot10.jpg,train,flat foot,0.6603053,1,32.81847895,0.518128663,0.493241333
image_0022_png_jpg.rf.255eea8ed3f9e1cbd36bc5ee88f57192_rot-5.jpg,train,flat foot,0.6364078,1,32.11096939,0.537416549,0.506351309
image_0146_png_jpg.rf.c4c2cdaa131ffa126959a095e96fd10e_rot-10.jpg,train,flat foot,0.7058424,1,33.59574298,0.488364104,0.498222746
image_0370_jpg.rf.622d6ef5cdc8f494e9ec6f7eb05ed42e.jpg,train,flat foot,0.63989645,1,31.78013393,0.471157285,0.502316958
image_0172_jpg.rf.c77ec69f3ac9bc0e2109e535cc86d56c_rot15.jpg,train,flat foot,0.68884706,1,33.67745536,0.48393482,0.506439065
image_0262_jpg.rf.39f63655fb66b25cb7a6d93cdb68d7e8_flip.jpg,train,flat foot,0.6307327,1,32.48963648,0.478126438,0.504627129
image_0779_png_jpg.rf.a871cdfc8ff7692f4df6aa5f129d6f00.jpg,train,flat foot,0.61930233,1,32.62515944,0.532573704,0.498764537
image_0486_png_jpg.rf.7222a9df1f375f7da900133fb1ee88b5_rot-5.jpg,train,flat foot,0.6410773,1,33.28483737,0.467401138,0.499444206
image_0032_png_jpg.rf.4ea0d436bcbcc4bd05f3206e6e4986cc_rot-5.jpg,train,flat foot,0.6630165,1,33.00581952,0.520800105,0.50536752
image_0371_png_jpg.rf.641902bb2e0075963e12e94b0db19774_rot-10.jpg,train,flat foot,0.64921486,1,32.06712372,0.47903656,0.493779062
image_0262_jpg.rf.73cbcdc09910dd032921df72dd548466_rot-5.jpg,train,flat foot,0.62411094,1,32.42386798,0.486010225,0.502286417
image_0261_jpg.rf.ea465b57d4c628781dba72bb74e262c3_rot5.jpg,train,flat foot,0.66483086,1,33.24099171,0.466913403,0.504521069
image_0486_png_jpg.rf.7222a9df1f375f7da900133fb1ee88b5_rot5.jpg,train,flat foot,0.6419056,1,33.26889349,0.467272997,0.505162204
image_0305_png_jpg.rf.c0a5c7f383ed601ea272550602302f51.jpg,train,normal,0.6782488,1,32.3700574,0.491718221,0.497580281
image_0461_png_jpg.rf.c810a293f6bcb9ecb38fdae7ce08c988.jpg,train,normal,0.6831782,1,32.58529974,0.471303571,0.498258038
image_0516_png_jpg.rf.98cb23049699d4c767eb78c9d6c753ed.jpg,train,normal,0.68412054,1,33.01179847,0.477815574,0.503966566
image_0143_png_jpg.rf.dae74bd48290f2e76239b430d11208e2.jpg,train,normal,0.69544137,1,32.38201531,0.471379691,0.505916353
image_0326_jpg.rf.7ba11cf23a531481ecba9225c1f794e4.jpg,train,normal,0.68199486,1,32.85235969,0.497174953,0.501725831
image_0383_png_jpg.rf.75a317ddb3412efe3974081c4ece5d8b_flip.jpg,train,normal,0.68673533,1,32.18072385,0.481272891,0.503639085
image_0384_jpg.rf.5db208f24352781deec77f4235dcfc4a_flip.jpg,train,normal,0.6996277,1,32.96396684,0.514177505,0.500111169
image_0873_png_jpg.rf.b63d89821ad03f6ecae0aa37cdd7038f.jpg,train,normal,0.69115615,1,32.97393176,0.477237175,0.499197883
image_0798_png_jpg.rf.5dc1fd35b7326b441231ab2282a46585.jpg,train,normal,0.6750421,1,32.45376276,0.472888432,0.50049772
image_0225_jpg.rf.169b7bfd7f143cb66fd1623330bb8277_flip.jpg,train,normal,0.6741404,1,32.90816327,0.505576705,0.500249574
image_0333_png_jpg.rf.034990470decc50cfcc3c3f1017623aa_flip.jpg,train,normal,0.6431032,1,31.24800702,0.501473429,0.503679144
image_0760_png_jpg.rf.a3a32c07c42159ec75df689ffb0ca756_flip.jpg,train,normal,0.6501737,1,32.00733418,0.531949177,0.495444368
image_0210_png_jpg.rf.d1172f88474c86a16f0dd3b61aaf1090_flip.jpg,train,normal,0.65580094,1,32.12093431,0.526050203,0.49847071
image_0354_jpg.rf.aa5433958a88ee03300945a4a836cee3_flip.jpg,train,normal,0.69871867,1,32.95001594,0.51226137,0.498961099
image_0572_png_jpg.rf.0c9749ca62b6ce3d0b6fc038a545f4a3.jpg,train,normal,0.6752514,1,32.45176977,0.464526325,0.499354927
image_0265_jpg.rf.793e7e9e885227dc6b5df1f68d426d4d.jpg,train,normal,0.7044851,1,32.96795281,0.482480791,0.499655042
image_0888_png_jpg.rf.84cd42d90da5f778889b9d153f23bb85.jpg,train,normal,0.64676183,1,32.05516582,0.484296813,0.502135571
image_0387_png_jpg.rf.3bd40ef85c507a47687acee5978c112c_flip.jpg,train,normal,0.69433284,1,32.95400191,0.514164213,0.500918991
image_0271_jpg.rf.de10813e2c3222bd355d1d0036568bbe_flip.jpg,train,normal,0.6846806,1,32.50757334,0.535154212,0.499820755
image_0653_png_jpg.rf.7fce9b005a3304fbec6d9ad80051f7a0.jpg,train,normal,0.6920728,1,32.90816327,0.48139441,0.498991288
image_0010_png_jpg.rf.0e7d58875ae0347938c492491b4af29d.jpg,train,normal,0.6596458,1,32.06513074,0.512194533,0.50011744
image_0163_jpg.rf.01ef4c89272c33040f2bc0a4775f0d02_flip.jpg,train,normal,0.69290173,1,33.01777742,0.520370353,0.502172432
image_0333_png_jpg.rf.3e9e14af3b9522e8370b20f7fb5190b0.jpg,train,normal,0.6934087,1,32.2783801,0.487985702,0.500373529
image_0333_png_jpg.rf.031d16abd4c72114be3ce708fd16ae83_flip.jpg,train,normal,0.70181763,1,32.90617028,0.508050363,0.497742005
image_0325_jpg.rf.f826e717c5b2ecbf279c831a77716e9a.jpg,train,normal,0.6973015,1,32.99585459,0.49276829,0.501993373
image_0228_jpg.rf.232588df366812e797b45083eba9fb3f_flip.jpg,train,normal,0.6858348,1,33.03571429,0.520708469,0.502292931
image_0223_png_jpg.rf.62b2fb81017880b725ddeec6d7d8d57a_flip.jpg,train,normal,0.7150732,1,33.03571429,0.516767869,0.502056057
image_0223_png_jpg.rf.9d5e0d8c73eac76138975797664b3045.jpg,train,normal,0.6891604,1,32.42386798,0.483375833,0.502310488
image_0247_jpg.rf.b2ed712d3d24065fa38dea7b65a8f315.jpg,train,normal,0.67869705,1,32.95200893,0.472156481,0.497050698
image_0202_jpg.rf.84ee93bd8897210cdea36f52911d1f3b.jpg,train,normal,0.70695424,1,32.94005102,0.47434697,0.497350047
image_0090_png_jpg.rf.9338c16aea68f4bf4389816a912379d4_flip.jpg,train,normal,0.7158685,1,32.92610013,0.50843946,0.502811322
image_0400_jpg.rf.40ff50eb61dc56221ecbce959997e096_flip.jpg,train,normal,0.670773,1,32.83641582,0.501619521,0.501630304
image_0279_jpg.rf.7274af9a69d3798fc22956beba8e5362.jpg,train,normal,0.6992699,1,32.99585459,0.47702702,0.502344589
image_0214_jpg.rf.9c3d390efa1abbf93292ac19f46fdec2_flip.jpg,train,normal,0.6437446,1,33.01379145,0.515015702,0.505128461
image_0023_png_jpg.rf.1739427950a03199ab9c8de8d2d503c1.jpg,train,normal,0.6977281,1,32.97193878,0.485725182,0.500987023
image_0693_png_jpg.rf.024abd02836e7ad6560ec6d7765eb6a7_flip.jpg,train,normal,0.66230917,1,32.86631059,0.507312784,0.498798461
image_0164_jpg.rf.1750e3fd8a064854534af02e219ecb1b_flip.jpg,train,normal,0.7086054,1,32.92410714,0.516300662,0.498755133
image_0747_png_jpg.rf.82a771017cba87a1984c9e6c4e46cd8b.jpg,train,normal,0.65181506,1,31.11846301,0.497836272,0.50660943
image_0414_png_jpg.rf.ed44e4081a176b7abe579eb110005a3e_flip.jpg,train,normal,0.638419,1,32.30628189,0.499888652,0.506680649
image_0352_jpg.rf.e966a5dee42914876a00ecbe61813da6_flip.jpg,train,normal,0.73596364,1,33.03571429,0.511712211,0.501460968
image_0272_jpg.rf.b05c3313714a7631eb280a65c00ae42e.jpg,train,normal,0.7088744,1,32.89221939,0.469520001,0.498411168
image_0046_png_jpg.rf.22af4da88327210c7b845fa038247147_flip.jpg,train,normal,0.67552084,1,31.97345344,0.512290885,0.499783859
image_0027_png_jpg.rf.a344feb2891d633671b1aa1b73c99461.jpg,train,normal,0.6822957,1,32.97791773,0.48464725,0.502422119
image_0936_png_jpg.rf.6d21aa1c7c6785ff424b0eb40c32af49.jpg,train,normal,0.68131876,1,32.28037309,0.503011036,0.499364973
image_0075_png_jpg.rf.36edaa1729ec31f14f4183199bd95469.jpg,train,normal,0.686855,1,33.02176339,0.480252317,0.500476957
image_0100_png_jpg.rf.b57113719082e154128dbfd71509d639.jpg,train,normal,0.69330513,1,32.421875,0.491758077,0.503104515
image_0862_png_jpg.rf.24ca1f1f64d452b8a1a83b3057887042_flip.jpg,train,normal,0.6770742,1,32.30628189,0.514614011,0.495436535
image_0888_png_jpg.rf.4a8729f3b20458762fb1e3922d3c6e59_flip.jpg,train,normal,0.6471793,1,31.89572704,0.520048277,0.500513804
image_0090_png_jpg.rf.7e2250aec94eebd7656a7a57a4ecabb0.jpg,train,normal,0.69267464,1,32.92610013,0.476156555,0.498796949
image_0015_png_jpg.rf.4e14b1cad97e03d32394149fa1cac011_flip.jpg,train,normal,0.6758425,1,33.02176339,0.521627434,0.501220749
image_0683_png_jpg.rf.58481221d4a7d9de0b267f3bdced0797_flip.jpg,train,normal,0.6850838,1,32.43981186,0.507881011,0.50119953
image_0179_jpg.rf.ff39dab847816205bec27fa396b63ddf_flip.jpg,train,normal,0.677504,1,32.98987564,0.516047361,0.501090367
image_0158_jpg.rf.b222c761b3cafc9e1a39d57cfa4c397e_flip.jpg,train,normal,0.677622,1,32.9300861,0.518152938,0.498060809
image_0131_png_jpg.rf.3dd552dd2dbcdbe05d4d1cd0f50aff7a_flip.jpg,train,normal,0.6853604,1,32.31624681,0.506549752,0.503292701
image_0037_png_jpg.rf.5a283867157849db81fb2386a0b04203.jpg,train,normal,0.70809346,1,33.03571429,0.469225695,0.502615035
image_0355_png_jpg.rf.25a3970d51ed5cdd390f15ceda2c8e5e.jpg,train,normal,0.66443694,1,32.29631696,0.48935816,0.501691796
image_0562_png_jpg.rf.0fa5e674b0348fd504c38761894759ed_flip.jpg,train,normal,0.655621,1,32.48764349,0.513459853,0.498788189
image_0062_png_jpg.rf.1fe5bdd56555ed2e6532c3d2fd0c3f8e.jpg,train,normal,0.69832647,1,32.94204401,0.471560455,0.498275473
image_0028_png_jpg.rf.b302e2f6750cceeecdd421c107f48117.jpg,train,normal,0.67083335,1,32.93606505,0.474964278,0.498786613
image_0047_png_jpg.rf.f9375c68bff9afdd193a0c295ae3a3d1_flip.jpg,train,normal,0.66364634,1,32.13687819,0.53134166,0.498851104
image_0089_png_jpg.rf.94157dec5a71357ab97c9571bc62eeb9.jpg,train,normal,0.69498605,1,32.4477838,0.471686104,0.501486811
image_0021_png_jpg.rf.79101661bd9afafca69a622d411cabb6.jpg,train,normal,0.6158655,1,31.88576212,0.500976386,0.495140765
image_0143_png_jpg.rf.dae74bd48290f2e76239b430d11208e2_flip.jpg,train,normal,0.69544655,1,32.38201531,0.524152795,0.505916872
image_0574_png_jpg.rf.dd9c6b05e57ae3c690a3f3db21d3a262.jpg,train,normal,0.67818356,1,32.48963648,0.48209611,0.502071013
image_0227_jpg.rf.2adb0b060dab2fa33c6a917e845fb2e3_flip.jpg,train,normal,0.6691642,1,32.421875,0.516943126,0.499123814
image_0700_png_jpg.rf.7a73522284bb7ec19ca568578e6bd8de.jpg,train,normal,0.6848463,1,33.03571429,0.480344454,0.500754499
image_0233_jpg.rf.eb96bec7938cf28cf9ebb7bf8a9097a2_flip.jpg,train,normal,0.68174905,1,32.62117347,0.480052353,0.501484743
image_0252_png_jpg.rf.83e22adfbb36716f72d152fac2ee47d0.jpg,train,normal,0.6945619,1,32.89620536,0.483309194,0.500022061
image_0333_png_jpg.rf.3e9e14af3b9522e8370b20f7fb5190b0_flip.jpg,train,normal,0.6934494,1,32.2783801,0.5075512,0.500373495
image_0309_jpg.rf.e351fa597fb1912dcf43adfc94765a51_flip.jpg,train,normal,0.679442,1,32.69292092,0.468208767,0.493588341
image_0308_jpg.rf.8b3118567e102c4e782e9b4ab9dd1cfd.jpg,train,normal,0.6639381,1,32.44180485,0.505378867,0.501327694
image_0023_png_jpg.rf.1739427950a03199ab9c8de8d2d503c1_flip.jpg,train,normal,0.697723,1,32.97193878,0.509811983,0.500987069
image_0346_jpg.rf.838fec492d73be2307f4c00d91b1cf91_flip.jpg,train,normal,0.6946792,1,32.97592474,0.512992301,0.500446903
image_0328_jpg.rf.51a241dc2c24b8d4e22f86268a7e377b_flip.jpg,train,normal,0.7084633,1,33.03571429,0.505552937,0.501566348
image_0053_png_jpg.rf.1edbe364dc5b799aab1657f9793acceb.jpg,train,normal,0.6487527,1,32.38400829,0.475027148,0.499954545
image_0563_png_jpg.rf.117d52e98a7f54a2e660921f5fa937bc.jpg,train,normal,0.673228,1,32.9300861,0.485620431,0.49875663
image_0376_jpg.rf.0b8a8ffe40ad9974583485d57a1d227a.jpg,train,normal,0.703657,1,32.92211416,0.468861347,0.501040606
image_0223_png_jpg.rf.62b2fb81017880b725ddeec6d7d8d57a.jpg,train,normal,0.7150764,1,33.03571429,0.478768108,0.502055816
image_0400_jpg.rf.3f2668120aa5a15bb0a603b54cdfdc4a.jpg,train,normal,0.642795,1,31.7841199,0.4836445,0.49449251
image_0024_png_jpg.rf.3a4e2feeccb3a96b73950f1b053df3b8.jpg,train,normal,0.7211056,1,32.61320153,0.510945496,0.502051745
image_0853_png_jpg.rf.93c480e4d8cbac1f0affcb90cfb2ce93.jpg,train,normal,0.6815937,1,32.83442283,0.498648779,0.498559605
image_0247_jpg.rf.ab14433e772d0f43a4e9130d92bfeea2_flip.jpg,train,normal,0.66296625,1,32.36806441,0.535768311,0.49907705
image_0304_png_jpg.rf.17922ca32009bb94d80ff87370226310_flip.jpg,train,normal,0.6992288,1,33.03571429,0.520194057,0.502963449
image_0327_jpg.rf.234a7f9e2926eb0a86373388a1f91b3c.jpg,train,normal,0.6914239,1,32.65904018,0.512636582,0.499622411
image_0383_png_jpg.rf.75a317ddb3412efe3974081c4ece5d8b.jpg,train,normal,0.6866547,1,32.18072385,0.514263249,0.503639391
image_0137_png_jpg.rf.6adabdecf77ef574c7ef100bc3af955d_flip.jpg,train,normal,0.6978264,1,33.02574936,0.519550342,0.503619426
image_0354_png_jpg.rf.551e6755bd6fd4c0bc9d11af14695d85.jpg,train,normal,0.6598442,1,32.40991709,0.473386188,0.503858465
image_0046_png_jpg.rf.aa1edf51af9dbb643eb26dee0e4b3a67.jpg,train,normal,0.703916,1,32.93207908,0.488000644,0.501930237
image_0052_png_jpg.rf.f79835135ae402d1fabdd2c7524e65f5.jpg,train,normal,0.7159663,1,32.48565051,0.538827385,0.495682868
image_0318_png_jpg.rf.c2a698c9f59786a1fb52c119413f6ff2.jpg,train,normal,0.6974791,1,33.01977041,0.472838908,0.502858792
image_0853_png_jpg.rf.60d4c446fd08b82153ca1711081ca2d1.jpg,train,normal,0.6743835,1,32.45974171,0.49419615,0.496256356
image_0461_png_jpg.rf.0d4b501a1919de7387b42c37eac459a0.jpg,train,normal,0.6910485,1,32.91414222,0.477118709,0.500564642
image_0179_jpg.rf.ff39dab847816205bec27fa396b63ddf.jpg,train,normal,0.67749786,1,32.98987564,0.479486255,0.501090648
image_0136_png_jpg.rf.818cd6c029a3adcc446bdbe776098344.jpg,train,normal,0.7216077,1,32.9819037,0.489077181,0.50291861
image_0052_png_jpg.rf.f79835135ae402d1fabdd2c7524e65f5_flip.jpg,train,normal,0.7160504,1,32.48365753,0.456706258,0.495682427
image_0179_jpg.rf.747c6e58c0d01da5613afdaa4d65f857_flip.jpg,train,normal,0.6413599,1,31.84390944,0.509521708,0.502139481
image_0875_png_jpg.rf.ae17dc6c26a0b1e093dace8136329cd4_flip.jpg,train,normal,0.6789235,1,32.3959662,0.508791551,0.501907255
image_0824_png_jpg.rf.83d5c086e389389e667e8c08bb3c915d.jpg,train,normal,0.6819265,1,32.26841518,0.497062475,0.503397533
image_0368_png_jpg.rf.9f3d1b35b2fe2b0aae5bb7bddd455e9b.jpg,train,normal,0.6742379,1,32.51953125,0.489881564,0.50115668
image_0273_jpg.rf.4cdc5420c836631f5169a86f2d87b874.jpg,train,normal,0.7063909,1,32.86631059,0.481706426,0.498234664
image_0318_png_jpg.rf.c2a698c9f59786a1fb52c119413f6ff2_flip.jpg,train,normal,0.69744396,1,33.01977041,0.522694737,0.502859161
image_0574_png_jpg.rf.dd9c6b05e57ae3c690a3f3db21d3a262_flip.jpg,train,normal,0.6779853,1,32.48963648,0.51343789,0.502070172
image_0715_png_jpg.rf.b424263f5439d7d6b2df097b73147092_flip.jpg,train,normal,0.6753668,1,32.61320153,0.496193747,0.498784053
image_0231_jpg.rf.192191dd7f88a590a5cccd944de59629.jpg,train,normal,0.6744876,1,32.88225446,0.47637633,0.499110721
image_0090_png_jpg.rf.78ae1c170ee4938a0ec1d2a03ce65cdc.jpg,train,normal,0.67912996,1,32.4996014,0.488050141,0.501551905
image_0875_png_jpg.rf.44f297ba2f056cac774e8fd4f47a9342_flip.jpg,train,normal,0.69556063,1,32.92211416,0.505594764,0.499995619
image_0862_png_jpg.rf.07699cd1d265528cfc874767a36b1090_flip.jpg,train,normal,0.6975612,1,33.03571429,0.510214749,0.500843025
image_0112_png_jpg.rf.b7a7be96fe2b2e7b40e55495a62b6f24.jpg,train,normal,0.6981626,1,32.96595982,0.480482503,0.499878748
image_0048_png_jpg.rf.57ef3b6b28d826a2fc1daa5745436093.jpg,train,normal,0.66108197,1,31.77415497,0.488577033,0.498744997
image_0281_jpg.rf.4b15757b51e3e082447c6288414dc194.jpg,train,normal,0.69585556,1,32.98788265,0.478336708,0.500584122
image_0405_jpg.rf.9aeab25d1df3bfb9da997afbf98c4bc9.jpg,train,normal,0.694864,1,33.01379145,0.482350236,0.501261653
image_0242_jpg.rf.e2b56de06490ce84c7597cbea2def487_flip.jpg,train,normal,0.6515472,1,31.68247768,0.494245894,0.505868195
image_0263_jpg.rf.055cd33db05620a45c2899a113f9841d.jpg,train,normal,0.6594917,1,32.94802296,0.489980629,0.506825073
image_0598_png_jpg.rf.a26ebc0d6223f4a7fc8df39d13ea2b6b.jpg,train,normal,0.680644,1,32.50757334,0.472354979,0.501498621
image_0071_png_jpg.rf.d0cf3caf7659daa7b200059c614758cc_flip.jpg,train,normal,0.69587815,1,32.97393176,0.526337754,0.502791456
image_0160_jpg.rf.4864f876379aaad05a33a671cb311507_flip.jpg,train,normal,0.6820506,1,32.8902264,0.52090092,0.501310202
image_0178_jpg.rf.f917edfb5ec0db7ba84782020d0a9c1d.jpg,train,normal,0.68770313,1,32.8902264,0.486913757,0.500319042
image_0798_png_jpg.rf.5dc1fd35b7326b441231ab2282a46585_flip.jpg,train,normal,0.67503905,1,32.45376276,0.522647202,0.500497742
image_0282_jpg.rf.7d04a6bdc0b475efafa61bbfd22a4829.jpg,train,normal,0.6931662,1,32.93805804,0.480252915,0.500149378
image_0061_png_jpg.rf.2b6b37c0ebc4b9a748873087b6e5bb07_flip.jpg,train,normal,0.713569,1,33.01179847,0.518752317,0.501111335
image_0282_png_jpg.rf.3aba159bd50cf8a12f6330687b99cd1a.jpg,train,normal,0.6930686,1,32.99386161,0.477931015,0.501255188
image_0197_jpg.rf.8d958a1fb7c6f1b8e300622a7d18ffa9.jpg,train,normal,0.68448377,1,33.01379145,0.478246987,0.499680195
image_0384_jpg.rf.5db208f24352781deec77f4235dcfc4a.jpg,train,normal,0.6996264,1,32.96396684,0.481357891,0.500110948
image_0307_jpg.rf.d7703a56b7d2b143521b4de42cbcd735_flip.jpg,train,normal,0.6637452,1,32.40593112,0.492218235,0.504733622
image_0296_jpg.rf.514c88da0e1bceaca17146df34c71307_flip.jpg,train,normal,0.65902317,1,31.95153061,0.475586393,0.497175757
image_0112_png_jpg.rf.b7a7be96fe2b2e7b40e55495a62b6f24_flip.jpg,train,normal,0.69815844,1,32.96595982,0.515052433,0.499878583
image_0115_png_jpg.rf.f12d86a439a8c704042f1b7c9dc72fce_flip.jpg,train,normal,0.667303,1,32.39198023,0.483638102,0.501368136
image_0208_png_jpg.rf.ab34dbcef4f1dde75b81da7de5ea1aa7_flip.jpg,train,normal,0.6738933,1,32.87428253,0.513196643,0.498277039
image_0047_png_jpg.rf.61640404c1600ba0ea7abf14383fc968.jpg,train,normal,0.68419653,1,32.99984056,0.476624297,0.502111738
image_0380_jpg.rf.555af227f723088d9a562e8db6720211.jpg,train,normal,0.6867725,1,32.96396684,0.47717108,0.499865853
image_0081_png_jpg.rf.2626242930c3062e1b929317772a9133.jpg,train,normal,0.65305704,1,32.25047832,0.508719871,0.497880753
image_0005_png_jpg.rf.1059bfffd306a407a7012ee373d22cf0.jpg,train,normal,0.672222,1,31.92362883,0.453260985,0.498779609
image_0180_jpg.rf.afcf953057700e61be337f28fb343c90.jpg,train,normal,0.68290627,1,32.89221939,0.476365106,0.500207422
image_0909_png_jpg.rf.8186d4fa8dbe693a9dadd01a103e5fd7.jpg,train,normal,0.6657164,1,31.91964286,0.514287835,0.495242797
image_0825_png_jpg.rf.c542d949bd9cbde15c1d386e025dbda7.jpg,train,normal,0.7197011,1,32.90218431,0.482420364,0.498768914
image_0374_jpg.rf.a1923c0f75391bbf53874c4ba4d4ddd0_flip.jpg,train,normal,0.64113593,1,32.89221939,0.512592718,0.499620906
image_0414_png_jpg.rf.ed44e4081a176b7abe579eb110005a3e.jpg,train,normal,0.63867223,1,32.30628189,0.495646075,0.506680909
image_0093_png_jpg.rf.bc968671e1ef02071413a3641cde0aa6_flip.jpg,train,normal,0.65461034,1,31.97146046,0.522818414,0.497562801
image_0990_png_jpg.rf.364df3371e8b1bbd8db86b01f5d5a138.jpg,train,normal,0.6738802,1,32.9300861,0.4826475,0.500496387
image_0305_png_jpg.rf.92361bfe8d7a396d6fb2033833157696_flip.jpg,train,normal,0.67679465,1,32.38600128,0.500732358,0.498743624
image_0703_png_jpg.rf.373ed5416e8e9404cda6e3c3b8901fb5_flip.jpg,train,normal,0.678301,1,32.89819834,0.506740707,0.499487704
image_0783_png_jpg.rf.91aa2c5684a48c8395d3c96129b9d665.jpg,train,normal,0.68278885,1,32.94602997,0.476139696,0.498401659
image_0786_png_jpg.rf.e7138f8c46d67550eeee7161c69628fe_flip.jpg,train,normal,0.6859439,1,32.46970663,0.523267952,0.5009656
image_0862_png_jpg.rf.24ca1f1f64d452b8a1a83b3057887042.jpg,train,normal,0.67707473,1,32.30628189,0.480920524,0.49543661
image_0272_jpg.rf.b05c3313714a7631eb280a65c00ae42e_flip.jpg,train,normal,0.7088763,1,32.89221939,0.526013661,0.498411619
image_0047_png_jpg.rf.18dcef8a681e2ebdf46254579cc5241a.jpg,train,normal,0.6253169,1,31.20416135,0.531894762,0.50624981
image_0683_png_jpg.rf.711cb93ddd52caa5bde60ac48695d05f_flip.jpg,train,normal,0.6976851,1,32.93407207,0.51101761,0.500157119
image_0922_png_jpg.rf.1e61ee926e2291ed0da627b729f807f6_flip.jpg,train,normal,0.6899133,1,32.98588967,0.519884666,0.501450382
image_0639_png_jpg.rf.6fc7ebb2e558cdca948815cb1390f093.jpg,train,normal,0.7226147,1,32.95998087,0.48326081,0.499869819
image_0989_png_jpg.rf.bf6ef56f7dce57224c8ae2064e92a40f.jpg,train,normal,0.6846688,1,32.97991071,0.483288512,0.499534477
image_0133_png_jpg.rf.1db8be35665ede43bfd55ae3fe2afe3b_flip.jpg,train,normal,0.6929982,1,33.01179847,0.516808799,0.503687708
image_0514_png_jpg.rf.218f91eb02d91dfefff70a9dfe1c29d9_flip.jpg,train,normal,0.69834423,1,33.03571429,0.512543265,0.500159674
image_0214_png_jpg.rf.e5f4dd2d3a2965346a310cccc8d60b72_flip.jpg,train,normal,0.66517305,1,32.68494898,0.481687789,0.496580157
image_0112_png_jpg.rf.f0a5e4d168ba9137ed22fd9619e9e313.jpg,train,normal,0.67758995,1,32.81050702,0.52885292,0.49903293
image_0089_png_jpg.rf.62fa6d528b7161e947454935ea891eac_flip.jpg,train,normal,0.675051,1,31.99338329,0.52847213,0.504256305
image_0148_png_jpg.rf.97141dcabc38ebcea79bf2e730be1129.jpg,train,normal,0.6751817,1,32.55739796,0.477782797,0.501087492
image_0247_jpg.rf.ab14433e772d0f43a4e9130d92bfeea2.jpg,train,normal,0.6629686,1,32.36806441,0.459767545,0.499077193
image_0054_png_jpg.rf.6c23346e524a41d2c15b850204fba81e.jpg,train,normal,0.6672536,1,32.88424745,0.487731478,0.500022965
image_0410_jpg.rf.6dd0b6a1f393ae89b174c5d86fc120e7.jpg,train,normal,0.7115702,1,32.91015625,0.480424424,0.49954565
image_0553_png_jpg.rf.026e6ef01260790ff5e52f5529a16bc3.jpg,train,normal,0.6710429,1,32.85235969,0.501719911,0.499433991
image_0204_png_jpg.rf.d1b4ed10c23eb1da20f1ee8360adfaea_flip.jpg,train,normal,0.66104347,1,32.73278061,0.516489763,0.496646983
image_0353_jpg.rf.56e211b4808363c736f9788589b80353_flip.jpg,train,normal,0.6755599,1,32.44579082,0.503650093,0.503570114
image_0335_jpg.rf.12bfe786cbd24c1efc2ad80b0a1a7cbc_flip.jpg,train,normal,0.72910637,1,33.01977041,0.507444597,0.500502977
image_0333_png_jpg.rf.034990470decc50cfcc3c3f1017623aa.jpg,train,normal,0.6429874,1,31.24800702,0.494062083,0.503678788
image_0406_png_jpg.rf.929eef1035ed48427c81ffac4ee436ff_flip.jpg,train,normal,0.67131907,1,32.20264668,0.476020862,0.494418828
image_0407_png_jpg.rf.47ef1b0869e150df0af56ec589d38804_flip.jpg,train,normal,0.6917082,1,32.6690051,0.521828916,0.496836754
image_0508_png_jpg.rf.28db4e29ca68fe44f8d4fbbcaf3b8375.jpg,train,normal,0.6905026,1,32.46970663,0.488018544,0.503416427
image_0089_png_jpg.rf.94157dec5a71357ab97c9571bc62eeb9_flip.jpg,train,normal,0.6949865,1,32.4477838,0.523847757,0.501486615
image_0423_jpg.rf.1a1d4514c55504b8a4c5df57ef13b09c_flip.jpg,train,normal,0.7172816,1,33.03571429,0.526673382,0.502861515
image_0100_png_jpg.rf.15c32f63f43e74f9ccf1265cb42e76b5.jpg,train,normal,0.69214594,1,32.90019133,0.4918585,0.498978528
image_0090_png_jpg.rf.7e2250aec94eebd7656a7a57a4ecabb0_flip.jpg,train,normal,0.69271564,1,32.92610013,0.519378993,0.498796653
image_0169_png_jpg.rf.d6bf7b5ed2108bfd3b08afaad888b6af_flip.jpg,train,normal,0.70247537,1,32.44977679,0.524249205,0.501492187
image_0188_jpg.rf.17e4b2e6472f6294936ac5850c37eca5_flip.jpg,train,normal,0.71746945,1,32.90617028,0.516779208,0.498493323
image_0380_jpg.rf.555af227f723088d9a562e8db6720211_flip.jpg,train,normal,0.6867673,1,32.96396684,0.518363396,0.499865365
image_0163_jpg.rf.01ef4c89272c33040f2bc0a4775f0d02.jpg,train,normal,0.69290155,1,33.01777742,0.475165207,0.502172953
image_0157_png_jpg.rf.3983d7e549e0c602a1a83a62667b7023_flip.jpg,train,normal,0.66438395,1,31.91565689,0.534111062,0.505082627
image_0378_jpg.rf.7cd64bb6d6e03ea970c0ff1d900c2df7_flip.jpg,train,normal,0.69267833,1,32.91414222,0.519492768,0.499632805
image_0144_png_jpg.rf.87b4262d6b0f44376afa1f001aa798d3_flip.jpg,train,normal,0.7087707,1,33.00183355,0.510139322,0.500789323
image_0922_png_jpg.rf.6a23fddc296aba7cb989efd7b50f0734_flip.jpg,train,normal,0.6648288,1,32.64508929,0.489390459,0.500091853
image_0380_jpg.rf.eca140e4f790a8e7524c9903a452e6f2.jpg,train,normal,0.6730135,1,32.37404337,0.483727064,0.497458276
image_0426_png_jpg.rf.cc9c92dddc5a9f6ddb0137baeb7853b5_flip.jpg,train,normal,0.68336886,1,32.4736926,0.512049762,0.502489447
image_0005_png_jpg.rf.a378fb6b22b1e455149cc11e7afc8a11.jpg,train,normal,0.69232905,1,32.47169962,0.475039636,0.497968439
image_0211_jpg.rf.1d21f13d9f8f89435ef7a302c9848a0d.jpg,train,normal,0.62871176,1,32.14684311,0.500492098,0.503893981
image_0341_jpg.rf.6114c59bad6156831c354fc7b5dcf843.jpg,train,normal,0.65809476,1,32.3441486,0.466419066,0.49746092
image_0242_jpg.rf.17b63ea99d09b325787c700fd4bb85a0_flip.jpg,train,normal,0.66062766,1,31.89572704,0.483790958,0.50157168
image_0208_png_jpg.rf.d7552dc5bb97c666b9470c769b1f95c7.jpg,train,normal,0.6624739,1,32.80054209,0.511126494,0.50328878
image_0093_png_jpg.rf.f3463036c5fd5cb63695c56a047cdcd5_flip.jpg,train,normal,0.6718573,1,32.35809949,0.511881139,0.504259946
image_0188_jpg.rf.1368f339917494bc6a3416856ed17b45_flip.jpg,train,normal,0.6581543,1,31.45727041,0.487123263,0.499457399
image_0324_png_jpg.rf.5c5a77dc56968adf644699205c2697d5_flip.jpg,train,normal,0.68817985,1,32.9041773,0.517712953,0.502947933
image_0012_png_jpg.rf.fd1a9426ee76287d18375083611a151f.jpg,train,normal,0.67402595,1,32.9161352,0.471401245,0.498969396
image_0491_png_jpg.rf.cd2b2cb8f7271d7cb043db91a3c586a4.jpg,train,normal,0.6972598,1,32.94005102,0.47828758,0.498778817
image_0406_png_jpg.rf.91337926c2f660df0157b995482c3d91_flip.jpg,train,normal,0.68790185,1,33.03571429,0.5163021,0.501801316
image_0133_png_jpg.rf.8fa6c2f4cc473daff9fdee6fe43e287f.jpg,train,normal,0.66460913,1,31.61272321,0.457215557,0.502835828
image_0572_png_jpg.rf.0c9749ca62b6ce3d0b6fc038a545f4a3_flip.jpg,train,normal,0.67524916,1,32.45176977,0.531007765,0.499354838
image_0354_jpg.rf.aa5433958a88ee03300945a4a836cee3.jpg,train,normal,0.6987149,1,32.95001594,0.483272296,0.498961192
image_0237_jpg.rf.5c7aae66523d711e0a97c7a5eee0920c_flip.jpg,train,normal,0.6957754,1,32.88823342,0.511761032,0.501014186
image_0090_png_jpg.rf.3b6cec8edb400d3fe2be8b4c57a6ff28.jpg,train,normal,0.70863014,1,32.65704719,0.481665755,0.500838592
image_0380_jpg.rf.6bc6cc3381bf00fab5c929905e0d68a8_flip.jpg,train,normal,0.66848093,1,31.68247768,0.523815936,0.500839871
image_0433_png_jpg.rf.e3395a35d62f5bdb01b27d5ea9f01fca.jpg,train,normal,0.70007074,1,32.26442921,0.489008726,0.498924518
image_0395_jpg.rf.356cbca9a818605d4d6cf31dbd65ec2f.jpg,train,normal,0.6462663,1,32.0830676,0.48498913,0.499159765
image_0027_png_jpg.rf.a344feb2891d633671b1aa1b73c99461_flip.jpg,train,normal,0.68229276,1,32.97791773,0.510888972,0.502422533
image_0799_png_jpg.rf.25848d78b0900ba9563ba3339d3ab758_flip.jpg,train,normal,0.6663433,1,32.1747449,0.504981023,0.500086652
image_0219_jpg.rf.dd964ad271b6fad64fd5750b15d4b598.jpg,train,normal,0.69092876,1,32.88823342,0.476711634,0.501922393
image_0132_png_jpg.rf.cfb6b6ed6119c257772338d0c100da17_flip.jpg,train,normal,0.6789789,1,32.87627551,0.498772679,0.500079601
image_0469_png_jpg.rf.70fcf61b4826ff66036ae74dd8462e5d.jpg,train,normal,0.71662164,1,32.66302615,0.484032393,0.500626909
image_0118_png_jpg.rf.cd124b0fb4c41689906a5cab62a7321a.jpg,train,normal,0.7227627,1,32.90617028,0.477578165,0.498992038
image_0562_png_jpg.rf.5fc1ed311889cf5e8a62fbe4ad3a605e.jpg,train,normal,0.6711788,1,32.94602997,0.486064689,0.502267205
image_0050_png_jpg.rf.c311177b369cd0ff9c5ba8c5bebeae51.jpg,train,normal,0.67900145,1,32.38002232,0.466253524,0.503339928
image_0157_png_jpg.rf.68a7b705533c8cbb239b568e1ff8bd65_flip.jpg,train,normal,0.6954436,1,33.03571429,0.522633689,0.501618581
image_0019_png_jpg.rf.b2e22a37cc9a57cbf6d25414bfbf848d.jpg,train,normal,0.68055815,1,33.00382653,0.47975204,0.500203096
image_0276_jpg.rf.ef55e4c5ab922bd0854a9d922fce7e10_flip.jpg,train,normal,0.64418244,1,31.77415497,0.485621383,0.505826707
image_0721_png_jpg.rf.e73e66eb8b2616dc9556aed3e938e335.jpg,train,normal,0.68585205,1,32.98389668,0.484904983,0.500658346
image_0335_jpg.rf.b92896ab1e2f26c207af957016eaac2f_flip.jpg,train,normal,0.72566384,1,32.94204401,0.509116614,0.499843395
image_0232_jpg.rf.e5596b8543c0aa47ef970dd53014cd52_flip.jpg,train,normal,0.6920095,1,33.03571429,0.519652658,0.501249715
image_0727_png_jpg.rf.cb93ec60988bb33cfffe6988bcfb10a8_flip.jpg,train,normal,0.68315125,1,32.81648597,0.515614724,0.500645647
image_0383_png_jpg.rf.f1478f64c43fdddee5c513ac93776ae7.jpg,train,normal,0.70139235,1,32.9300861,0.483102093,0.500594609
image_0206_jpg.rf.f44a54db685da4652121fd39515df8f2.jpg,train,normal,0.6855798,1,32.94005102,0.470640019,0.498819753
image_0307_jpg.rf.350d11fbad2e517f978fd24574f289c6.jpg,train,normal,0.68535656,1,33.00980548,0.491734958,0.50085322
image_0852_png_jpg.rf.b9e36956110ebc336d6fe27bb9e1e623_flip.jpg,train,normal,0.6718782,1,32.12093431,0.497537793,0.501410235
image_0974_png_jpg.rf.d04d83545a6564c1bc0266296d4b5c33_flip.jpg,train,normal,0.6825369,1,31.60076531,0.535516762,0.496177576
image_0158_jpg.rf.e875584b3ee8aa7dcd86a8c0832704cf.jpg,train,normal,0.6534261,1,31.18223852,0.46232516,0.49688465
image_0683_png_jpg.rf.36aab808fa334cadcf96a0d6ad8676e0.jpg,train,normal,0.68613726,1,32.35610651,0.484072429,0.500262641
image_0334_jpg.rf.773739081c8a055fbf9e3bd77ef3b169.jpg,train,normal,0.67821145,1,32.87029656,0.480803323,0.499555305
image_0195_png_jpg.rf.6f620c5575b1d8895db5736b562d706d.jpg,train,normal,0.68368554,1,32.43383291,0.471994379,0.50299468
image_0212_jpg.rf.8d0fe37b07379939b0d2480dcff643e4.jpg,train,normal,0.65826184,1,32.88026148,0.490020778,0.497156302
image_0400_jpg.rf.3f2668120aa5a15bb0a603b54cdfdc4a_flip.jpg,train,normal,0.6425338,1,31.78212691,0.51188671,0.494492476
image_0098_png_jpg.rf.a81f9183c7591e5318d885a898407087.jpg,train,normal,0.6687006,1,32.32421875,0.485511911,0.499567348
image_0165_jpg.rf.47877ff8987f21687184cd37239b5c75.jpg,train,normal,0.70959926,1,33.03571429,0.475510977,0.502587542
image_0815_png_jpg.rf.a8bd981f01b1429af4b687c60e336b32_flip.jpg,train,normal,0.7077101,1,32.9161352,0.514510903,0.500101066
image_0852_png_jpg.rf.cee9acbbf7d89ea8d44008e5cd6e6436.jpg,train,normal,0.6859087,1,33.00980548,0.498179033,0.502540892
image_0338_jpg.rf.d82291e348b59de6d293a43c07d49f23_flip.jpg,train,normal,0.6801064,1,32.92610013,0.518378257,0.500078408
image_0355_png_jpg.rf.e8d1e4cde06f5bb01b758c835944f53e.jpg,train,normal,0.66301894,1,31.73030931,0.506971478,0.50561438
image_0387_jpg.rf.12ee7420fec406165b2cc122d97ec42d.jpg,train,normal,0.65518975,1,32.29033801,0.528545504,0.495127835
image_0222_jpg.rf.69112650380944dfdd3cd099f3d0c853.jpg,train,normal,0.68387425,1,32.67897003,0.507021349,0.500151132
image_0034_png_jpg.rf.1a1fdd1518543a587c4dfbe5a76741bf_flip.jpg,train,normal,0.7029407,1,33.00382653,0.511306169,0.501630247
image_0710_png_jpg.rf.03998b016f78246bf5768caededbf303.jpg,train,normal,0.6469687,1,32.36607143,0.49857213,0.498170892
image_0347_jpg.rf.647d6e4552c953cdb8bf06864e5acf5a.jpg,train,normal,0.69148254,1,33.03571429,0.472274282,0.502563036
image_0436_png_jpg.rf.9df0d12f8d0ff155601608d8dbf9503c.jpg,train,normal,0.6823047,1,33.00183355,0.473251286,0.500229451
image_0024_png_jpg.rf.3d786e6c4354c37c0ea3e2167da46dde_flip.jpg,train,normal,0.7038147,1,32.36806441,0.505618572,0.500999686
image_0020_png_jpg.rf.b4625d8de282782296f5844722d08cae_flip.jpg,train,normal,0.68392575,1,32.89221939,0.520176637,0.49866656
image_0552_png_jpg.rf.904106b6733cda87e60dd00368379d5c_flip.jpg,train,normal,0.6421194,1,32.46173469,0.499266954,0.502556779
image_0233_jpg.rf.df1f3ce7e40cd1e39c5958cb5448eefa.jpg,train,normal,0.68731844,1,32.95200893,0.481051443,0.499908148
image_0112_png_jpg.rf.ced44ae3912bc887bbfd21236b1ebb5a.jpg,train,normal,0.65316474,1,31.94953763,0.496861388,0.505257708
image_0378_jpg.rf.5a99022e64fa9952b9b557cd63058149_flip.jpg,train,normal,0.6761138,1,32.36208546,0.523706959,0.498425388
image_0280_png_jpg.rf.1d23609cd6f431157fe0750dc9ee5ea1.jpg,train,normal,0.6876938,1,33.01379145,0.476586774,0.501081275
image_0274_jpg.rf.cb1b4c3defba8b69e4e455b0024c9bc8_flip.jpg,train,normal,0.7113576,1,32.60323661,0.523469559,0.497108632
image_0239_png_jpg.rf.d6cac8ceb61c3c8af401f7caf0312276.jpg,train,normal,0.6942335,1,33.01379145,0.477271315,0.500216107
image_0099_png_jpg.rf.5087174da77b597600cded8ff4a4aad8_flip.jpg,train,normal,0.68659174,1,32.43383291,0.502832709,0.502295193
image_0205_jpg.rf.db4ec4610f915d772aa64fe0e504e3d8.jpg,train,normal,0.6584671,1,32.36407844,0.459707523,0.498204372
image_0402_jpg.rf.81d3e91867030762867b8759608d4a53_flip.jpg,train,normal,0.6744488,1,32.33617666,0.502216863,0.500617808
image_0335_jpg.rf.da504c9577884e29faa7467f562db8eb.jpg,train,normal,0.71137434,1,32.46970663,0.484097487,0.50293693
image_0222_jpg.rf.4389c7ece461d3a6031776ebe1d39f4b.jpg,train,normal,0.6882604,1,32.96795281,0.490181067,0.50103689
image_0274_jpg.rf.94f6e0751d175421aa568083355abc71_flip.jpg,train,normal,0.7251742,1,32.93805804,0.51168702,0.50006958
image_0974_png_jpg.rf.d04d83545a6564c1bc0266296d4b5c33.jpg,train,normal,0.68253505,1,31.60076531,0.460019477,0.496177409
image_0180_jpg.rf.afcf953057700e61be337f28fb343c90_flip.jpg,train,normal,0.68290174,1,32.88823342,0.519171528,0.500208249
image_0100_png_jpg.rf.a6bbc4d03e29ce5d257098ae1e07f040.jpg,train,normal,0.67826486,1,32.71085778,0.502009821,0.50336498
image_0210_jpg.rf.12932728c20821913e02f0a28a080e11.jpg,train,normal,0.6760378,1,32.87627551,0.487366064,0.501033399
image_0405_jpg.rf.9aeab25d1df3bfb9da997afbf98c4bc9_flip.jpg,train,normal,0.6948664,1,33.01379145,0.513185364,0.501262096
image_0208_png_jpg.rf.ab34dbcef4f1dde75b81da7de5ea1aa7.jpg,train,normal,0.67389196,1,32.87428253,0.482337951,0.498277146
image_0147_png_jpg.rf.eb05b4eb2586014aab86d393a3c8f35d.jpg,train,normal,0.6964068,1,32.47767857,0.47437703,0.505789597
image_0062_png_jpg.rf.1fe5bdd56555ed2e6532c3d2fd0c3f8e_flip.jpg,train,normal,0.6983285,1,32.94204401,0.523974274,0.498276267
image_0265_jpg.rf.f7b0bb30d720778c5f0a98d6fbe74edc_flip.jpg,train,normal,0.6644681,1,31.69443559,0.479540371,0.502071226
image_0283_jpg.rf.ee25e0dc8e5cd217f0fa136bf0b37300_flip.jpg,train,normal,0.6540024,1,32.00334821,0.507022673,0.500646123
image_0080_png_jpg.rf.5e80387d30f5955d28ddf54bb6b5c161.jpg,train,normal,0.71782666,1,32.93207908,0.483249416,0.499164235
image_0276_jpg.rf.2fc5300d2412007854563fa5b06c2652_flip.jpg,train,normal,0.68437296,1,32.95200893,0.518931179,0.499015951
image_0110_png_jpg.rf.881be4803212a9c5058e0711736e710b_flip.jpg,train,normal,0.7393785,1,32.99585459,0.4779032,0.498953404
image_0191_jpg.rf.7b905e90c85a001c06d6b3da9a70edf1.jpg,train,normal,0.68809134,1,33.01578444,0.492810906,0.501885017
image_0747_png_jpg.rf.664e69fc8df0e7cf5cafccbfcb689c63_flip.jpg,train,normal,0.70966494,1,32.90019133,0.524526858,0.498811092
image_0384_jpg.rf.770c83052ef1a74b99510a0019e7e895.jpg,train,normal,0.6575976,1,31.76419005,0.498130109,0.495374813
image_0862_png_jpg.rf.07699cd1d265528cfc874767a36b1090.jpg,train,normal,0.69755846,1,33.03571429,0.485319273,0.500843047
image_0277_jpg.rf.5ad3857ea9c2ae6ac286c9b4777adae0_flip.jpg,train,normal,0.6527106,1,31.7582111,0.51313649,0.508193058
image_0375_jpg.rf.5e6d2e51afe147c1708456b8a59beed0_flip.jpg,train,normal,0.6605149,1,33.01379145,0.521680924,0.502107129
image_0442_png_jpg.rf.4c1ed4dd25d5c3dde0eb1f46b36de794.jpg,train,normal,0.65780324,1,32.18271684,0.483571601,0.499370808
image_0157_png_jpg.rf.3983d7e549e0c602a1a83a62667b7023.jpg,train,normal,0.66442466,1,31.91565689,0.461425487,0.505083053
image_0054_png_jpg.rf.b3178c16bf145fbf70f42206a697e955_flip.jpg,train,normal,0.723046,1,32.98788265,0.505189628,0.503273264
image_0653_png_jpg.rf.7fce9b005a3304fbec6d9ad80051f7a0_flip.jpg,train,normal,0.6920715,1,32.90816327,0.514141037,0.498991617
image_0271_jpg.rf.de10813e2c3222bd355d1d0036568bbe.jpg,train,normal,0.68464094,1,32.50757334,0.46038206,0.499819909
image_0636_png_jpg.rf.51f145fcad262af40ed5e2e99ee47a68.jpg,train,normal,0.6963502,1,33.00382653,0.481774067,0.500232236
image_0747_png_jpg.rf.664e69fc8df0e7cf5cafccbfcb689c63.jpg,train,normal,0.7096647,1,32.90019133,0.471008186,0.498811001
image_0406_png_jpg.rf.fb0c695f25f7eeb627813cdda1acdbcb.jpg,train,normal,0.68520063,1,32.65505421,0.478758429,0.500175145
image_0335_jpg.rf.b92896ab1e2f26c207af957016eaac2f.jpg,train,normal,0.7257889,1,32.94204401,0.486418547,0.499843864
image_0058_png_jpg.rf.f62cab0c1c9a7c88ea486d715db2c23a_flip.jpg,train,normal,0.70735264,1,32.84638074,0.485673366,0.500640679
image_0099_png_jpg.rf.d057d99a26bbcac2684a66966fd2cec1_flip.jpg,train,normal,0.70078474,1,32.5135523,0.478941457,0.4941062
image_0107_png_jpg.rf.3e2813993f126863780983a67d1cb824_flip.jpg,train,normal,0.69020915,1,33.00382653,0.514495362,0.50007214
image_0391_png_jpg.rf.7447aa1ecb4ed209c82847ad54173745.jpg,train,normal,0.714808,1,32.90816327,0.482380023,0.500169941
image_0115_png_jpg.rf.425eee76e8167e1032242fc517ec09df.jpg,train,normal,0.7076348,1,32.95798788,0.485540153,0.499413618
image_0802_png_jpg.rf.b924e694d0ed3900fb4f289739aba18e_flip.jpg,train,normal,0.71396416,1,33.00581952,0.523720745,0.502377772
image_0111_png_jpg.rf.eb5ea85bbe49f4b8da2f374184ed34bc.jpg,train,normal,0.6688255,1,32.75470344,0.510262382,0.501270226
image_0236_jpg.rf.238761890ecc1f5af52e61b93876d649.jpg,train,normal,0.69773966,1,33.03571429,0.483538316,0.501771615
image_0375_jpg.rf.5e6d2e51afe147c1708456b8a59beed0.jpg,train,normal,0.66047305,1,33.01379145,0.473852147,0.502108061
image_0786_png_jpg.rf.9b54e759ce4bff99449608ab40707bc4.jpg,train,normal,0.68779767,1,32.46372768,0.474566158,0.500552046
image_0753_png_jpg.rf.81c651ddb3db5d66a26958f4e7408af5_flip.jpg,train,normal,0.6982058,1,32.95998087,0.519878707,0.498369513
image_0442_png_jpg.rf.b0ace31ad12691755bb5c92f033debcc_flip.jpg,train,normal,0.68426514,1,32.42386798,0.522358339,0.499749004
image_0338_jpg.rf.d82291e348b59de6d293a43c07d49f23.jpg,train,normal,0.68010455,1,32.92610013,0.477157411,0.500078284
image_0052_png_jpg.rf.0e09560ee8a73678e88909794cf9b668_flip.jpg,train,normal,0.73820865,1,33.00382653,0.522778098,0.499870786
image_0243_jpg.rf.cbb379a28661426cc9736575b2f7be94_flip.jpg,train,normal,0.69152474,1,32.90218431,0.522011036,0.500213706
image_0320_jpg.rf.f7179b27e2566bbf68c1fb4eeb25bcac_flip.jpg,train,normal,0.6580529,1,31.99537628,0.485322506,0.495503752
image_0374_jpg.rf.a1923c0f75391bbf53874c4ba4d4ddd0.jpg,train,normal,0.6410997,1,32.89221939,0.482943617,0.49962117
image_0853_png_jpg.rf.93c480e4d8cbac1f0affcb90cfb2ce93_flip.jpg,train,normal,0.68155557,1,32.83442283,0.496886709,0.498559953
image_0081_png_jpg.rf.481cb07e7019a28df9d6bf3fe6d78855_flip.jpg,train,normal,0.6978743,1,32.50757334,0.51617718,0.498047568
image_0021_png_jpg.rf.79101661bd9afafca69a622d411cabb6_flip.jpg,train,normal,0.6159397,1,31.88974809,0.494556141,0.495140996
image_0414_jpg.rf.c3cb99c0a440337b3d683f82a4123619.jpg,train,normal,0.6826051,1,32.87428253,0.497841682,0.500965227
image_0399_jpg.rf.55a1e99b113f271dc31b7749aa244bc9_flip.jpg,train,normal,0.63574374,1,31.98740434,0.503616115,0.506377438
image_0394_jpg.rf.a200562a4563822b0c3ea39e3954121a_flip.jpg,train,normal,0.6873185,1,32.3959662,0.525907336,0.496547687
image_0399_jpg.rf.02e9267dc47d0b0a8dcf114c3cb01c37.jpg,train,normal,0.66205686,1,32.52351722,0.495704007,0.503159978
image_0888_png_jpg.rf.682ad61a11a6c45daf30e2fc638eaa5f_flip.jpg,train,normal,0.6892528,1,33.01179847,0.515164232,0.500129204
image_0936_png_jpg.rf.6d21aa1c7c6785ff424b0eb40c32af49_flip.jpg,train,normal,0.6813544,1,32.28435906,0.492524368,0.4993657
image_0581_png_jpg.rf.b3b3c3add5bafbbbec9cbf47d890aced.jpg,train,normal,0.70552295,1,32.99984056,0.480329111,0.499643634
image_0409_png_jpg.rf.9a012358b12629545e9c3858d681466a_flip.jpg,train,normal,0.71704483,1,32.95998087,0.513550816,0.498561582
image_0735_png_jpg.rf.ca3f5b68c78fb270d5f8536f322d57c0_flip.jpg,train,normal,0.7142214,1,32.8902264,0.517739185,0.498451585
image_0714_png_jpg.rf.60b167f32f5c155d1401282d830dfafc_flip.jpg,train,normal,0.66582966,1,32.39198023,0.50921522,0.506243082
image_0074_png_jpg.rf.b044481e9c29506ff0820141f3cd587a_flip.jpg,train,normal,0.69112486,1,32.9559949,0.515334232,0.499879722
image_0389_jpg.rf.b8b5ab0a6d2d5c5e8f626b5d2793ea7c.jpg,train,normal,0.6605246,1,33.01179847,0.4907783,0.505014623
image_0829_png_jpg.rf.2df8e7b02b008d8ce80a02772be1ce97_flip.jpg,train,normal,0.6666436,1,31.97345344,0.513416521,0.501161798
image_0143_png_jpg.rf.e49775c2ffdc2e200915f9aa79d4093f_flip.jpg,train,normal,0.7056299,1,33.00980548,0.525335177,0.503154936
image_0248_jpg.rf.810316bee97e9f351113b49eebbdc631.jpg,train,normal,0.68714416,1,32.39795918,0.468262692,0.501494062
image_0110_png_jpg.rf.850ed5ea4a7f441aacacbe5316898cdb_flip.jpg,train,normal,0.7436131,1,33.03571429,0.515465877,0.500833
image_0248_jpg.rf.810316bee97e9f351113b49eebbdc631_flip.jpg,train,normal,0.687146,1,32.39995217,0.527272998,0.501494575
image_0760_png_jpg.rf.109bcb6988bea0415853feece9ef8c1e.jpg,train,normal,0.6808666,1,32.96595982,0.477539752,0.5004143
image_0192_jpg.rf.adaf5d0598cf7efc1604e1dc7ed56107.jpg,train,normal,0.6351413,1,31.62268814,0.511783287,0.50701551
image_0081_png_jpg.rf.946864ac697e8991fbc60583d90e96d6.jpg,train,normal,0.67727643,1,32.9559949,0.481539595,0.500414656
image_0692_png_jpg.rf.f4c3e02e84add07b80096cf12af95bfa.jpg,train,normal,0.67719746,1,33.00382653,0.493367532,0.501141357
image_0206_jpg.rf.f44a54db685da4652121fd39515df8f2_flip.jpg,train,normal,0.6855766,1,32.93805804,0.524896473,0.498819978
image_0319_jpg.rf.b7fb7da6f9a4a35a34f1fb55b322458b.jpg,train,normal,0.7052129,1,32.99784758,0.488053482,0.500576911
image_0639_png_jpg.rf.6fc7ebb2e558cdca948815cb1390f093_flip.jpg,train,normal,0.7226139,1,32.95998087,0.512274355,0.499869709
image_0990_png_jpg.rf.faa6f04241ae3496f6db8cb5f49cb91c.jpg,train,normal,0.61571586,1,31.1463648,0.514817547,0.501716934
image_0598_png_jpg.rf.32f889c907892526485344394e104b79_flip.jpg,train,normal,0.6936423,1,33.03571429,0.512268935,0.500385121
image_0100_png_jpg.rf.f3d99b60b0740bf6195d8ad2f145164a.jpg,train,normal,0.71190524,1,32.93207908,0.483379009,0.500503067
image_0224_jpg.rf.233f8fc2b66e74f6c3f9213e17e2aaf8.jpg,train,normal,0.6789504,1,32.43981186,0.479480096,0.502725697
image_0511_png_jpg.rf.527b134f9c9a1f4b78301fa3da6fcfdf_flip.jpg,train,normal,0.70394814,1,32.93805804,0.514115607,0.499732442
image_0704_png_jpg.rf.24e21f333d0299058b519a9c19b55bb8.jpg,train,normal,0.6539125,1,31.95551658,0.515122207,0.502831477
image_0053_png_jpg.rf.1edbe364dc5b799aab1657f9793acceb_flip.jpg,train,normal,0.6486789,1,32.38400829,0.520507793,0.499954862
image_0179_jpg.rf.0ebb3087ad49dcd0f2a521358f70189e_flip.jpg,train,normal,0.66843826,1,32.75669643,0.513962369,0.503037934
image_0502_png_jpg.rf.117d6e580c7527ce08045f67aff1c37b_flip.jpg,train,normal,0.6888378,1,32.7606824,0.486207015,0.502196082
image_0702_png_jpg.rf.4010658219c50d242a27abfb29c189e3.jpg,train,normal,0.65856487,1,32.56138393,0.513785569,0.495331187
image_0502_png_jpg.rf.f29264ac89064be704d73e01c11d660d_flip.jpg,train,normal,0.6828788,1,32.0053412,0.514201903,0.505117858
image_0112_png_jpg.rf.f0a5e4d168ba9137ed22fd9619e9e313_flip.jpg,train,normal,0.6775888,1,32.80652105,0.466684186,0.499032392
image_0354_png_jpg.rf.ee48a69affe1116ab03adbd25a7126ea_flip.jpg,train,normal,0.6768305,1,32.99386161,0.514930793,0.502062115
image_0552_png_jpg.rf.5325c95f8f94fa2789f4f5ad0dbd500f.jpg,train,normal,0.6362561,1,32.5255102,0.475926879,0.501308576
image_0009_png_jpg.rf.7618a006b0a03f874cb7f807c1ebd42e.jpg,train,normal,0.71365744,1,33.0078125,0.489716752,0.499419394
image_0383_png_jpg.rf.2bf5cc81c651b6246e3c9a56ec5d0d39_flip.jpg,train,normal,0.6872193,1,32.35012755,0.508130193,0.498304999
image_0514_png_jpg.rf.218f91eb02d91dfefff70a9dfe1c29d9.jpg,train,normal,0.6983422,1,33.03571429,0.482991543,0.50015936
image_0873_png_jpg.rf.ccc46c317ed9659576c63d4a2f7b0517.jpg,train,normal,0.6738826,1,32.43781888,0.482993031,0.496668647
image_0302_png_jpg.rf.c89402bca7b6b575df16ea9bf8649e7a.jpg,train,normal,0.66034764,1,32.02527105,0.491904664,0.503092813
image_0702_png_jpg.rf.4a33000f4505c0508a9ad677d2a7b26f_flip.jpg,train,normal,0.67343706,1,33.00382653,0.51117285,0.501615821
image_0211_jpg.rf.4c720d4a58988b9c2c887453d17eaa79.jpg,train,normal,0.66829145,1,33.02574936,0.496811605,0.501420644
image_0231_jpg.rf.964721a12254930ee5e1c869d3ecfdf9.jpg,train,normal,0.6565326,1,32.31026786,0.46307422,0.501819964
image_0131_png_jpg.rf.3dd552dd2dbcdbe05d4d1cd0f50aff7a.jpg,train,normal,0.6852461,1,32.31624681,0.488986736,0.503292913
image_0046_png_jpg.rf.aa1edf51af9dbb643eb26dee0e4b3a67_flip.jpg,train,normal,0.7039976,1,32.93207908,0.507533792,0.501929711
image_0277_jpg.rf.5ad3857ea9c2ae6ac286c9b4777adae0.jpg,train,normal,0.6527093,1,31.7582111,0.482398674,0.50819281
image_0204_png_jpg.rf.aad8149bcc679874845b7f4c0c0e5d72.jpg,train,normal,0.6671624,1,32.91214923,0.483393695,0.498275571
image_0106_png_jpg.rf.41d2346860b66466c6b35c2f9615d6a5.jpg,train,normal,0.61124176,1,31.18821747,0.519674408,0.489397677
image_0015_png_jpg.rf.4187c7fdd279eca22afc7ddd6338dd7c_flip.jpg,train,normal,0.6627969,1,32.38400829,0.463251763,0.494945713
image_0394_jpg.rf.a200562a4563822b0c3ea39e3954121a.jpg,train,normal,0.6873601,1,32.3959662,0.469627498,0.496547337
image_0692_png_jpg.rf.bca4628a4a5d856da812deeae88e1d76.jpg,train,normal,0.6526349,1,32.19068878,0.504521065,0.502352961
image_0152_png_jpg.rf.26125406861d4b5ea1d2663f7babe648_flip.jpg,train,normal,0.7165914,1,32.95200893,0.512895957,0.500384192
image_0115_png_jpg.rf.b1f23b515c7d3556b9037178afcaaa7c.jpg,train,normal,0.6683401,1,31.73828125,0.500376633,0.50599379
image_0710_png_jpg.rf.73aa6aa946a715296998ac4b6b24b366.jpg,train,normal,0.67798805,1,33.02176339,0.483563646,0.502704149
image_0046_png_jpg.rf.ab9121492926cc75ec3c1792d780530b.jpg,train,normal,0.6780707,1,32.33816964,0.4861692,0.500874011
image_0502_png_jpg.rf.117d6e580c7527ce08045f67aff1c37b.jpg,train,normal,0.68887484,1,32.7606824,0.509329243,0.502196039
image_0126_png_jpg.rf.db869b74a199b42a2de88282bd864ad2_flip.jpg,train,normal,0.69378316,1,32.35212054,0.505090595,0.502597679
image_0089_png_jpg.rf.2f0d562ef1745497717627a36c5a44c6_flip.jpg,train,normal,0.71006703,1,33.01977041,0.516290122,0.502322816
image_0354_jpg.rf.ad1115f365035ec155b435f803b66641_flip.jpg,train,normal,0.65866786,1,31.1722736,0.498120635,0.501031732
image_0325_jpg.rf.f826e717c5b2ecbf279c831a77716e9a_flip.jpg,train,normal,0.6973041,1,32.99585459,0.50276817,0.501993004
image_0111_png_jpg.rf.bc4b050a19acbe1188bca7bf8780b8d8.jpg,train,normal,0.6851727,1,33.03571429,0.47851793,0.501386891
image_0048_png_jpg.rf.57ef3b6b28d826a2fc1daa5745436093_flip.jpg,train,normal,0.66108406,1,31.77415497,0.506959824,0.4987443
image_0600_png_jpg.rf.82e778fa42eb8e2acb2afca56620cf50.jpg,train,normal,0.67268777,1,32.67697704,0.509181605,0.501606946
image_0326_jpg.rf.4428b0d8ea6ec50c08173b1727a5ba3a_flip.jpg,train,normal,0.64927155,1,31.65258291,0.514578109,0.495207611
image_0051_png_jpg.rf.5903d039f0fdbcbb69a436c7c2127aac_flip.jpg,train,normal,0.6705921,1,32.69092793,0.464643046,0.495771357
image_0174_png_jpg.rf.2d6b97d38bce457e6ebff595cf5e569b_flip.jpg,train,normal,0.6838986,1,31.9136639,0.511438438,0.498670901
image_0111_png_jpg.rf.bc4b050a19acbe1188bca7bf8780b8d8_flip.jpg,train,normal,0.68516976,1,33.03571429,0.517017607,0.501386977
image_0353_jpg.rf.3790cc40f9d0138a3015320f5d295e0d_flip.jpg,train,normal,0.6788007,1,32.48166454,0.512541677,0.502300887
image_0999_png_jpg.rf.7efab75040beaef9a29568da99306882_flip.jpg,train,normal,0.69723016,1,32.99186862,0.520326123,0.503753272
image_0922_png_jpg.rf.c0b05e22bc96b9322ea435c676ad6111_flip.jpg,train,normal,0.6808634,1,32.37603635,0.526555762,0.500819567
image_0413_jpg.rf.45aeeee758e4f4a894200233504f04f2.jpg,train,normal,0.7031706,1,33.00382653,0.493223968,0.501526583
image_0416_jpg.rf.d0623dead0c12223c90da3bede3de6bf_flip.jpg,train,normal,0.65908325,1,31.86981824,0.516507656,0.503368361
image_0038_png_jpg.rf.5db4d7173a95f6b461df8bdfa827b333.jpg,train,normal,0.7010929,1,32.90816327,0.47698859,0.500319015
image_0922_png_jpg.rf.c0b05e22bc96b9322ea435c676ad6111.jpg,train,normal,0.68086517,1,32.37603635,0.46898023,0.500819757
image_0639_png_jpg.rf.d1bfaa00a8ae7b41e425ccbc58db6735_flip.jpg,train,normal,0.7131017,1,32.63512436,0.519049543,0.497401568
image_0367_jpg.rf.29cc2ca69818bf07b2bd9a85d78e1d66_flip.jpg,train,normal,0.67979217,1,32.95998087,0.508329809,0.500592257
image_0703_png_jpg.rf.a580f092bd71f8ce79727bd329b9f2ac_flip.jpg,train,normal,0.64633036,1,31.48915816,0.48702815,0.505058952
image_0098_png_jpg.rf.a38c385d4c3f5b489d15d53fe0468b32.jpg,train,normal,0.6733871,1,32.3700574,0.490894434,0.497925343
image_0574_png_jpg.rf.64311580772c9ec14ea36016cc97a72f_flip.jpg,train,normal,0.66021556,1,31.90170599,0.497524498,0.500374044
image_0113_png_jpg.rf.d2cae80fabdc6d7062a057b5e1d313a3.jpg,train,normal,0.6943357,1,32.4736926,0.468019042,0.503673388
image_0552_png_jpg.rf.904106b6733cda87e60dd00368379d5c.jpg,train,normal,0.6421549,1,32.46173469,0.49626726,0.502556273
image_0131_png_jpg.rf.e253da0805ab880338a7840b5d4fa180.jpg,train,normal,0.71175724,1,33.00581952,0.491799412,0.501225855
image_0350_jpg.rf.7978374aaefc865ac71da1221cf01ff6_flip.jpg,train,normal,0.68678147,1,32.78459821,0.476995779,0.501369851
image_0694_png_jpg.rf.cdf9514784e38e84e2b5aec543c643de_flip.jpg,train,normal,0.71908134,1,33.02774235,0.507002627,0.502854024
image_0201_png_jpg.rf.14bfb9b43c74be50577a5d45fda1a95b_flip.jpg,train,normal,0.69847655,1,32.33617666,0.49539604,0.506740349
image_0563_png_jpg.rf.117d52e98a7f54a2e660921f5fa937bc_flip.jpg,train,normal,0.67318213,1,32.9300861,0.509915459,0.49875633
image_0799_png_jpg.rf.2f38a26f8d00a1516d0e1d6040093b9d.jpg,train,normal,0.69788414,1,32.85435268,0.477444966,0.500240548
image_0936_png_jpg.rf.c6262a6e7c328273486d1b59be514b11.jpg,train,normal,0.7026387,1,33.01179847,0.490099653,0.500102469
image_0148_png_jpg.rf.a3860cd64dd809f25419318b2fb46fa0.jpg,train,normal,0.6555604,1,31.94156569,0.534195996,0.494167638
image_0027_png_jpg.rf.0324ae59daadf4f8430029d46f03084f_flip.jpg,train,normal,0.6485352,1,32.39198023,0.49755945,0.496036568
image_0704_png_jpg.rf.1724cf412075576fec7c2a498cb6e1da_flip.jpg,train,normal,0.6838713,1,33.03571429,0.514293586,0.500345732
image_0508_png_jpg.rf.263aff96306bc521639cd62a32bea86e.jpg,train,normal,0.708188,1,33.03571429,0.478427405,0.503007957
image_0306_jpg.rf.c713ab79720f5e83930609d8d792ca43_flip.jpg,train,normal,0.70560706,1,32.38002232,0.527443124,0.495321032
image_0406_png_jpg.rf.fb0c695f25f7eeb627813cdda1acdbcb_flip.jpg,train,normal,0.6850423,1,32.65505421,0.516777967,0.500175211
image_0052_png_jpg.rf.6ddf8de18c1e5f0ef51e66f7f39cebcf.jpg,train,normal,0.7105451,1,32.90019133,0.491448783,0.501074557
image_0888_png_jpg.rf.682ad61a11a6c45daf30e2fc638eaa5f.jpg,train,normal,0.68925554,1,33.01179847,0.480371676,0.500128601
image_0293_jpg.rf.e40ce204f6d580c61640a54cb56b8d17.jpg,train,normal,0.68227977,1,32.99585459,0.476232836,0.501755719
image_0324_png_jpg.rf.568ab73549122e4631b5667ffa0f4751_flip.jpg,train,normal,0.6990547,1,33.01578444,0.522904137,0.50140917
image_0346_jpg.rf.838fec492d73be2307f4c00d91b1cf91.jpg,train,normal,0.694678,1,32.97592474,0.482542171,0.500446672
image_0045_png_jpg.rf.75bb440e27f992316073d5f886f99c91_flip.jpg,train,normal,0.68156964,1,32.81847895,0.478969679,0.499671338
image_0271_jpg.rf.6af75cd0b137589169b3eec01014ab16.jpg,train,normal,0.7012669,1,33.03571429,0.471138377,0.502448532
image_0319_jpg.rf.7b3bf6e72c6f6bcdcdfeb500343a552d.jpg,train,normal,0.69043785,1,32.56138393,0.491855574,0.503639489
image_0727_png_jpg.rf.cb93ec60988bb33cfffe6988bcfb10a8.jpg,train,normal,0.6831514,1,32.81648597,0.479921498,0.500645985
image_0224_jpg.rf.514723ff82e58a871c8afdb215ba397e_flip.jpg,train,normal,0.6941627,1,32.85634566,0.504983365,0.500131459
image_0074_png_jpg.rf.166fe00621cd1d5e28f24acf3677d3b6.jpg,train,normal,0.65808827,1,32.77662628,0.501324418,0.500407956
image_0058_png_jpg.rf.f4fd26f2c8b3f9cba16673262dda293b_flip.jpg,train,normal,0.7095333,1,32.53148916,0.518286546,0.498116091
image_0263_jpg.rf.055cd33db05620a45c2899a113f9841d_flip.jpg,train,normal,0.65956897,1,32.94802296,0.50555521,0.506825276
image_0056_png_jpg.rf.f5b3e04662e9579abf1ee2620c396875_flip.jpg,train,normal,0.64941084,1,31.85786033,0.471858268,0.504702586
image_0815_png_jpg.rf.a8bd981f01b1429af4b687c60e336b32.jpg,train,normal,0.70771277,1,32.9161352,0.481023725,0.500101749
image_0782_png_jpg.rf.f23d9cbeaaab934c025d4c4a6f80ef52.jpg,train,normal,0.6997594,1,33.00581952,0.467956619,0.503563417
image_0732_png_jpg.rf.46143c03e34d0175efc5f7c738d523ab.jpg,train,normal,0.7093229,1,33.02176339,0.480151786,0.502687585
image_0099_png_jpg.rf.12224798dbce671625a4553842eb5a4e_flip.jpg,train,normal,0.699374,1,33.00581952,0.500935043,0.502475186
image_0020_png_jpg.rf.b4625d8de282782296f5844722d08cae.jpg,train,normal,0.68396664,1,32.89221939,0.475360484,0.498666759
image_0100_png_jpg.rf.a6bbc4d03e29ce5d257098ae1e07f040_flip.jpg,train,normal,0.6782657,1,32.71085778,0.493526714,0.50336564
image_0098_png_jpg.rf.08efeb16cdf5082e813c13c6a20847e5_flip.jpg,train,normal,0.68111724,1,32.6949139,0.50209768,0.502431066
image_0081_png_jpg.rf.486e471349e680e95c76ee1c65f40899.jpg,train,normal,0.71599704,1,33.01977041,0.492273253,0.500813796
image_0106_png_jpg.rf.41d2346860b66466c6b35c2f9615d6a5_flip.jpg,train,normal,0.61117136,1,31.18821747,0.475861411,0.489396954
image_0710_png_jpg.rf.03998b016f78246bf5768caededbf303_flip.jpg,train,normal,0.64689225,1,32.36607143,0.496961299,0.49817082
image_0348_png_jpg.rf.c13d086dfe45b2a3f361cad4bb246ef5.jpg,train,normal,0.6945135,1,32.98987564,0.482836332,0.500827712
image_0631_png_jpg.rf.21ce674974c92fd40369dfb5bfc588fb_flip.jpg,train,normal,0.6874845,1,32.39198023,0.520745888,0.500325594
image_0137_png_jpg.rf.a6e56c0c062d667094ed08fc24a2da77.jpg,train,normal,0.6797656,1,32.1229273,0.527523171,0.494991771
image_0187_jpg.rf.2b84588feda0297eb41e6ae79e60b017.jpg,train,normal,0.71680176,1,33.03571429,0.475367146,0.502910323
image_0232_jpg.rf.e5596b8543c0aa47ef970dd53014cd52.jpg,train,normal,0.6920091,1,33.03571429,0.475882092,0.501249719
image_0208_png_jpg.rf.d7552dc5bb97c666b9470c769b1f95c7_flip.jpg,train,normal,0.6623573,1,32.79854911,0.48440949,0.503288633
image_0024_png_jpg.rf.3a4e2feeccb3a96b73950f1b053df3b8_flip.jpg,train,normal,0.7211903,1,32.61320153,0.48459035,0.502051154
image_0703_png_jpg.rf.373ed5416e8e9404cda6e3c3b8901fb5.jpg,train,normal,0.6783387,1,32.89819834,0.488796081,0.499487846
image_0620_png_jpg.rf.5a5f3b356e53d72d18a79635c7ef0964_flip.jpg,train,normal,0.71620345,1,33.00382653,0.510508288,0.499737271
image_0413_jpg.rf.45aeeee758e4f4a894200233504f04f2_flip.jpg,train,normal,0.70317334,1,33.00382653,0.502311388,0.50152664
image_0280_jpg.rf.0a97c7038a5261b01f3354a058b784d4_flip.jpg,train,normal,0.66617155,1,32.87627551,0.50827089,0.502970655
image_0735_png_jpg.rf.ca3f5b68c78fb270d5f8536f322d57c0.jpg,train,normal,0.714178,1,32.8902264,0.477795635,0.498451017
image_0228_jpg.rf.232588df366812e797b45083eba9fb3f.jpg,train,normal,0.6858373,1,33.03571429,0.474828653,0.50229236
image_0990_png_jpg.rf.650c81a6081387be27d1e45a4311a08d_flip.jpg,train,normal,0.6534226,1,32.33418367,0.50145738,0.505513218
image_0192_jpg.rf.adaf5d0598cf7efc1604e1dc7ed56107_flip.jpg,train,normal,0.63506687,1,31.62268814,0.483752788,0.507015669
image_0046_png_jpg.rf.703c90bc1db46b9ea35feee19c7afe5a_flip.jpg,train,normal,0.6908928,1,32.90816327,0.51282777,0.499193867
image_0802_png_jpg.rf.b924e694d0ed3900fb4f289739aba18e.jpg,train,normal,0.7139605,1,33.00581952,0.471814419,0.502376814
image_0299_jpg.rf.96b8470643c0e687dc408495b95c6f12_flip.jpg,train,normal,0.67769486,1,32.11894133,0.518386699,0.496056791
image_0442_png_jpg.rf.b0ace31ad12691755bb5c92f033debcc.jpg,train,normal,0.6842608,1,32.42386798,0.473175968,0.499749327
image_0209_jpg.rf.420e1b7542c9ffd0e0c6dc2506af4e3f_flip.jpg,train,normal,0.6801674,1,32.44180485,0.520375052,0.502666353
image_0262_png_jpg.rf.0ad0d762391590723d5fb41da885d40f_flip.jpg,train,normal,0.696822,1,32.86631059,0.514903761,0.500127662
image_0178_jpg.rf.f917edfb5ec0db7ba84782020d0a9c1d_flip.jpg,train,normal,0.6877393,1,32.8902264,0.508618445,0.500318678
image_0416_jpg.rf.d0623dead0c12223c90da3bede3de6bf.jpg,train,normal,0.65908694,1,31.86981824,0.4790282,0.503368705
image_0166_png_jpg.rf.c5edff68b8f317c81cb80e87423cf5fd.jpg,train,normal,0.6943331,1,31.80205676,0.531794545,0.495693535
image_0229_jpg.rf.dc78072e05b044ecba44794aff2d8b2f_flip.jpg,train,normal,0.6782468,1,32.75071747,0.472120277,0.500352347
image_0231_jpg.rf.192191dd7f88a590a5cccd944de59629_flip.jpg,train,normal,0.6745233,1,32.88225446,0.519159909,0.49911009
image_0705_png_jpg.rf.a10ed394b9af482656f5e891bceaefaf.jpg,train,normal,0.70119584,1,32.92410714,0.487884838,0.49948079
image_0600_png_jpg.rf.82e778fa42eb8e2acb2afca56620cf50_flip.jpg,train,normal,0.67276627,1,32.67697704,0.486352677,0.501607293
image_0974_png_jpg.rf.465092b12fa6fbcd0ec31c00f3606e98_flip.jpg,train,normal,0.7182017,1,32.90218431,0.51789797,0.498316483
image_0383_png_jpg.rf.2bf5cc81c651b6246e3c9a56ec5d0d39.jpg,train,normal,0.6872186,1,32.35012755,0.487406161,0.498304648
image_0084_png_jpg.rf.62eade8df36623bd7c9181adac13c21b.jpg,train,normal,0.65250444,1,32.7208227,0.524541286,0.497480883
image_0173_png_jpg.rf.50a62ef88cf6d8972832b506927061a9_flip.jpg,train,normal,0.69548273,1,32.69690689,0.506315479,0.502098668
image_0195_png_jpg.rf.7297f6aa44254efcd12f82545186fbfb_flip.jpg,train,normal,0.69769794,1,33.00980548,0.511780721,0.501593081
image_0308_jpg.rf.8b3118567e102c4e782e9b4ab9dd1cfd_flip.jpg,train,normal,0.663942,1,32.44379783,0.49015803,0.501327363
image_0325_jpg.rf.f0e5351448e5b0c2b3ba44ba0d91f0a9_flip.jpg,train,normal,0.69222724,1,32.90617028,0.501155526,0.502738517
image_0774_png_jpg.rf.565c2dfd2849969a3260647cb098fdab_flip.jpg,train,normal,0.7005056,1,33.03571429,0.51900388,0.502025651
image_0213_png_jpg.rf.54e0ab95f2fd34b8c6027b62b85ae25a_flip.jpg,train,normal,0.6650549,1,32.31425383,0.478425658,0.497069036
image_0319_jpg.rf.b0fc489c15ed0e9728c9f3d595e317bb.jpg,train,normal,0.6854098,1,32.53148916,0.476406044,0.498245738
image_0974_png_jpg.rf.465092b12fa6fbcd0ec31c00f3606e98.jpg,train,normal,0.7182026,1,32.90218431,0.477637993,0.498316341
image_0242_jpg.rf.09529fecdfb0cc90c2d08555856f0119_flip.jpg,train,normal,0.6973763,1,33.01179847,0.516293741,0.502018106
image_0397_jpg.rf.6bd9dcd7e833c4050f86f3c2dcbd8810_flip.jpg,train,normal,0.6449298,1,31.48716518,0.518472218,0.494299991
image_0829_png_jpg.rf.2f6d67f70cb96ab280e63a85a45da8d2_flip.jpg,train,normal,0.68635577,1,32.9161352,0.513559344,0.500642679
image_0888_png_jpg.rf.4a8729f3b20458762fb1e3922d3c6e59.jpg,train,normal,0.64714146,1,31.89572704,0.475487258,0.50051325
image_0414_jpg.rf.3b9ac8d54e5237aa01b36f86be9d503c_flip.jpg,train,normal,0.651926,1,31.80604273,0.515784023,0.498764273
image_0132_png_jpg.rf.e280ac06982d67dece874cd15b481ad9.jpg,train,normal,0.66414493,1,32.27439413,0.489711153,0.497108546
image_0390_jpg.rf.9e32b96b5c33a9a4ef2240a179812cfc.jpg,train,normal,0.636256,1,32.24848533,0.471695305,0.495011813
image_0056_png_jpg.rf.61637cfd1043dedcc874f4b2d940d3de_flip.jpg,train,normal,0.6823983,1,32.94204401,0.521834112,0.498050012
image_0012_png_jpg.rf.00e44bdfeb278ae92b08d0d51ab60d10_flip.jpg,train,normal,0.65505373,1,32.54344707,0.480964489,0.504142257
image_0062_png_jpg.rf.b797d3b354aaa98fb8bd8b46a712ffa2.jpg,train,normal,0.68661594,1,32.63512436,0.477969643,0.500814606
image_0692_png_jpg.rf.419c97e5fa4ac1539b6e4c6079f5f902_flip.jpg,train,normal,0.66035455,1,32.32421875,0.495592631,0.504656486
image_0179_png_jpg.rf.f62ead0ef228c7527c3fa7cd27172be5_flip.jpg,train,normal,0.6842873,1,33.0078125,0.518716947,0.502095191
image_0136_png_jpg.rf.68362085266f1838e9e0646ec828f773_flip.jpg,train,normal,0.64684063,1,31.78810587,0.509609528,0.503956213
image_0263_jpg.rf.087772f331806378781c6e43a6b43e8b.jpg,train,normal,0.66808474,1,32.99984056,0.486709434,0.505519191
image_0348_jpg.rf.1ad26c38150b46a6c0e089ec844cb196_flip.jpg,train,normal,0.6879132,1,32.88424745,0.519752121,0.497777577
image_0376_jpg.rf.0b8a8ffe40ad9974583485d57a1d227a_flip.jpg,train,normal,0.70369804,1,32.92211416,0.526673345,0.50104015
image_0015_png_jpg.rf.cadcdea53b404a7329c9c28390dc7e7a.jpg,train,normal,0.6585147,1,32.33816964,0.466123733,0.499874391
image_0274_jpg.rf.64255fe714f4db3ecc65128d4f63da06_flip.jpg,train,normal,0.67701465,1,31.35164222,0.534746922,0.502483105
image_0113_png_jpg.rf.c9c2c5d7e15f9f89a3c2f28fd479cd15.jpg,train,normal,0.68872136,1,32.44379783,0.529110913,0.5000149
image_0098_png_jpg.rf.db4187eb03306d7ca285506d72e8f2fe_flip.jpg,train,normal,0.6722714,1,32.52152423,0.495594821,0.50305979
image_0051_png_jpg.rf.708b70be98bd8613285cd3b5acb800f0.jpg,train,normal,0.68436927,1,33.01578444,0.475373363,0.501200646
image_0436_png_jpg.rf.9df0d12f8d0ff155601608d8dbf9503c_flip.jpg,train,normal,0.68230826,1,33.00382653,0.522283804,0.500229815
image_0192_jpg.rf.f28d7eee029bb2a26f335f78282dc3d4.jpg,train,normal,0.67514044,1,32.87428253,0.486590276,0.499782538
image_0224_jpg.rf.514723ff82e58a871c8afdb215ba397e.jpg,train,normal,0.6941604,1,32.85634566,0.490552999,0.50013134
image_0367_jpg.rf.29cc2ca69818bf07b2bd9a85d78e1d66.jpg,train,normal,0.6797503,1,32.95998087,0.487204622,0.500592993
image_0249_jpg.rf.30cbaa97664198d9dc50f17f764ea63e.jpg,train,normal,0.68414026,1,32.93207908,0.473821969,0.499308162
image_0180_jpg.rf.8f0e0efb0e358759d4f05b44ac8d5d6d_flip.jpg,train,normal,0.6759653,1,32.73875957,0.516547311,0.501745628
image_0212_jpg.rf.8d0fe37b07379939b0d2480dcff643e4_flip.jpg,train,normal,0.6582955,1,32.88026148,0.505515555,0.497155974
image_0970_png_jpg.rf.5d3a66997f61e22e971e4917c4723ddb_flip.jpg,train,normal,0.6534746,1,32.92012117,0.508215647,0.498102281
image_0136_png_jpg.rf.caef4944b7ae191d5295f25a564dca65.jpg,train,normal,0.6726619,1,32.88424745,0.486153642,0.499350391
image_0233_jpg.rf.df1f3ce7e40cd1e39c5958cb5448eefa_flip.jpg,train,normal,0.68732136,1,32.95200893,0.514483692,0.499907973
image_0131_png_jpg.rf.e253da0805ab880338a7840b5d4fa180_flip.jpg,train,normal,0.71175766,1,33.00581952,0.503735083,0.501225435
image_0071_png_jpg.rf.8b4cac2520cc852932940daf55a5cf95_flip.jpg,train,normal,0.68196476,1,32.37603635,0.525810829,0.503891273
image_0383_png_jpg.rf.f1478f64c43fdddee5c513ac93776ae7_flip.jpg,train,normal,0.7013913,1,32.9300861,0.512433917,0.500594697
image_0208_png_jpg.rf.6fb8ac1cea5974804a734043cef2c96a.jpg,train,normal,0.65854865,1,32.29830995,0.480168271,0.497948965
image_0347_jpg.rf.90fc8b7a06468a6ee2545c2e3c0b0ce9_flip.jpg,train,normal,0.67396736,1,32.45774872,0.522371489,0.503903056
image_0157_jpg.rf.085c9bc96bea422c5df2c94d0bfda475.jpg,train,normal,0.65946895,1,32.41589605,0.474386384,0.503464295
image_0326_jpg.rf.0c55217bad1653b0b55e66f5674612b7_flip.jpg,train,normal,0.6630227,1,32.29830995,0.48506912,0.502177948
image_0433_png_jpg.rf.9893e3096dea683052696de072bf6a0e_flip.jpg,train,normal,0.7083926,1,32.8902264,0.50996981,0.499607782
image_0938_png_jpg.rf.d79b1afe9487db151e34c682b8ff52fd_flip.jpg,train,normal,0.6884718,1,31.47919324,0.523373746,0.50269694
image_0974_png_jpg.rf.94e6308c88254db9bb2450dc1299bf0d_flip.jpg,train,normal,0.7022109,1,32.34215561,0.521942109,0.499008099
image_0422_png_jpg.rf.b635f237cc4cf5fbcbc24004f538aab3.jpg,train,normal,0.6848496,1,33.00382653,0.483060259,0.5009595
image_0028_png_jpg.rf.b302e2f6750cceeecdd421c107f48117_flip.jpg,train,normal,0.67071575,1,32.93606505,0.520570913,0.498786386
image_0143_png_jpg.rf.e49775c2ffdc2e200915f9aa79d4093f.jpg,train,normal,0.70554686,1,33.00980548,0.470198793,0.503154919
image_0516_png_jpg.rf.3fce7078548d392ee97e1cfeb99fe95e_flip.jpg,train,normal,0.659139,1,32.10299745,0.485933843,0.502029264
image_0873_png_jpg.rf.ccc46c317ed9659576c63d4a2f7b0517_flip.jpg,train,normal,0.67388576,1,32.43781888,0.5125415,0.496668455
image_0508_png_jpg.rf.263aff96306bc521639cd62a32bea86e_flip.jpg,train,normal,0.7081893,1,33.03571429,0.517107888,0.503008262
image_0394_jpg.rf.62d48ebe2c423bfeb0f036022199824b_flip.jpg,train,normal,0.7052777,1,32.99984056,0.512064025,0.500714316
image_0397_jpg.rf.dd97a7478ee4886c2c5274604385c9a0.jpg,train,normal,0.6891888,1,33.00980548,0.487901547,0.498387402
image_0120_png_jpg.rf.34e8f50122277bfe60d44225b24d170e_flip.jpg,train,normal,0.6847235,1,32.9041773,0.516100625,0.499656307
image_0374_jpg.rf.0e4835a51894b04999c209597fb836bc.jpg,train,normal,0.62101686,1,31.94754464,0.501098305,0.505973896
image_0959_png_jpg.rf.8b5f7d1dbd8eedeb9a942647ad503c5d_flip.jpg,train,normal,0.71532875,1,32.99186862,0.527865409,0.503042587
image_0115_png_jpg.rf.6ea04d2d0350362b9cf1b624a62a2fd4_flip.jpg,train,normal,0.68567336,1,32.97991071,0.517170175,0.501322299
image_0829_png_jpg.rf.40b4216428abb550c10a658289a53f80.jpg,train,normal,0.64098936,1,31.68845663,0.481099432,0.494674823
image_0089_png_jpg.rf.62fa6d528b7161e947454935ea891eac.jpg,train,normal,0.67512906,1,31.99338329,0.467063568,0.50425652
image_0442_png_jpg.rf.1d969275d9de36da199809ad390b9583_flip.jpg,train,normal,0.6929038,1,32.99186862,0.515473469,0.499818456
image_0433_png_jpg.rf.9893e3096dea683052696de072bf6a0e.jpg,train,normal,0.70835483,1,32.8902264,0.485567906,0.49960883
image_0080_png_jpg.rf.a26cf52f541c84972ae761af1c373046.jpg,train,normal,0.703592,1,32.37802934,0.486153515,0.499659527
image_0469_png_jpg.rf.58da698554e0b47d323e9df86ec0a54a_flip.jpg,train,normal,0.7084484,1,32.43981186,0.480476946,0.498012685
image_0354_png_jpg.rf.ee48a69affe1116ab03adbd25a7126ea.jpg,train,normal,0.6768307,1,32.99386161,0.480605691,0.502062047
image_0219_jpg.rf.3653d34e600c388097db17fc5ab64552_flip.jpg,train,normal,0.6822946,1,32.10100446,0.514360498,0.504630365
image_0279_png_jpg.rf.c4f82f71fe21dd3575492e9bb94121c4.jpg,train,normal,0.72038954,1,32.89620536,0.481786627,0.499740535
image_0798_png_jpg.rf.cc9eb7d8387db88e1ea4fb56e0734f4f_flip.jpg,train,normal,0.6920335,1,33.00980548,0.519421427,0.501114124
image_0071_png_jpg.rf.8b4cac2520cc852932940daf55a5cf95.jpg,train,normal,0.68204266,1,32.37603635,0.469724632,0.503891664
image_0036_png_jpg.rf.24e55f98eae2024272ca6456eb74ed1a.jpg,train,normal,0.7206172,1,32.94204401,0.468695318,0.498143665
image_0074_png_jpg.rf.56aec77d4e7ae8c7b509950431370299.jpg,train,normal,0.66156465,1,32.8384088,0.495378933,0.499751992
image_0710_png_jpg.rf.a2d547c65e71695b02d6b0d9e075e25d.jpg,train,normal,0.6489216,1,32.27638712,0.484386448,0.500442023
image_0354_png_jpg.rf.551e6755bd6fd4c0bc9d11af14695d85_flip.jpg,train,normal,0.659844,1,32.40991709,0.522150377,0.503858575
image_0284_jpg.rf.beb8b6be4ff284b594da0c94e0bb0fe8.jpg,train,normal,0.6810984,1,32.88624043,0.483830124,0.501617231
image_0409_png_jpg.rf.9a012358b12629545e9c3858d681466a.jpg,train,normal,0.7170459,1,32.95998087,0.481984304,0.498561563
image_0206_jpg.rf.ac0fab2915ce49b6a1ad24177f6e489f.jpg,train,normal,0.6601718,1,31.73030931,0.521172034,0.505182442
image_0054_png_jpg.rf.3a78a7d196f85e06108d72eb7cd4df7f_flip.jpg,train,normal,0.6649658,1,32.82844388,0.509359375,0.499460099
image_0390_png_jpg.rf.788cad5b39669f3baf4145354fe0a150_flip.jpg,train,normal,0.7294185,1,33.03571429,0.516752057,0.50200791
image_0824_png_jpg.rf.ff5c73d8ea8891b3ad5f86be2dc295b7.jpg,train,normal,0.7048427,1,33.03571429,0.481349879,0.500975051
image_0176_jpg.rf.e0a9559fb76e4d75ef4b182bae6d91d2_flip.jpg,train,normal,0.65723604,1,32.57932079,0.467468047,0.49706029
image_0990_png_jpg.rf.faa6f04241ae3496f6db8cb5f49cb91c_flip.jpg,train,normal,0.61579,1,31.15035077,0.480714545,0.501716722
image_0177_jpg.rf.8867158d87798777ddf8e24fd6a22674.jpg,train,normal,0.64390886,1,32.47169962,0.500548941,0.498252246
image_0160_jpg.rf.3022184a6703dce1c0c97cd15167e766.jpg,train,normal,0.66033816,1,32.34215561,0.485476363,0.498540168
image_0173_jpg.rf.a0f32feaa32a0491b6b0db420fe71d46.jpg,train,normal,0.6963534,1,32.9819037,0.477788232,0.501271696
image_0335_jpg.rf.12bfe786cbd24c1efc2ad80b0a1a7cbc.jpg,train,normal,0.72910595,1,33.01977041,0.488091423,0.50050282
image_0157_jpg.rf.085c9bc96bea422c5df2c94d0bfda475_flip.jpg,train,normal,0.65953946,1,32.41589605,0.521149455,0.503464548
image_0084_png_jpg.rf.665031aae4de7cc361b906bc846a8562.jpg,train,normal,0.6643485,1,32.94005102,0.480428304,0.500181406
image_0263_jpg.rf.087772f331806378781c6e43a6b43e8b_flip.jpg,train,normal,0.66808295,1,32.99984056,0.508825944,0.50551961
image_0093_png_jpg.rf.ce59a30a2fe02afd80d50768a48d3006_flip.jpg,train,normal,0.68765545,1,33.01578444,0.514003734,0.500970179
image_0262_png_jpg.rf.055256288c0a833adb13573bd095ddca.jpg,train,normal,0.6962439,1,32.80054209,0.479952609,0.499742034
image_0084_png_jpg.rf.fb57442fd33489aaaaa1674b2849c2be.jpg,train,normal,0.64403176,1,32.33816964,0.521203342,0.499558951
image_0293_jpg.rf.51fd07388576cb8f54b2ab9b4f97a54d_flip.jpg,train,normal,0.6718855,1,32.39995217,0.528372478,0.501416815
image_0015_png_jpg.rf.4187c7fdd279eca22afc7ddd6338dd7c.jpg,train,normal,0.66268337,1,32.38201531,0.53228495,0.494945255
image_0169_png_jpg.rf.d6bf7b5ed2108bfd3b08afaad888b6af.jpg,train,normal,0.7023974,1,32.44977679,0.471287537,0.501491914
image_0024_png_jpg.rf.b9801d4a46178452a039c5948680469d_flip.jpg,train,normal,0.7375855,1,33.03571429,0.511101495,0.500659724
image_0598_png_jpg.rf.a26ebc0d6223f4a7fc8df39d13ea2b6b_flip.jpg,train,normal,0.68064356,1,32.50757334,0.523179409,0.50149807
image_0961_png_jpg.rf.d195c313eadff3b2fc0866896b0200c3.jpg,train,normal,0.6892469,1,33.01977041,0.47695876,0.503106991
image_0239_png_jpg.rf.d6cac8ceb61c3c8af401f7caf0312276_flip.jpg,train,normal,0.69427365,1,33.01379145,0.518263749,0.50021629
image_0354_png_jpg.rf.1cc339ad7d4d96d6ecb00e12874f5a06_flip.jpg,train,normal,0.6656736,1,32.38998724,0.509125052,0.500104137
image_0180_jpg.rf.356ca9070c1b148979ce2b7ef8733801_flip.jpg,train,normal,0.6604262,1,32.27439413,0.461778699,0.495110973
image_0442_png_jpg.rf.4c1ed4dd25d5c3dde0eb1f46b36de794_flip.jpg,train,normal,0.6578383,1,32.18271684,0.51196431,0.499370873
image_0403_jpg.rf.c5f9ec10d08ceda74b8146a5fb3ca23d_flip.jpg,train,normal,0.64640975,1,31.33171237,0.500273123,0.501677176
image_0273_jpg.rf.53999a48e23fa356dc27936c9e5193d7_flip.jpg,train,normal,0.6819052,1,32.39198023,0.493647511,0.500503399
image_0061_png_jpg.rf.2b6b37c0ebc4b9a748873087b6e5bb07.jpg,train,normal,0.7135679,1,33.01179847,0.476782112,0.501110959
image_0276_jpg.rf.ef55e4c5ab922bd0854a9d922fce7e10.jpg,train,normal,0.64410645,1,31.77415497,0.509914453,0.505827226
image_0229_jpg.rf.fa229fb4fbaeedba39bd095ac6ecd553_flip.jpg,train,normal,0.6852573,1,32.92012117,0.521176691,0.498538642
image_0577_png_jpg.rf.ce406ade68cb03af5127cb78fb18229f.jpg,train,normal,0.66251606,1,31.76618304,0.471672393,0.500460945
image_0631_png_jpg.rf.10654a50f6aecc95908e4f8f53fc5cb7.jpg,train,normal,0.68632823,1,32.43183992,0.511792257,0.503934923
image_0694_png_jpg.rf.62ee22857b341e5175a918666c10f653.jpg,train,normal,0.70430946,1,32.48166454,0.485484588,0.502110081
image_0402_jpg.rf.81d3e91867030762867b8759608d4a53.jpg,train,normal,0.67444396,1,32.33617666,0.493317594,0.500618305
image_0825_png_jpg.rf.c542d949bd9cbde15c1d386e025dbda7_flip.jpg,train,normal,0.7196124,1,32.90218431,0.513115532,0.498769241
image_0219_jpg.rf.12d26267960a61a3390760cc1dd6d077_flip.jpg,train,normal,0.64900327,1,31.75621811,0.450242658,0.490129648
image_0782_png_jpg.rf.f23d9cbeaaab934c025d4c4a6f80ef52_flip.jpg,train,normal,0.6998813,1,33.00581952,0.527577765,0.503563603
image_0694_png_jpg.rf.cdf9514784e38e84e2b5aec543c643de.jpg,train,normal,0.71907806,1,33.02774235,0.48853334,0.50285389
image_0051_png_jpg.rf.5903d039f0fdbcbb69a436c7c2127aac.jpg,train,normal,0.6705141,1,32.69092793,0.530892611,0.495771368
image_0326_jpg.rf.0c55217bad1653b0b55e66f5674612b7.jpg,train,normal,0.6630281,1,32.30030293,0.510469489,0.502178706
image_0174_png_jpg.rf.4a3369546f7de2e66add1c24d5e79a89.jpg,train,normal,0.7027543,1,32.90218431,0.486635817,0.500402234
image_0180_png_jpg.rf.2bcbcd18f5693daa29ba421a5a4912ce.jpg,train,normal,0.65639216,1,32.02527105,0.530507724,0.498523168
image_0380_jpg.rf.eca140e4f790a8e7524c9903a452e6f2_flip.jpg,train,normal,0.6733216,1,32.37404337,0.511808377,0.497458168
image_0416_jpg.rf.1622fb1d070063cfcb186222572358cd_flip.jpg,train,normal,0.6483363,1,32.05117985,0.531454077,0.496223926
image_0046_png_jpg.rf.22af4da88327210c7b845fa038247147.jpg,train,normal,0.6755211,1,31.97345344,0.483245641,0.499783735
image_0715_png_jpg.rf.7da067b96299296c1dd7ef026de4a1bd.jpg,train,normal,0.6662004,1,32.38600128,0.50443341,0.502227189
image_0099_png_jpg.rf.d057d99a26bbcac2684a66966fd2cec1.jpg,train,normal,0.70078385,1,32.5135523,0.516593828,0.494105663
image_0243_jpg.rf.63a26539134cd63d11f2b961f2880866.jpg,train,normal,0.68012667,1,32.80851403,0.519272705,0.501085358
image_0053_png_jpg.rf.07974d418f0aedb5f27026148e51c6d8.jpg,train,normal,0.6647394,1,33.00382653,0.483377659,0.500985978
image_0432_png_jpg.rf.2cb495dfd40d911c37aeb3583e646a9f.jpg,train,normal,0.7073286,1,33.01578444,0.484780991,0.500779648
image_0167_png_jpg.rf.ef2b33bedb8976982e7fee9a2107076f.jpg,train,normal,0.6849842,1,32.35809949,0.470169957,0.505584939
image_0387_jpg.rf.a87d70fd2ae7989718e4e637568edd31_flip.jpg,train,normal,0.67485887,1,33.02574936,0.518882788,0.501942277
image_0152_png_jpg.rf.26125406861d4b5ea1d2663f7babe648.jpg,train,normal,0.7167122,1,32.95200893,0.482639804,0.500383814
image_0248_jpg.rf.b88c8f46b8c15ab701a44835f6e6b8fb_flip.jpg,train,normal,0.6990486,1,33.00980548,0.524257956,0.502993111
image_0224_jpg.rf.275641150e627929bd2dc35b93bcc8b6.jpg,train,normal,0.69527197,1,32.98588967,0.490764642,0.500718366
image_0148_png_jpg.rf.205a76571f1c21660680b0ca1e157759_flip.jpg,train,normal,0.68132484,1,32.90617028,0.518936664,0.499296778
image_0333_png_jpg.rf.031d16abd4c72114be3ce708fd16ae83.jpg,train,normal,0.701817,1,32.90617028,0.487483599,0.497741746
image_0147_png_jpg.rf.eb05b4eb2586014aab86d393a3c8f35d_flip.jpg,train,normal,0.6963673,1,32.47967156,0.521157317,0.505789487
image_0423_jpg.rf.c5a06a3c1942941b32b11069f9f8ce71_flip.jpg,train,normal,0.70734507,1,32.421875,0.53390812,0.503927678
image_0714_png_jpg.rf.7065636f13af0c899e627f065ba05981_flip.jpg,train,normal,0.6852341,1,33.01379145,0.518153826,0.502391137
image_0167_png_jpg.rf.ef2b33bedb8976982e7fee9a2107076f_flip.jpg,train,normal,0.68502575,1,32.35809949,0.525365104,0.505584458
image_0760_png_jpg.rf.83396faeaf2683520f3474f6a9d051e8.jpg,train,normal,0.663837,1,32.30030293,0.485577326,0.500311884
image_0054_png_jpg.rf.3a78a7d196f85e06108d72eb7cd4df7f.jpg,train,normal,0.6650413,1,32.82645089,0.486175225,0.4994605
image_0077_png_jpg.rf.d5eedbe5ae496fd995931f15b086b577.jpg,train,normal,0.67566353,1,31.89373406,0.530565424,0.496889796
image_0062_png_jpg.rf.b797d3b354aaa98fb8bd8b46a712ffa2_flip.jpg,train,normal,0.6866178,1,32.63512436,0.517566933,0.500814452
image_0334_jpg.rf.773739081c8a055fbf9e3bd77ef3b169_flip.jpg,train,normal,0.678209,1,32.87029656,0.514733788,0.499555519
image_0334_jpg.rf.b536517fb3ee6c11ec1c2516c43c29b7_flip.jpg,train,normal,0.657779,1,32.30229592,0.502000295,0.503595572
image_0252_png_jpg.rf.d82820285089705e96ee4f7255f6c13a.jpg,train,normal,0.68138117,1,32.20264668,0.481049883,0.496421022
image_0353_jpg.rf.e6b6ed8ced97cd0a8d8a877d76c494a7_flip.jpg,train,normal,0.69510704,1,33.03571429,0.507969627,0.500000515
image_0702_png_jpg.rf.8dec21bab9410e6c02161565220f85b6.jpg,train,normal,0.6495772,1,32.21061862,0.500457654,0.502108862
image_0319_jpg.rf.7b3bf6e72c6f6bcdcdfeb500343a552d_flip.jpg,train,normal,0.69043994,1,32.56138393,0.503679493,0.503639869
image_0053_png_jpg.rf.07974d418f0aedb5f27026148e51c6d8_flip.jpg,train,normal,0.6646648,1,33.00382653,0.512157093,0.500986121
image_0173_png_jpg.rf.50a62ef88cf6d8972832b506927061a9.jpg,train,normal,0.695482,1,32.69690689,0.489219748,0.502098968
image_0423_jpg.rf.1a1d4514c55504b8a4c5df57ef13b09c.jpg,train,normal,0.71728,1,33.03571429,0.468861596,0.502861746
image_0312_jpg.rf.7e72f6e3de459f2bc1ba0198648a0d93_flip.jpg,train,normal,0.7047623,1,33.00581952,0.505425526,0.500164138
image_0099_png_jpg.rf.5087174da77b597600cded8ff4a4aad8.jpg,train,normal,0.6865887,1,32.43383291,0.492701297,0.502294871
image_0508_png_jpg.rf.28db4e29ca68fe44f8d4fbbcaf3b8375_flip.jpg,train,normal,0.69074297,1,32.46970663,0.507516606,0.503416778
image_0231_jpg.rf.68c2959d3f772087f9faa9b63d0a7bba.jpg,train,normal,0.6743817,1,32.84239477,0.475869928,0.498847653
image_0233_jpg.rf.eb96bec7938cf28cf9ebb7bf8a9097a2.jpg,train,normal,0.68174887,1,32.62117347,0.515481855,0.501484407
image_0146_png_jpg.rf.86eb015bb27718e22374efe77b04d6f4_flip.jpg,train,normal,0.69778603,1,32.32421875,0.48508797,0.503132029
image_0700_png_jpg.rf.c3264419c6624da57135b48adefc320a.jpg,train,normal,0.64537525,1,31.90170599,0.494218588,0.50715487
image_0285_png_jpg.rf.54a86a72be784d2ebb1f12cac4566f66_flip.jpg,train,normal,0.6860932,1,32.63911033,0.521769163,0.501885732
image_0390_jpg.rf.89e4fdefd635efa9bc444a8a997be640_flip.jpg,train,normal,0.6548375,1,32.85036671,0.505981529,0.497456731
image_0123_png_jpg.rf.a5be84706fe858f337ff9629bb08c924_flip.jpg,train,normal,0.71954864,1,33.00980548,0.521910037,0.501890246
image_0319_jpg.rf.b0fc489c15ed0e9728c9f3d595e317bb_flip.jpg,train,normal,0.6852962,1,32.53348214,0.51912796,0.498246542
image_0203_png_jpg.rf.847ce6e5bdb3fe1aa126add0d4a8f340_flip.jpg,train,normal,0.6239833,1,31.39548788,0.523933191,0.50125364
image_0098_png_jpg.rf.db4187eb03306d7ca285506d72e8f2fe.jpg,train,normal,0.6722748,1,32.52152423,0.499941563,0.50305973
image_0174_jpg.rf.06f21bbe96ec29ad50a514281cb2c6ba_flip.jpg,train,normal,0.65724105,1,31.66454082,0.484616598,0.497438922
image_0442_png_jpg.rf.1d969275d9de36da199809ad390b9583.jpg,train,normal,0.69290173,1,32.99186862,0.480061891,0.499818503
image_0048_png_jpg.rf.c140b3aa5a9a8aa497e0841436a823fa_flip.jpg,train,normal,0.6756756,1,31.8877551,0.514048627,0.498369245
image_0176_jpg.rf.18d5dc8cc16cd6ccd161c9e6b90e3e95_flip.jpg,train,normal,0.6840423,1,32.94005102,0.508933517,0.501281728
image_0511_png_jpg.rf.527b134f9c9a1f4b78301fa3da6fcfdf.jpg,train,normal,0.703945,1,32.93805804,0.481418316,0.499732346
image_0222_png_jpg.rf.1810007a9dae42ac1d00b4a338650fed_flip.jpg,train,normal,0.71340245,1,32.97393176,0.510722333,0.500182499
image_0213_png_jpg.rf.3c41f7c77e8c22ceea5a71e600165d1b.jpg,train,normal,0.6674346,1,32.57732781,0.515214427,0.494420481
image_0681_png_jpg.rf.1b268c47fec790db0ad2d2fecbf86b31.jpg,train,normal,0.70827734,1,32.62316645,0.485951712,0.49771197
image_0327_jpg.rf.d84bd4dc559844181fb67dc77c995b9e_flip.jpg,train,normal,0.7087321,1,33.01977041,0.504350007,0.497314327
image_0336_png_jpg.rf.35fd59c35da89b2fa63219590dfde0f5_flip.jpg,train,normal,0.70344836,1,33.01977041,0.515652931,0.501389211
image_0681_png_jpg.rf.2f0a5f18ded64804b4beb9de003bde9a.jpg,train,normal,0.71609503,1,32.91414222,0.487868389,0.499745058
image_0198_jpg.rf.82ca2caf0ad5ff8ded9a9e7bf6feac84_flip.jpg,train,normal,0.6616018,1,32.46173469,0.484390735,0.502136444
image_0243_jpg.rf.63a26539134cd63d11f2b961f2880866_flip.jpg,train,normal,0.6800848,1,32.80851403,0.476263051,0.501086042
image_0242_jpg.rf.09529fecdfb0cc90c2d08555856f0119.jpg,train,normal,0.6973384,1,33.01179847,0.47924152,0.502017927
image_0100_png_jpg.rf.f3d99b60b0740bf6195d8ad2f145164a_flip.jpg,train,normal,0.71190315,1,32.93207908,0.512157414,0.500503696
image_0406_png_jpg.rf.91337926c2f660df0157b995482c3d91.jpg,train,normal,0.68790185,1,33.03571429,0.479232844,0.501801527
image_0036_png_jpg.rf.52e7bef98caf129b17ac46b3105e29ec.jpg,train,normal,0.696738,1,32.33219069,0.479896381,0.501818052
image_0179_jpg.rf.0ebb3087ad49dcd0f2a521358f70189e.jpg,train,normal,0.66840285,1,32.75669643,0.481573206,0.503037919
image_0262_png_jpg.rf.055256288c0a833adb13573bd095ddca_flip.jpg,train,normal,0.69624686,1,32.80054209,0.515582445,0.499742091
image_0813_png_jpg.rf.5c062dc232956307bc35d35b8f900d66.jpg,train,normal,0.7195362,1,32.90617028,0.483982391,0.49906835
image_0133_png_jpg.rf.de1ac892e195dc70511ac89867198769_flip.jpg,train,normal,0.6449287,1,31.81202168,0.501252926,0.500112198
image_0229_jpg.rf.fa229fb4fbaeedba39bd095ac6ecd553.jpg,train,normal,0.68526113,1,32.92012117,0.474358465,0.498538475
image_0875_png_jpg.rf.44f297ba2f056cac774e8fd4f47a9342.jpg,train,normal,0.6955586,1,32.92211416,0.489940734,0.499995613
image_0176_jpg.rf.5bb86c403221bb408090e2143bdd184a_flip.jpg,train,normal,0.6517757,1,32.06114477,0.524589397,0.499725744
image_0090_png_jpg.rf.78ae1c170ee4938a0ec1d2a03ce65cdc_flip.jpg,train,normal,0.6791306,1,32.49760842,0.507485111,0.501552075
image_0081_png_jpg.rf.946864ac697e8991fbc60583d90e96d6_flip.jpg,train,normal,0.6772727,1,32.9559949,0.513997019,0.500414754
image_0710_png_jpg.rf.73aa6aa946a715296998ac4b6b24b366_flip.jpg,train,normal,0.6779858,1,33.02176339,0.511972004,0.502704102
image_0310_jpg.rf.e4a363b77e36fa928fd14d1af3c160ae.jpg,train,normal,0.6560566,1,31.82995855,0.470533487,0.499503508
image_0704_png_jpg.rf.24e21f333d0299058b519a9c19b55bb8_flip.jpg,train,normal,0.6539161,1,31.95750957,0.480412633,0.502832374
image_0225_jpg.rf.e5f5cd1ef2e6419547316d5eb81146f9_flip.jpg,train,normal,0.6578091,1,32.22058355,0.501285907,0.50328751
image_0966_png_jpg.rf.a52f3fd75634dd1d8783c47db54176d0_flip.jpg,train,normal,0.6968415,1,32.96795281,0.51381846,0.498758241
image_0347_jpg.rf.1be5e8ecc896a4814c541ea1937daa88_flip.jpg,train,normal,0.6729632,1,32.36208546,0.475130683,0.501251673
image_0300_jpg.rf.6ef751430b31a2b168744f9e677f008c_flip.jpg,train,normal,0.6730908,1,32.36208546,0.507673025,0.501418813
image_0273_jpg.rf.1092cd4b3cc6ab0514e474fbcd7bfb19.jpg,train,normal,0.71829325,1,33.03571429,0.486694607,0.500467659
image_0626_png_jpg.rf.ca392cda54dfa78fb34ce8575f658b03_flip.jpg,train,normal,0.70545053,1,33.03571429,0.521126293,0.502080073
image_0111_png_jpg.rf.eb5ea85bbe49f4b8da2f374184ed34bc_flip.jpg,train,normal,0.6687883,1,32.75470344,0.485273672,0.501270568
image_0318_png_jpg.rf.f1126f5d86b8e4b34b4f754cf275f551_flip.jpg,train,normal,0.6431731,1,31.03475765,0.486169728,0.500705413
image_0251_jpg.rf.cda4643f1e3794af3581eb449796d5fd_flip.jpg,train,normal,0.67750317,1,32.97991071,0.515294592,0.500014569
image_0700_png_jpg.rf.c3264419c6624da57135b48adefc320a_flip.jpg,train,normal,0.64537364,1,31.90170599,0.50131613,0.507155071
image_0307_jpg.rf.d7703a56b7d2b143521b4de42cbcd735.jpg,train,normal,0.6637038,1,32.40393814,0.503317045,0.504733905
image_0629_png_jpg.rf.3b81b5946348ff8350b9200d31d2a9d0_flip.jpg,train,normal,0.6729683,1,32.94204401,0.509172583,0.501142561
image_0296_jpg.rf.7b91af7ba57b0f90a52bb4c623a919c6.jpg,train,normal,0.67576295,1,32.57533482,0.50855162,0.50283931
image_0110_png_jpg.rf.850ed5ea4a7f441aacacbe5316898cdb.jpg,train,normal,0.7436129,1,33.03571429,0.480068996,0.500833026
image_0401_jpg.rf.ed92f760c352db1853b660894b0e7d59.jpg,train,normal,0.68846905,1,33.03172832,0.485269189,0.502574651
image_0732_png_jpg.rf.46143c03e34d0175efc5f7c738d523ab_flip.jpg,train,normal,0.7093229,1,33.02176339,0.515382852,0.502687582
image_0012_png_jpg.rf.fd1a9426ee76287d18375083611a151f_flip.jpg,train,normal,0.6740264,1,32.9161352,0.524133482,0.498968737
image_0341_jpg.rf.94b20f565d970970ec2ee0670c23fd08_flip.jpg,train,normal,0.67836654,1,33.01179847,0.516217946,0.50202554
image_0167_png_jpg.rf.ae5c3fb7d7ce99ea0ba4569770673b55_flip.jpg,train,normal,0.67947745,1,32.6949139,0.465120088,0.494626066
image_0468_png_jpg.rf.d5cf2341ab84ad18b8cbe56ce203f9f8.jpg,train,normal,0.68066233,1,32.01729911,0.470840206,0.496504893
image_0037_png_jpg.rf.5a283867157849db81fb2386a0b04203_flip.jpg,train,normal,0.70809406,1,33.03571429,0.526310172,0.502615333
image_0259_jpg.rf.84c6db16bb4cc86c183fe14498d6bf90_flip.jpg,train,normal,0.7064485,1,31.90369898,0.516460177,0.500677812
image_0272_jpg.rf.5dfcc782aa5c6304ab6ea63f3f67a53f.jpg,train,normal,0.71444136,1,32.92809311,0.467462527,0.497529671
image_0631_png_jpg.rf.21ce674974c92fd40369dfb5bfc588fb.jpg,train,normal,0.6874807,1,32.39198023,0.474789367,0.500325574
image_0084_png_jpg.rf.665031aae4de7cc361b906bc846a8562_flip.jpg,train,normal,0.6643103,1,32.94005102,0.515107117,0.500180524
image_0741_png_jpg.rf.4c2bd48e58c91b28920328343067693c.jpg,train,normal,0.6906011,1,32.86232462,0.492577127,0.501837834
image_0936_png_jpg.rf.c6262a6e7c328273486d1b59be514b11_flip.jpg,train,normal,0.7026376,1,33.01179847,0.505436139,0.500102562
image_0249_jpg.rf.30cbaa97664198d9dc50f17f764ea63e_flip.jpg,train,normal,0.6841388,1,32.93207908,0.521714444,0.499307634
image_0813_png_jpg.rf.5c062dc232956307bc35d35b8f900d66_flip.jpg,train,normal,0.7195763,1,32.90617028,0.511553324,0.499068263
image_0703_png_jpg.rf.a580f092bd71f8ce79727bd329b9f2ac.jpg,train,normal,0.64636874,1,31.48915816,0.508505994,0.505058494
image_0516_png_jpg.rf.3fce7078548d392ee97e1cfeb99fe95e.jpg,train,normal,0.6591383,1,32.10299745,0.509599846,0.502030078
image_0194_jpg.rf.abbe06be4c68ed5ce01f83f105312ecf.jpg,train,normal,0.67804337,1,32.80652105,0.525773983,0.497902777
image_0328_jpg.rf.be91c612dcdde4775c009b9d6e99bf9e_flip.jpg,train,normal,0.67810166,1,32.23652742,0.479827368,0.493897392
image_0397_jpg.rf.2b2c381e653c74a48b0871b603cd5ccd.jpg,train,normal,0.639215,1,31.77415497,0.472114705,0.504842154
image_0227_jpg.rf.2adb0b060dab2fa33c6a917e845fb2e3.jpg,train,normal,0.66912633,1,32.421875,0.478592634,0.499123338
image_0113_png_jpg.rf.c9c2c5d7e15f9f89a3c2f28fd479cd15_flip.jpg,train,normal,0.6886858,1,32.44379783,0.466424438,0.50001423
image_0115_png_jpg.rf.425eee76e8167e1032242fc517ec09df_flip.jpg,train,normal,0.70759493,1,32.95798788,0.509995328,0.499413915
image_0227_jpg.rf.25680eb94130be6e31c7475df707b84a.jpg,train,normal,0.6609571,1,32.41589605,0.495281417,0.497148396
image_0407_png_jpg.rf.6614f326c9ee6f38a819f46788e71206.jpg,train,normal,0.69944733,1,32.93805804,0.479997582,0.49899781
image_0397_jpg.rf.2b2c381e653c74a48b0871b603cd5ccd_flip.jpg,train,normal,0.6392834,1,31.77216199,0.523421707,0.504842747
image_0024_png_jpg.rf.b9801d4a46178452a039c5948680469d.jpg,train,normal,0.73758906,1,33.03571429,0.4844341,0.500659589
image_0273_jpg.rf.1092cd4b3cc6ab0514e474fbcd7bfb19_flip.jpg,train,normal,0.7182899,1,33.03571429,0.508841163,0.500467774
image_0627_png_jpg.rf.c45f4648652499fdfe916eb83d31f96c.jpg,train,normal,0.7140795,1,32.95798788,0.475006354,0.49762758
image_0368_png_jpg.rf.9f3d1b35b2fe2b0aae5bb7bddd455e9b_flip.jpg,train,normal,0.67423683,1,32.51953125,0.505653352,0.501156914
image_0353_jpg.rf.3790cc40f9d0138a3015320f5d295e0d.jpg,train,normal,0.67879844,1,32.48166454,0.482993434,0.502301013
image_0217_jpg.rf.ff4964ceb5a0225fd9ff76863ac2e5fe.jpg,train,normal,0.7074545,1,32.95200893,0.481982963,0.500393649
image_0320_jpg.rf.9abf0b56e70de54d33afe6f87c3d210d.jpg,train,normal,0.688431,1,32.88823342,0.484961295,0.502184517
image_0789_png_jpg.rf.7b73549a3ce26c8fb036b5efba0b1148.jpg,train,normal,0.6801326,1,31.92562181,0.511383697,0.498860886
image_0098_png_jpg.rf.a38c385d4c3f5b489d15d53fe0468b32_flip.jpg,train,normal,0.67338777,1,32.3700574,0.504642527,0.497925309
image_0875_png_jpg.rf.ae17dc6c26a0b1e093dace8136329cd4.jpg,train,normal,0.6789226,1,32.3959662,0.486744117,0.501907213
image_0061_png_jpg.rf.19b7770d09073a99715c0c025f358c9b.jpg,train,normal,0.6773032,1,31.64261798,0.467484892,0.497967912
image_0214_jpg.rf.9c3d390efa1abbf93292ac19f46fdec2.jpg,train,normal,0.6436702,1,33.01379145,0.480519556,0.505128823
image_0224_jpg.rf.233f8fc2b66e74f6c3f9213e17e2aaf8_flip.jpg,train,normal,0.67895293,1,32.43981186,0.5160566,0.50272572
image_0110_png_jpg.rf.881be4803212a9c5058e0711736e710b.jpg,train,normal,0.73933387,1,32.99585459,0.517634149,0.498953616
image_0037_png_jpg.rf.2afa1c0af03648f2e28cae7920b7c45b_flip.jpg,train,normal,0.6875191,1,32.5912787,0.475549854,0.499975704
image_0279_png_jpg.rf.b2472675853df697b11790b59fe0d17f_flip.jpg,train,normal,0.6830155,1,31.81800064,0.535854544,0.500512026
image_0280_png_jpg.rf.1d23609cd6f431157fe0750dc9ee5ea1_flip.jpg,train,normal,0.6876113,1,33.01379145,0.518948151,0.501080871
image_0192_jpg.rf.f28d7eee029bb2a26f335f78282dc3d4_flip.jpg,train,normal,0.67514247,1,32.87428253,0.508946634,0.499782658
image_0024_png_jpg.rf.6d52683939018e417c0db99e10af2885.jpg,train,normal,0.674251,1,32.91015625,0.479054253,0.500784474
image_0026_png_jpg.rf.05be96d422111c187811ca3c3fbe192f_flip.jpg,train,normal,0.64791816,1,32.35610651,0.499920434,0.501949229
image_0052_png_jpg.rf.0e09560ee8a73678e88909794cf9b668.jpg,train,normal,0.73820955,1,33.00382653,0.472757455,0.499870782
image_0297_jpg.rf.7e277caac5f99738ceeac9f08c6c34ce.jpg,train,normal,0.6684083,1,32.43383291,0.535704394,0.494350497
image_0058_png_jpg.rf.f4fd26f2c8b3f9cba16673262dda293b.jpg,train,normal,0.7095292,1,32.53148916,0.477249279,0.498115725
image_0423_jpg.rf.2cc42d9c5abc31838feb7b6147b1bfbd_flip.jpg,train,normal,0.6909094,1,32.16278699,0.506785585,0.504064447
image_0387_jpg.rf.12ee7420fec406165b2cc122d97ec42d_flip.jpg,train,normal,0.65526825,1,32.29033801,0.466989893,0.495127489
image_0010_png_jpg.rf.0e7d58875ae0347938c492491b4af29d_flip.jpg,train,normal,0.6594588,1,32.06513074,0.483340211,0.500117946
image_0266_jpg.rf.e1a635f6f19f128f0e40ee254796efbc.jpg,train,normal,0.667393,1,32.95998087,0.481411533,0.499113451
image_0148_png_jpg.rf.a3860cd64dd809f25419318b2fb46fa0_flip.jpg,train,normal,0.65552986,1,31.9395727,0.461339244,0.494167134
image_0054_png_jpg.rf.b3178c16bf145fbf70f42206a697e955.jpg,train,normal,0.723043,1,32.98788265,0.490345397,0.503272933
image_0272_jpg.rf.dcfa95de90c6f35f0b470df4eb9cce93_flip.jpg,train,normal,0.6873783,1,32.3182398,0.466116741,0.504671568
image_0050_png_jpg.rf.c311177b369cd0ff9c5ba8c5bebeae51_flip.jpg,train,normal,0.67892647,1,32.38002232,0.529282222,0.503340188
image_0318_png_jpg.rf.8b5441ee5ee13563bd51871641ceab20_flip.jpg,train,normal,0.66940755,1,31.84390944,0.551612687,0.496971021
image_0265_jpg.rf.793e7e9e885227dc6b5df1f68d426d4d_flip.jpg,train,normal,0.70448446,1,32.96795281,0.513055558,0.499655076
image_0798_png_jpg.rf.cc9eb7d8387db88e1ea4fb56e0734f4f.jpg,train,normal,0.69203687,1,33.00980548,0.476114201,0.501114049
image_0387_png_jpg.rf.3bd40ef85c507a47687acee5978c112c.jpg,train,normal,0.6944079,1,32.95400191,0.481370516,0.500919009
image_0553_png_jpg.rf.026e6ef01260790ff5e52f5529a16bc3_flip.jpg,train,normal,0.671084,1,32.85235969,0.493815723,0.4994342
image_0683_png_jpg.rf.711cb93ddd52caa5bde60ac48695d05f.jpg,train,normal,0.6976844,1,32.93407207,0.484517421,0.500156476
image_0285_png_jpg.rf.54a86a72be784d2ebb1f12cac4566f66.jpg,train,normal,0.6860903,1,32.63911033,0.473764703,0.501885518
image_0414_jpg.rf.c3cb99c0a440337b3d683f82a4123619_flip.jpg,train,normal,0.68260765,1,32.87428253,0.497694476,0.500965725
image_0365_jpg.rf.5cff50825fd090ad5282dfdcd2d4fda2_flip.jpg,train,normal,0.65742713,1,31.86782526,0.529929932,0.501526953
image_0681_png_jpg.rf.2f0a5f18ded64804b4beb9de003bde9a_flip.jpg,train,normal,0.7160536,1,32.91414222,0.507666702,0.499745068
image_0136_png_jpg.rf.818cd6c029a3adcc446bdbe776098344_flip.jpg,train,normal,0.7216079,1,32.9819037,0.506457465,0.50291899
image_0273_jpg.rf.53999a48e23fa356dc27936c9e5193d7.jpg,train,normal,0.6818238,1,32.39397321,0.501887887,0.500502202
image_0281_jpg.rf.904971e369a311587021b2e497a080d8.jpg,train,normal,0.68737996,1,32.37404337,0.471774352,0.501289256
image_0076_png_jpg.rf.41a8eddae9f4833945a3d19f126489c7_flip.jpg,train,normal,0.72686183,1,33.03571429,0.517235137,0.50179927
image_0115_png_jpg.rf.b1f23b515c7d3556b9037178afcaaa7c_flip.jpg,train,normal,0.66841114,1,31.73828125,0.495159924,0.505994041
image_0959_png_jpg.rf.8b5f7d1dbd8eedeb9a942647ad503c5d.jpg,train,normal,0.7153274,1,32.99186862,0.467669997,0.503042624
image_0104_png_jpg.rf.27b9029f78ab8bfa262a85a544f01e1d_flip.jpg,train,normal,0.673176,1,32.36806441,0.516267232,0.497976118
image_0390_jpg.rf.89e4fdefd635efa9bc444a8a997be640.jpg,train,normal,0.65483546,1,32.85036671,0.489553463,0.497456819
image_0562_png_jpg.rf.8c65b4ce24a2172cbc805a020487a049.jpg,train,normal,0.65291196,1,32.37404337,0.472440414,0.499968202
image_0336_png_jpg.rf.ec8366924e67bfab072c02fdee6a84dd.jpg,train,normal,0.6903417,1,32.86232462,0.475396936,0.498711891
image_0296_jpg.rf.7b91af7ba57b0f90a52bb4c623a919c6_flip.jpg,train,normal,0.67584056,1,32.57533482,0.486983376,0.502839416
image_0974_png_jpg.rf.94e6308c88254db9bb2450dc1299bf0d.jpg,train,normal,0.7022521,1,32.34215561,0.473593918,0.499008145
image_0201_png_jpg.rf.3638156433e737897d3cea5931335601_flip.jpg,train,normal,0.72469354,1,33.00980548,0.513006926,0.502347937
image_0047_png_jpg.rf.61640404c1600ba0ea7abf14383fc968_flip.jpg,train,normal,0.68420017,1,32.99984056,0.518908813,0.502112253
image_0407_png_jpg.rf.47ef1b0869e150df0af56ec589d38804.jpg,train,normal,0.69174683,1,32.6690051,0.473707677,0.496836031
image_0045_png_jpg.rf.75bb440e27f992316073d5f886f99c91.jpg,train,normal,0.68156695,1,32.81847895,0.516567076,0.499671604
image_0012_png_jpg.rf.00e44bdfeb278ae92b08d0d51ab60d10.jpg,train,normal,0.6551666,1,32.54344707,0.514573345,0.504142484
image_0789_png_jpg.rf.7b73549a3ce26c8fb036b5efba0b1148_flip.jpg,train,normal,0.6801322,1,31.9276148,0.484153251,0.49886101
image_0397_jpg.rf.dd97a7478ee4886c2c5274604385c9a0_flip.jpg,train,normal,0.6893071,1,33.00980548,0.507634184,0.498387363
image_0052_png_jpg.rf.c7d4b7894d63ab9bf1ac08525003b1a5.jpg,train,normal,0.7236875,1,32.47169962,0.471743281,0.501476434
image_0038_png_jpg.rf.5db4d7173a95f6b461df8bdfa827b333_flip.jpg,train,normal,0.70117295,1,32.90816327,0.518547241,0.500319249
image_0397_jpg.rf.6bd9dcd7e833c4050f86f3c2dcbd8810.jpg,train,normal,0.644856,1,31.48716518,0.477062032,0.494299424
image_0683_png_jpg.rf.58481221d4a7d9de0b267f3bdced0797.jpg,train,normal,0.6850854,1,32.43981186,0.487654877,0.501199939
image_0391_png_jpg.rf.7447aa1ecb4ed209c82847ad54173745_flip.jpg,train,normal,0.71480805,1,32.90816327,0.513155117,0.500169754
image_0213_png_jpg.rf.54e0ab95f2fd34b8c6027b62b85ae25a.jpg,train,normal,0.6650565,1,32.31425383,0.517110513,0.49706883
image_0282_jpg.rf.7a8aafeb66096793f3ec52793c5340ab_flip.jpg,train,normal,0.66052383,1,31.89572704,0.511574246,0.501888552
image_0288_jpg.rf.e4ccadb92d70c29b4369c8c710f68979_flip.jpg,train,normal,0.66991454,1,32.9161352,0.51077653,0.498384402
image_0225_jpg.rf.e5f5cd1ef2e6419547316d5eb81146f9.jpg,train,normal,0.65780586,1,32.22058355,0.494250361,0.503288007
image_0403_jpg.rf.c5f9ec10d08ceda74b8146a5fb3ca23d.jpg,train,normal,0.64637125,1,31.33171237,0.495262514,0.501676914
image_0888_png_jpg.rf.84cd42d90da5f778889b9d153f23bb85_flip.jpg,train,normal,0.646796,1,32.0571588,0.511238847,0.502135379
image_0760_png_jpg.rf.83396faeaf2683520f3474f6a9d051e8_flip.jpg,train,normal,0.6635735,1,32.30030293,0.509958331,0.500311119
image_0058_png_jpg.rf.f62cab0c1c9a7c88ea486d715db2c23a.jpg,train,normal,0.70739555,1,32.84638074,0.509861829,0.500640818
image_0320_jpg.rf.f7179b27e2566bbf68c1fb4eeb25bcac.jpg,train,normal,0.65805286,1,31.99537628,0.510214297,0.495503924
image_0922_png_jpg.rf.1e61ee926e2291ed0da627b729f807f6.jpg,train,normal,0.68991506,1,32.98588967,0.475651391,0.501450566
image_0422_png_jpg.rf.b635f237cc4cf5fbcbc24004f538aab3_flip.jpg,train,normal,0.6848073,1,33.00382653,0.512474634,0.500959519
image_0302_png_jpg.rf.a2b7f6fe622407db4dd713fb916f8863.jpg,train,normal,0.70196754,1,33.03571429,0.479313836,0.501843202
image_0084_png_jpg.rf.62eade8df36623bd7c9181adac13c21b_flip.jpg,train,normal,0.65258056,1,32.7208227,0.470994529,0.497481509
image_0100_png_jpg.rf.252c55d5ef1365001a5ffad3a91f9832.jpg,train,normal,0.6726186,1,32.27638712,0.493600123,0.497759748
image_0783_png_jpg.rf.91aa2c5684a48c8395d3c96129b9d665_flip.jpg,train,normal,0.6827912,1,32.94602997,0.519395288,0.498401663
image_0195_png_jpg.rf.6f620c5575b1d8895db5736b562d706d_flip.jpg,train,normal,0.683728,1,32.43383291,0.523539852,0.502995301
image_0309_jpg.rf.e351fa597fb1912dcf43adfc94765a51.jpg,train,normal,0.6794427,1,32.69292092,0.527326002,0.493588969
image_0133_png_jpg.rf.de1ac892e195dc70511ac89867198769.jpg,train,normal,0.64493304,1,31.81202168,0.494281098,0.500112216
image_0133_png_jpg.rf.1db8be35665ede43bfd55ae3fe2afe3b.jpg,train,normal,0.6929982,1,33.01179847,0.478726905,0.503688227
image_0702_png_jpg.rf.8dec21bab9410e6c02161565220f85b6_flip.jpg,train,normal,0.6495749,1,32.21061862,0.495076022,0.502109055
image_0302_png_jpg.rf.c46f2d44454b736cfebd6bca540932e6_flip.jpg,train,normal,0.689529,1,32.49362245,0.511622453,0.50009274
image_0202_jpg.rf.84ee93bd8897210cdea36f52911d1f3b_flip.jpg,train,normal,0.70695955,1,32.94005102,0.52118553,0.497350648
image_0177_jpg.rf.4d48eea2163df4ce48758adeab50ac42_flip.jpg,train,normal,0.63639665,1,31.59279337,0.517754126,0.496707836
image_0721_png_jpg.rf.e73e66eb8b2616dc9556aed3e938e335_flip.jpg,train,normal,0.6858505,1,32.98389668,0.51063032,0.500658121
image_0071_png_jpg.rf.d0cf3caf7659daa7b200059c614758cc.jpg,train,normal,0.69596016,1,32.97393176,0.469197563,0.502791911
image_0322_jpg.rf.6bf023d0ce37426bbbed42db2bafb479_flip.jpg,train,normal,0.6646617,1,32.20264668,0.523198119,0.503415756
image_0251_jpg.rf.4a50c603b27f81c63b7f61f39b10be72.jpg,train,normal,0.6404884,1,31.86981824,0.533292282,0.496754214
image_0312_jpg.rf.7e72f6e3de459f2bc1ba0198648a0d93.jpg,train,normal,0.7047643,1,33.00581952,0.490109776,0.500164382
image_0191_jpg.rf.7b905e90c85a001c06d6b3da9a70edf1_flip.jpg,train,normal,0.6880893,1,33.01578444,0.502723437,0.501885148
image_0374_jpg.rf.0e4835a51894b04999c209597fb836bc_flip.jpg,train,normal,0.6210146,1,31.94754464,0.494436548,0.505973622
image_0054_png_jpg.rf.6c23346e524a41d2c15b850204fba81e_flip.jpg,train,normal,0.66725546,1,32.88624043,0.507803284,0.500023488
image_0120_png_jpg.rf.34e8f50122277bfe60d44225b24d170e.jpg,train,normal,0.6847222,1,32.9041773,0.479434325,0.499656368
image_0021_png_jpg.rf.24ff00778f5437ad0000c05a04a243d6_flip.jpg,train,normal,0.67935914,1,32.99984056,0.513095419,0.499320127
image_0395_jpg.rf.02ac90657d26635ec47aa0d385a12e0f.jpg,train,normal,0.65890664,1,32.44579082,0.497450812,0.502070088
image_0076_png_jpg.rf.41a8eddae9f4833945a3d19f126489c7.jpg,train,normal,0.72686136,1,33.03571429,0.478299737,0.501798864
image_0190_png_jpg.rf.caa6027d2ca55f5e2b361331b1594b03_flip.jpg,train,normal,0.70693165,1,32.91214923,0.51621841,0.498883235
image_0403_jpg.rf.5b5b62e09584c05b9b741e634bad0da9_flip.jpg,train,normal,0.6809847,1,33.02774235,0.515653846,0.500332587
image_0045_png_jpg.rf.16bfc5b81131b22e2a1d8e387c188126_flip.jpg,train,normal,0.67167443,1,32.16477997,0.511895616,0.507521382
image_0077_png_jpg.rf.77a80a7a21743dee8ee2d8827dad8413.jpg,train,normal,0.70272046,1,33.03571429,0.48438392,0.501711779
image_0320_jpg.rf.81e22a3fd26d4250ef89ff133dfe14fe.jpg,train,normal,0.6680867,1,31.76020408,0.484547027,0.503562187
image_0048_png_jpg.rf.1999a5e22ab1dc5b275cc9e6b21a8a34.jpg,train,normal,0.6992277,1,32.91414222,0.481046704,0.501662971
image_0702_png_jpg.rf.4a33000f4505c0508a9ad677d2a7b26f.jpg,train,normal,0.6734344,1,33.00382653,0.484362123,0.501615563
image_0426_png_jpg.rf.1e7abebbe09a7a113099093c930916f6_flip.jpg,train,normal,0.66912764,1,31.93359375,0.536755517,0.501132315
image_0392_jpg.rf.bdfa8aea9d7a5a4599b11eee3227139a.jpg,train,normal,0.6948369,1,32.92012117,0.475489334,0.498873147
image_0704_png_jpg.rf.1724cf412075576fec7c2a498cb6e1da.jpg,train,normal,0.68387127,1,33.03571429,0.481241358,0.500345609
image_0760_png_jpg.rf.a3a32c07c42159ec75df689ffb0ca756.jpg,train,normal,0.65021163,1,32.00733418,0.463588524,0.49544393
image_0222_jpg.rf.69112650380944dfdd3cd099f3d0c853_flip.jpg,train,normal,0.68383765,1,32.67897003,0.488513795,0.50015197
image_0395_jpg.rf.02ac90657d26635ec47aa0d385a12e0f_flip.jpg,train,normal,0.6589064,1,32.44579082,0.498083714,0.502070063
image_0629_png_jpg.rf.55ed40662056a4c9ffdc1ab3e2d04ccb.jpg,train,normal,0.663821,1,32.55141901,0.479306367,0.498532684
image_0248_jpg.rf.6d87659718a941cc5fa2b88bdbf9efc7_flip.jpg,train,normal,0.6546767,1,31.77016901,0.46126251,0.505026038
image_0205_jpg.rf.95ada6538f05bbd86db03e224cef327e_flip.jpg,train,normal,0.6784195,1,33.03571429,0.524643014,0.502721647
image_0283_jpg.rf.9d3f53b3514bb033ddd9dfe42c9a589a.jpg,train,normal,0.6767712,1,33.00382653,0.479836631,0.500225542
image_0637_png_jpg.rf.8a7c1adc02e02d22b02d1608eae3077a.jpg,train,normal,0.70396966,1,32.89421237,0.48130474,0.500102564
image_0321_jpg.rf.698ac20db597b2bf395836807e90901b.jpg,train,normal,0.68286246,1,32.97991071,0.481378349,0.500744054
image_0432_png_jpg.rf.041feebc1f9bc4443452fd7dad750338.jpg,train,normal,0.6839966,1,32.48963648,0.501783723,0.49812722
image_0045_png_jpg.rf.643d260dd01558cb0b3ace1622180b40.jpg,train,normal,0.6943631,1,33.01578444,0.478226919,0.501934917
image_0352_jpg.rf.656a2f217fc84d288f4b44bd48880c92_flip.jpg,train,normal,0.7127215,1,32.63911033,0.504636202,0.504548467
image_0354_png_jpg.rf.1cc339ad7d4d96d6ecb00e12874f5a06.jpg,train,normal,0.6656766,1,32.38998724,0.486410513,0.500104481
image_0197_jpg.rf.3b1df75e2eadd10f392c6526b2fccd3d.jpg,train,normal,0.66907454,1,32.49561543,0.478421094,0.502274814
image_0276_jpg.rf.2acb9d0968477e297aebb257556b9026.jpg,train,normal,0.6535534,1,32.2783801,0.531399757,0.500555688
image_0352_jpg.rf.e966a5dee42914876a00ecbe61813da6.jpg,train,normal,0.73596257,1,33.03571429,0.483823359,0.501461053
image_0752_png_jpg.rf.759ae8a525981abf036e36a304fce79e_flip.jpg,train,normal,0.70736843,1,33.03571429,0.512297221,0.501639593
image_0432_png_jpg.rf.4c79a68553a7da073a6bd6f9b4c25669_flip.jpg,train,normal,0.69957966,1,32.3959662,0.509870146,0.503434649
image_0326_jpg.rf.7ba11cf23a531481ecba9225c1f794e4_flip.jpg,train,normal,0.6819903,1,32.85036671,0.498364056,0.501725117
image_0061_png_jpg.rf.8bcd62faa4d930576312fe5b9eaf3700.jpg,train,normal,0.7107399,1,32.85235969,0.476832141,0.502092657
image_0090_png_jpg.rf.c447ba97946c82c5c4ac5fe77cc74772.jpg,train,normal,0.676151,1,32.35610651,0.472283948,0.494744407
image_0205_jpg.rf.db4ec4610f915d772aa64fe0e504e3d8_flip.jpg,train,normal,0.65824217,1,32.36407844,0.535827745,0.498204619
image_0100_png_jpg.rf.b57113719082e154128dbfd71509d639_flip.jpg,train,normal,0.6933029,1,32.421875,0.503778315,0.503105222
image_0426_png_jpg.rf.1e7abebbe09a7a113099093c930916f6.jpg,train,normal,0.66916555,1,31.93359375,0.45877925,0.50113249
image_0276_jpg.rf.2fc5300d2412007854563fa5b06c2652.jpg,train,normal,0.6843707,1,32.95200893,0.47660335,0.49901652
image_0039_png_jpg.rf.5d426a3f071666eed419a36164f486b6.jpg,train,normal,0.6903501,1,33.01977041,0.473994344,0.501283603
image_0873_png_jpg.rf.b63d89821ad03f6ecae0aa37cdd7038f_flip.jpg,train,normal,0.69115776,1,32.97393176,0.518297315,0.499197804
image_0399_jpg.rf.55a1e99b113f271dc31b7749aa244bc9.jpg,train,normal,0.6359294,1,31.98740434,0.491922066,0.506377671
image_0297_jpg.rf.607e09bfc870f11fff1f5a3fded1cd13.jpg,train,normal,0.6836171,1,32.99784758,0.472648549,0.501936783
image_0224_jpg.rf.275641150e627929bd2dc35b93bcc8b6_flip.jpg,train,normal,0.69527465,1,32.98588967,0.504771703,0.500718324
image_0572_png_jpg.rf.43fdfe240ab18d34d96dfb59efb4c680_flip.jpg,train,normal,0.6943618,1,33.02176339,0.515182307,0.501233641
image_0321_jpg.rf.e089b73a5db92264f0be1d9140ef6860_flip.jpg,train,normal,0.6671742,1,32.41788903,0.506765482,0.502195404
image_0262_png_jpg.rf.0ad0d762391590723d5fb41da885d40f.jpg,train,normal,0.69678515,1,32.86631059,0.480630581,0.500127314
image_0432_png_jpg.rf.2cb495dfd40d911c37aeb3583e646a9f_flip.jpg,train,normal,0.7073334,1,33.01578444,0.510752967,0.500779704
image_0853_png_jpg.rf.60d4c446fd08b82153ca1711081ca2d1_flip.jpg,train,normal,0.6743425,1,32.45974171,0.501339387,0.496256532
image_0190_jpg.rf.07b580ca4927b7d917fbee954db796cb.jpg,train,normal,0.6929,1,32.2524713,0.469866359,0.495076561
image_0320_jpg.rf.9abf0b56e70de54d33afe6f87c3d210d_flip.jpg,train,normal,0.6883509,1,32.88823342,0.510573431,0.50218499
image_0629_png_jpg.rf.55ed40662056a4c9ffdc1ab3e2d04ccb_flip.jpg,train,normal,0.66362715,1,32.55141901,0.516229389,0.498533032
image_0970_png_jpg.rf.5d3a66997f61e22e971e4917c4723ddb.jpg,train,normal,0.6534764,1,32.92012117,0.487320604,0.498102117
image_0676_png_jpg.rf.32d739aab2a07a7aaa8e713c142c8e10.jpg,train,normal,0.695557,1,32.45376276,0.472628309,0.498332768
image_0692_png_jpg.rf.419c97e5fa4ac1539b6e4c6079f5f902.jpg,train,normal,0.66081196,1,32.32421875,0.499942479,0.504656674
image_0047_png_jpg.rf.f9375c68bff9afdd193a0c295ae3a3d1.jpg,train,normal,0.6635353,1,32.1348852,0.464195454,0.498851107
image_0260_jpg.rf.ef48622da6071ac9691c6bfdf2cf63d0_flip.jpg,train,normal,0.66308147,1,31.39748087,0.517820121,0.503713292
image_0310_jpg.rf.fbe707ea9dfcf5f96e93f13b9677c8b2_flip.jpg,train,normal,0.6845869,1,32.4736926,0.517467463,0.502255408
image_0166_png_jpg.rf.c5edff68b8f317c81cb80e87423cf5fd_flip.jpg,train,normal,0.6943701,1,31.80205676,0.463740522,0.495693605
image_0058_png_jpg.rf.8abac446ca8099f9986df750afd7090e_flip.jpg,train,normal,0.7200501,1,32.96994579,0.512663122,0.500902462
image_0037_png_jpg.rf.aad54c418f049cbcca8042c9c8791468.jpg,train,normal,0.6920514,1,32.47767857,0.467548201,0.501918114
image_0284_jpg.rf.beb8b6be4ff284b594da0c94e0bb0fe8_flip.jpg,train,normal,0.68105894,1,32.88624043,0.511703933,0.5016173
image_0283_jpg.rf.ee25e0dc8e5cd217f0fa136bf0b37300.jpg,train,normal,0.6540046,1,32.00334821,0.488514527,0.50064606
image_0208_png_jpg.rf.6fb8ac1cea5974804a734043cef2c96a_flip.jpg,train,normal,0.65858704,1,32.29830995,0.515366592,0.497948809
image_0136_png_jpg.rf.58b9dcc71fb9ddabee4b8ac136cff770.jpg,train,normal,0.6425735,1,32.25845026,0.501581696,0.501107215
image_0248_jpg.rf.6d87659718a941cc5fa2b88bdbf9efc7.jpg,train,normal,0.65486324,1,31.77016901,0.534273286,0.505025997
image_0282_jpg.rf.7a8aafeb66096793f3ec52793c5340ab.jpg,train,normal,0.66048753,1,31.89572704,0.483957941,0.501887863
image_0204_png_jpg.rf.d1b4ed10c23eb1da20f1ee8360adfaea.jpg,train,normal,0.66108114,1,32.73278061,0.479044136,0.496647164
image_0283_jpg.rf.9d3f53b3514bb033ddd9dfe42c9a589a_flip.jpg,train,normal,0.6767736,1,33.00382653,0.51569879,0.50022608
image_0572_png_jpg.rf.43fdfe240ab18d34d96dfb59efb4c680.jpg,train,normal,0.6943665,1,33.02176339,0.480353127,0.501233954
image_0802_png_jpg.rf.1a899a0b09b1fe2883afe81b4c546b83_flip.jpg,train,normal,0.6812563,1,32.35012755,0.475396012,0.499554983
image_0829_png_jpg.rf.2f6d67f70cb96ab280e63a85a45da8d2.jpg,train,normal,0.6863551,1,32.9161352,0.481976707,0.500643336
image_0299_jpg.rf.4085629d227e62fc0ebb3c5dc597f7be_flip.jpg,train,normal,0.69805545,1,32.98987564,0.51058536,0.498656194
image_0148_png_jpg.rf.97141dcabc38ebcea79bf2e730be1129_flip.jpg,train,normal,0.67525876,1,32.55939094,0.517752616,0.501087672
image_0080_png_jpg.rf.5e80387d30f5955d28ddf54bb6b5c161_flip.jpg,train,normal,0.71786577,1,32.93207908,0.512287044,0.499164643
image_0123_png_jpg.rf.a5be84706fe858f337ff9629bb08c924.jpg,train,normal,0.71955043,1,33.00980548,0.473625956,0.501889877
image_0157_png_jpg.rf.68a7b705533c8cbb239b568e1ff8bd65.jpg,train,normal,0.695443,1,33.03571429,0.47290174,0.5016192
image_0936_png_jpg.rf.7ebe1d221abf2622abd7a51b86436547.jpg,train,normal,0.68064904,1,31.95153061,0.506197628,0.504951491
image_0998_png_jpg.rf.76aa7558c8599ba2c0dd431ad33c0008_flip.jpg,train,normal,0.69678354,1,32.8902264,0.511768515,0.500135999
image_0251_jpg.rf.cda4643f1e3794af3581eb449796d5fd.jpg,train,normal,0.6775048,1,32.97991071,0.480241023,0.500014639
image_0310_jpg.rf.fbe707ea9dfcf5f96e93f13b9677c8b2.jpg,train,normal,0.6845457,1,32.4736926,0.478066785,0.502255057
image_0615_png_jpg.rf.afbd8a671693984deee0e4af93c04af9.jpg,train,normal,0.6733306,1,31.24601403,0.54135705,0.500111976
image_0318_png_jpg.rf.8b5441ee5ee13563bd51871641ceab20.jpg,train,normal,0.6694831,1,31.84390944,0.44392315,0.496970456
image_0989_png_jpg.rf.bf6ef56f7dce57224c8ae2064e92a40f_flip.jpg,train,normal,0.68467146,1,32.97991071,0.512246444,0.499534426
image_0336_png_jpg.rf.ec8366924e67bfab072c02fdee6a84dd_flip.jpg,train,normal,0.6904233,1,32.86232462,0.520138116,0.498711165
image_0406_png_jpg.rf.929eef1035ed48427c81ffac4ee436ff.jpg,train,normal,0.67131954,1,32.20264668,0.519513787,0.49441877
image_0829_png_jpg.rf.2df8e7b02b008d8ce80a02772be1ce97.jpg,train,normal,0.6666436,1,31.97345344,0.482119657,0.501162486
image_0084_png_jpg.rf.e8915fd8108e0e0291f0f36ae9388cf9.jpg,train,normal,0.7085729,1,32.91214923,0.471836252,0.499173871
image_0676_png_jpg.rf.55926b66a4d8e8c4073b9c57bb1fd7ba_flip.jpg,train,normal,0.67642176,1,31.96747449,0.478837211,0.502611177
image_0774_png_jpg.rf.41fffe5472d3bb57184b937bdbff7aab_flip.jpg,train,normal,0.679369,1,32.31425383,0.461540141,0.49540251
image_0990_png_jpg.rf.650c81a6081387be27d1e45a4311a08d.jpg,train,normal,0.6533081,1,32.33418367,0.494079998,0.505513355
image_0230_jpg.rf.6d12032a09fc0d68ea4c6ffb7c95754d.jpg,train,normal,0.6841314,1,33.00980548,0.479584685,0.502039617
image_0174_png_jpg.rf.4a3369546f7de2e66add1c24d5e79a89_flip.jpg,train,normal,0.70267075,1,32.90218431,0.508900768,0.50040232
image_0824_png_jpg.rf.163b56dbf1a6befb90019d76fc50190c_flip.jpg,train,normal,0.6813145,1,32.50956633,0.497365731,0.497568051
image_0077_png_jpg.rf.d5eedbe5ae496fd995931f15b086b577_flip.jpg,train,normal,0.67574304,1,31.89373406,0.464969554,0.49688964
image_0296_jpg.rf.514c88da0e1bceaca17146df34c71307.jpg,train,normal,0.6589485,1,31.9535236,0.519951261,0.497175052
image_0786_png_jpg.rf.9b54e759ce4bff99449608ab40707bc4_flip.jpg,train,normal,0.6876355,1,32.46372768,0.520968246,0.500552297
image_0206_jpg.rf.72746e241e41d196b5f10fef76b2c0c7.jpg,train,normal,0.6593523,1,31.78611288,0.457280951,0.496715699
image_0399_jpg.rf.5311249e6744fd2b37267316df5c8f1a.jpg,train,normal,0.67018807,1,32.99984056,0.494421448,0.500660236
image_0637_png_jpg.rf.8a7c1adc02e02d22b02d1608eae3077a_flip.jpg,train,normal,0.7038917,1,32.89421237,0.514230049,0.500102453
image_0009_png_jpg.rf.7618a006b0a03f874cb7f807c1ebd42e_flip.jpg,train,normal,0.7136593,1,33.0078125,0.505817935,0.499419503
image_0683_png_jpg.rf.36aab808fa334cadcf96a0d6ad8676e0_flip.jpg,train,normal,0.68633723,1,32.35610651,0.51146139,0.500262899
image_0310_jpg.rf.e4a363b77e36fa928fd14d1af3c160ae_flip.jpg,train,normal,0.6559814,1,31.82995855,0.525002568,0.499503562
image_0552_png_jpg.rf.0b4e1c5ec53fc50dd988367651b70778.jpg,train,normal,0.6550317,1,33.02574936,0.492966101,0.502387333
image_0210_png_jpg.rf.d1172f88474c86a16f0dd3b61aaf1090.jpg,train,normal,0.6558793,1,32.12093431,0.469486264,0.498470106
image_0081_png_jpg.rf.8a41685fb0cd2f7381f1741447face28.jpg,train,normal,0.6985294,1,32.45774872,0.490663071,0.501407445
image_0262_png_jpg.rf.54c7461e4e35384cd6ce6c572a89c60c.jpg,train,normal,0.68480957,1,32.30827487,0.472388584,0.496970199
image_0177_jpg.rf.8867158d87798777ddf8e24fd6a22674_flip.jpg,train,normal,0.643949,1,32.47169962,0.49498501,0.498251561
image_0174_png_jpg.rf.2d6b97d38bce457e6ebff595cf5e569b.jpg,train,normal,0.683899,1,31.9136639,0.484100031,0.498670756
image_0084_png_jpg.rf.e8915fd8108e0e0291f0f36ae9388cf9_flip.jpg,train,normal,0.70865065,1,32.91214923,0.523699345,0.499174233
image_0321_jpg.rf.e089b73a5db92264f0be1d9140ef6860.jpg,train,normal,0.6670613,1,32.41788903,0.488769244,0.502195793
image_0368_png_jpg.rf.6d7939b3a0ec9af06f203fc25dc3d343_flip.jpg,train,normal,0.6985121,1,33.03571429,0.522934102,0.502041363
image_0204_png_jpg.rf.f0e6a7538ab91670d9138ac246a8012e_flip.jpg,train,normal,0.6458175,1,32.41191008,0.530155979,0.500799427
image_0021_png_jpg.rf.aa849063ae551afc5a5d2c65314733eb.jpg,train,normal,0.6580816,1,33.01379145,0.482900926,0.504413685
image_0378_png_jpg.rf.0072998604d3d3afd7bf9fa0200f29c7_flip.jpg,train,normal,0.67825806,1,33.02176339,0.523061895,0.500908586
image_0274_jpg.rf.64255fe714f4db3ecc65128d4f63da06.jpg,train,normal,0.677016,1,31.35164222,0.460788835,0.502482885
image_0852_png_jpg.rf.cee9acbbf7d89ea8d44008e5cd6e6436_flip.jpg,train,normal,0.6859482,1,33.00980548,0.49735592,0.502541377
image_0225_jpg.rf.169b7bfd7f143cb66fd1623330bb8277.jpg,train,normal,0.67414397,1,32.90816327,0.489958308,0.500249933
image_0214_png_jpg.rf.88bf8caaeb6a44b4f2b42933da64e4a7.jpg,train,normal,0.67213804,1,32.73875957,0.493041313,0.502578013
image_0852_png_jpg.rf.b9e36956110ebc336d6fe27bb9e1e623.jpg,train,normal,0.6719591,1,32.12093431,0.497998394,0.501410209
image_0215_jpg.rf.40b7a5ac99a69935bc249f07f83fe8ee.jpg,train,normal,0.6402183,1,32.9041773,0.490933728,0.496927067
image_0600_png_jpg.rf.d44c1a197c9b201e672d8d2ce32559a7.jpg,train,normal,0.6927049,1,33.03571429,0.476792615,0.50147934
image_0324_png_jpg.rf.5c5a77dc56968adf644699205c2697d5.jpg,train,normal,0.6882541,1,32.9041773,0.477822134,0.502947913
image_0271_jpg.rf.6af75cd0b137589169b3eec01014ab16_flip.jpg,train,normal,0.70130676,1,33.03571429,0.524398035,0.502449124
image_0180_jpg.rf.8f0e0efb0e358759d4f05b44ac8d5d6d.jpg,train,normal,0.67611456,1,32.74075255,0.478986294,0.501744986
image_0077_png_jpg.rf.77a80a7a21743dee8ee2d8827dad8413_flip.jpg,train,normal,0.7027231,1,33.03571429,0.511151478,0.501712302
image_0355_png_jpg.rf.fe6ed4c4068df99b900ff328b0514618.jpg,train,normal,0.68146855,1,32.89221939,0.489712431,0.500246955
image_0098_png_jpg.rf.a81f9183c7591e5318d885a898407087_flip.jpg,train,normal,0.66870356,1,32.32421875,0.510022833,0.499567483
image_0938_png_jpg.rf.317d915541f0520549c8a59621e2e562.jpg,train,normal,0.71921617,1,33.03571429,0.473229727,0.503846791
image_0032_png_jpg.rf.366fc58eb05dfe627f2d80d64c2b3f63.jpg,train,normal,0.68459034,1,32.93805804,0.48089304,0.49797968
image_0321_jpg.rf.698ac20db597b2bf395836807e90901b_flip.jpg,train,normal,0.682938,1,32.97991071,0.514156463,0.500743696
image_0365_jpg.rf.8a118c0a5ab7ecabde8e748452ed879f.jpg,train,normal,0.6933755,1,33.02176339,0.471996289,0.498990675
image_0347_jpg.rf.1be5e8ecc896a4814c541ea1937daa88.jpg,train,normal,0.67300254,1,32.35610651,0.520405163,0.501251846
image_0786_png_jpg.rf.6fdfb9d0cbd7fe03a52f1b684767988d_flip.jpg,train,normal,0.7044478,1,33.0078125,0.507715028,0.499924718
image_0242_jpg.rf.17b63ea99d09b325787c700fd4bb85a0.jpg,train,normal,0.6607025,1,31.89572704,0.511743467,0.501572092
image_0753_png_jpg.rf.81c651ddb3db5d66a26958f4e7408af5.jpg,train,normal,0.6982458,1,32.95998087,0.47565703,0.498369862
image_0294_jpg.rf.bba7e6945a306d74b581b5941cf48b95_flip.jpg,train,normal,0.66939604,1,32.40393814,0.503061985,0.496841346
image_0157_jpg.rf.0275841e10b89cd1403dafe58d1d77c7.jpg,train,normal,0.67438304,1,32.99784758,0.475465622,0.503878851
image_0334_jpg.rf.b536517fb3ee6c11ec1c2516c43c29b7.jpg,train,normal,0.65769887,1,32.3042889,0.493534741,0.503596521
image_0299_jpg.rf.96b8470643c0e687dc408495b95c6f12.jpg,train,normal,0.67769116,1,32.11894133,0.477149149,0.496056252
image_0164_jpg.rf.1750e3fd8a064854534af02e219ecb1b.jpg,train,normal,0.70860636,1,32.92410714,0.479235839,0.498755105
image_0194_jpg.rf.d3d20fcf1fcc128cfdaa0bdcaeef53fe_flip.jpg,train,normal,0.69057107,1,32.92610013,0.519358104,0.500075527
image_0099_png_jpg.rf.f8961cfce6852b249f74807cf3d46c09.jpg,train,normal,0.7225707,1,33.01977041,0.484064943,0.502148894
image_0297_jpg.rf.607e09bfc870f11fff1f5a3fded1cd13_flip.jpg,train,normal,0.68357795,1,32.99784758,0.522887547,0.501936984
image_0048_png_jpg.rf.8939143cfd4199f3528f144236b385f7_flip.jpg,train,normal,0.69702756,1,32.89620536,0.519169576,0.498680779
image_0266_jpg.rf.e1a635f6f19f128f0e40ee254796efbc_flip.jpg,train,normal,0.667394,1,32.95998087,0.514122786,0.499112766
image_0056_png_jpg.rf.f5b3e04662e9579abf1ee2620c396875.jpg,train,normal,0.64941037,1,31.85586735,0.523678455,0.504702852
image_0046_png_jpg.rf.ab9121492926cc75ec3c1792d780530b_flip.jpg,train,normal,0.67807347,1,32.33816964,0.509366878,0.500874142
image_0399_jpg.rf.5311249e6744fd2b37267316df5c8f1a_flip.jpg,train,normal,0.6701897,1,32.99984056,0.501113569,0.500660428
image_0098_png_jpg.rf.d1fab5523343565c90fb82eed54c43dc_flip.jpg,train,normal,0.69138867,1,32.94403699,0.510531008,0.500427024
image_0615_png_jpg.rf.afbd8a671693984deee0e4af93c04af9_flip.jpg,train,normal,0.67332685,1,31.24402105,0.454176834,0.500111389
image_0631_png_jpg.rf.50e69439021e83579cdef4027b792385_flip.jpg,train,normal,0.7035449,1,32.90218431,0.514846367,0.499235782
image_0048_png_jpg.rf.c140b3aa5a9a8aa497e0841436a823fa.jpg,train,normal,0.67579347,1,31.88576212,0.481489777,0.498369874
image_0133_png_jpg.rf.8fa6c2f4cc473daff9fdee6fe43e287f_flip.jpg,train,normal,0.66441476,1,31.61073023,0.538319628,0.502836481
image_0802_png_jpg.rf.1a899a0b09b1fe2883afe81b4c546b83.jpg,train,normal,0.68125576,1,32.35012755,0.520139894,0.499554468
image_0100_png_jpg.rf.49fb94a075d9797137e6235b5869fdc4.jpg,train,normal,0.6728399,1,31.85985332,0.489044805,0.495032717
image_0081_png_jpg.rf.486e471349e680e95c76ee1c65f40899_flip.jpg,train,normal,0.7159959,1,33.01977041,0.503262526,0.500814015
image_0285_png_jpg.rf.5a37a2cf3892173169e301a9b6012bb2.jpg,train,normal,0.6865749,1,32.89620536,0.47343902,0.500808385
image_0352_jpg.rf.656a2f217fc84d288f4b44bd48880c92.jpg,train,normal,0.71272045,1,32.63911033,0.490899022,0.504548782
image_0423_jpg.rf.c5a06a3c1942941b32b11069f9f8ce71.jpg,train,normal,0.7073437,1,32.421875,0.461626989,0.503927848
image_0320_jpg.rf.81e22a3fd26d4250ef89ff133dfe14fe_flip.jpg,train,normal,0.6683958,1,31.7582111,0.510987752,0.503562476
image_0050_png_jpg.rf.06ea9833cfaa1e5f6d4d53a38541d988.jpg,train,normal,0.6740946,1,32.33418367,0.528287255,0.494830172
image_0046_png_jpg.rf.703c90bc1db46b9ea35feee19c7afe5a.jpg,train,normal,0.6908907,1,32.90816327,0.482708074,0.499193631
image_0090_png_jpg.rf.c447ba97946c82c5c4ac5fe77cc74772_flip.jpg,train,normal,0.6760706,1,32.35610651,0.52325044,0.494744455
image_0341_jpg.rf.6114c59bad6156831c354fc7b5dcf843_flip.jpg,train,normal,0.6580959,1,32.3441486,0.529116278,0.497460799
image_0389_jpg.rf.b8b5ab0a6d2d5c5e8f626b5d2793ea7c_flip.jpg,train,normal,0.66052413,1,33.01179847,0.504757429,0.505014383
image_0760_png_jpg.rf.109bcb6988bea0415853feece9ef8c1e_flip.jpg,train,normal,0.6808653,1,32.96595982,0.517995652,0.50041425
image_0622_png_jpg.rf.1d27d4195650dc392c9bdaba450046cc_flip.jpg,train,normal,0.69606507,1,33.00581952,0.515970475,0.50009289
image_0353_jpg.rf.56e211b4808363c736f9788589b80353.jpg,train,normal,0.6755626,1,32.44579082,0.491886497,0.503570611
image_0140_png_jpg.rf.41298b1988ed3adcb67b3cb26effbc74_flip.jpg,train,normal,0.72357935,1,32.96795281,0.521676133,0.4986511
image_0305_png_jpg.rf.c0a5c7f383ed601ea272550602302f51_flip.jpg,train,normal,0.6783975,1,32.3700574,0.503816232,0.497580061
image_0198_jpg.rf.82ca2caf0ad5ff8ded9a9e7bf6feac84.jpg,train,normal,0.66160303,1,32.46372768,0.511147073,0.502136563
image_0100_png_jpg.rf.49fb94a075d9797137e6235b5869fdc4_flip.jpg,train,normal,0.67283756,1,31.85985332,0.506492245,0.495033486
image_0414_png_jpg.rf.69b0e2edf2fd06253412722ec1d3376d_flip.jpg,train,normal,0.6393869,1,32.40991709,0.512059365,0.503205042
image_0714_png_jpg.rf.60b167f32f5c155d1401282d830dfafc.jpg,train,normal,0.66594344,1,32.38998724,0.486322607,0.506244238
image_0676_png_jpg.rf.32d739aab2a07a7aaa8e713c142c8e10_flip.jpg,train,normal,0.69555384,1,32.45376276,0.522908714,0.498331793
image_0352_png_jpg.rf.b5b306360c791901c4d30c81150726e4_flip.jpg,train,normal,0.72655773,1,33.03571429,0.519474002,0.502776205
image_0231_jpg.rf.68c2959d3f772087f9faa9b63d0a7bba_flip.jpg,train,normal,0.6743785,1,32.84239477,0.519667619,0.498847748
image_0126_png_jpg.rf.db869b74a199b42a2de88282bd864ad2.jpg,train,normal,0.6937807,1,32.35212054,0.490445708,0.50259763
image_0368_png_jpg.rf.6d7939b3a0ec9af06f203fc25dc3d343.jpg,train,normal,0.6985123,1,33.03571429,0.47260131,0.502041174
image_0966_png_jpg.rf.a52f3fd75634dd1d8783c47db54176d0.jpg,train,normal,0.6968417,1,32.96795281,0.481717994,0.4987582
image_0005_png_jpg.rf.a378fb6b22b1e455149cc11e7afc8a11_flip.jpg,train,normal,0.69236547,1,32.47169962,0.520494615,0.49796802
image_0167_png_jpg.rf.04275dc90ab4571f1df060071d1f6a4b.jpg,train,normal,0.6933813,1,33.01179847,0.469701066,0.502704033
image_0304_png_jpg.rf.658c41dc87a92380f9a525a959117fd7_flip.jpg,train,normal,0.66278553,1,31.84789541,0.532743155,0.500239575
image_0306_jpg.rf.bd2247a5f03eaa2c892d6e9300fe88f0.jpg,train,normal,0.7172931,1,32.93606505,0.476073609,0.499261927
image_0115_png_jpg.rf.6ea04d2d0350362b9cf1b624a62a2fd4.jpg,train,normal,0.68567455,1,32.97991071,0.478365686,0.501321954
image_0211_jpg.rf.4c720d4a58988b9c2c887453d17eaa79_flip.jpg,train,normal,0.6682912,1,33.02574936,0.498724558,0.501420725
image_0004_png_jpg.rf.e1ac4c4833f91d2ae873353a2b4604e8.jpg,train,normal,0.75871205,1,33.03571429,0.474823627,0.500262723
image_0800_png_jpg.rf.01770be17ae78080aad20cea43c258b3.jpg,train,normal,0.7140047,1,33.01379145,0.482110229,0.501308919
image_0050_png_jpg.rf.06ea9833cfaa1e5f6d4d53a38541d988_flip.jpg,train,normal,0.6740983,1,32.33418367,0.467248918,0.494830459
image_0144_png_jpg.rf.87b4262d6b0f44376afa1f001aa798d3.jpg,train,normal,0.7087716,1,33.00183355,0.485396916,0.500789816
image_0259_jpg.rf.12844ab57c6636cf8a43a618e71b9046_flip.jpg,train,normal,0.70487297,1,32.04719388,0.514286604,0.507521268
image_0190_jpg.rf.07b580ca4927b7d917fbee954db796cb_flip.jpg,train,normal,0.6928972,1,32.2524713,0.525668654,0.49507679
image_0214_png_jpg.rf.88bf8caaeb6a44b4f2b42933da64e4a7_flip.jpg,train,normal,0.67202437,1,32.73875957,0.502495345,0.502577914
image_0432_png_jpg.rf.4c79a68553a7da073a6bd6f9b4c25669.jpg,train,normal,0.69945663,1,32.3959662,0.485665018,0.503434444
image_0118_png_jpg.rf.2a4f8095ebe8ccb584715d983356e124.jpg,train,normal,0.6897034,1,31.79209184,0.469598601,0.499180025
image_0203_png_jpg.rf.07e1f2bc4a72a30a9287e326808adbca.jpg,train,normal,0.6195477,1,31.47919324,0.475661252,0.500221024
image_0211_jpg.rf.1d21f13d9f8f89435ef7a302c9848a0d_flip.jpg,train,normal,0.6287476,1,32.14684311,0.495043257,0.503894668
image_0197_jpg.rf.3b1df75e2eadd10f392c6526b2fccd3d_flip.jpg,train,normal,0.66903645,1,32.49561543,0.517115672,0.502275266
image_0136_png_jpg.rf.e157c75936054b6e20637a3e240fe2c9_flip.jpg,train,normal,0.6952609,1,32.3301977,0.520912959,0.50169121
image_0146_png_jpg.rf.86eb015bb27718e22374efe77b04d6f4.jpg,train,normal,0.6977883,1,32.32421875,0.510446478,0.503131421
image_0355_png_jpg.rf.fe6ed4c4068df99b900ff328b0514618_flip.jpg,train,normal,0.68147326,1,32.89620536,0.505823643,0.500246798
image_0098_png_jpg.rf.08efeb16cdf5082e813c13c6a20847e5.jpg,train,normal,0.6811154,1,32.6949139,0.493437768,0.50243108
image_0629_png_jpg.rf.b1facc93aafed4c24e91057328bddbe3.jpg,train,normal,0.6701616,1,32.76666135,0.487449791,0.502193961
image_0354_jpg.rf.ad1115f365035ec155b435f803b66641.jpg,train,normal,0.65866804,1,31.1722736,0.497411487,0.501031839
image_0327_jpg.rf.234a7f9e2926eb0a86373388a1f91b3c_flip.jpg,train,normal,0.6914256,1,32.65904018,0.482899282,0.499622561
image_0137_png_jpg.rf.6adabdecf77ef574c7ef100bc3af955d.jpg,train,normal,0.69790375,1,33.02574936,0.475985438,0.503619413
image_0824_png_jpg.rf.163b56dbf1a6befb90019d76fc50190c.jpg,train,normal,0.6813955,1,32.50956633,0.498169648,0.497567986
image_0326_jpg.rf.4428b0d8ea6ec50c08173b1727a5ba3a.jpg,train,normal,0.6493173,1,31.65258291,0.480958057,0.495207347
image_0174_png_jpg.rf.6602e4c6edcb2970c09f150e97ff2178_flip.jpg,train,normal,0.68702614,1,32.59327168,0.49772614,0.503552059
image_0307_jpg.rf.350d11fbad2e517f978fd24574f289c6_flip.jpg,train,normal,0.6853563,1,33.0078125,0.503799993,0.500852769
image_0324_png_jpg.rf.429527ea6a38476dbdd9d41fc0e00410.jpg,train,normal,0.6722475,1,32.35809949,0.472316389,0.499892512
image_0058_png_jpg.rf.8abac446ca8099f9986df750afd7090e.jpg,train,normal,0.72005004,1,32.96994579,0.48287145,0.500902803
image_0581_png_jpg.rf.b3b3c3add5bafbbbec9cbf47d890aced_flip.jpg,train,normal,0.7055254,1,32.99984056,0.515206782,0.499643153
image_0090_png_jpg.rf.3b6cec8edb400d3fe2be8b4c57a6ff28_flip.jpg,train,normal,0.7086752,1,32.65505421,0.513869649,0.500838564
image_0799_png_jpg.rf.2f38a26f8d00a1516d0e1d6040093b9d_flip.jpg,train,normal,0.6978875,1,32.85435268,0.518089997,0.500240923
image_0990_png_jpg.rf.364df3371e8b1bbd8db86b01f5d5a138_flip.jpg,train,normal,0.6738822,1,32.9300861,0.512889994,0.500496145
image_0302_png_jpg.rf.c46f2d44454b736cfebd6bca540932e6.jpg,train,normal,0.68953073,1,32.49362245,0.483911564,0.50009223
image_0715_png_jpg.rf.b424263f5439d7d6b2df097b73147092.jpg,train,normal,0.6753268,1,32.61320153,0.499340847,0.498784532
image_0093_png_jpg.rf.bc968671e1ef02071413a3641cde0aa6.jpg,train,normal,0.65461147,1,31.97146046,0.472715739,0.4975629
image_0174_png_jpg.rf.6602e4c6edcb2970c09f150e97ff2178.jpg,train,normal,0.6870223,1,32.59327168,0.497809655,0.503551895
image_0166_png_jpg.rf.57b3ee0fe13fc98c80faeec3bd209c26.jpg,train,normal,0.7207404,1,32.94802296,0.47513977,0.497745679
image_0265_jpg.rf.f7b0bb30d720778c5f0a98d6fbe74edc.jpg,train,normal,0.6645101,1,31.69642857,0.515993588,0.502071559
image_0641_png_jpg.rf.cfa4ccf8aa9f1355fc2f5e1846a939ab.jpg,train,normal,0.7018906,1,32.88823342,0.477097964,0.49888312
image_0752_png_jpg.rf.759ae8a525981abf036e36a304fce79e.jpg,train,normal,0.707371,1,33.03571429,0.483237135,0.501639444
image_0247_jpg.rf.b2ed712d3d24065fa38dea7b65a8f315_flip.jpg,train,normal,0.6786942,1,32.95200893,0.523379592,0.497050688
image_0502_png_jpg.rf.f29264ac89064be704d73e01c11d660d.jpg,train,normal,0.6829604,1,32.00733418,0.481332911,0.505117577
image_0574_png_jpg.rf.64311580772c9ec14ea36016cc97a72f.jpg,train,normal,0.66014016,1,31.90170599,0.498010892,0.500373649
image_0335_jpg.rf.da504c9577884e29faa7467f562db8eb_flip.jpg,train,normal,0.71137726,1,32.46970663,0.511438165,0.502936794
image_0204_png_jpg.rf.f0e6a7538ab91670d9138ac246a8012e.jpg,train,normal,0.64581317,1,32.40991709,0.465379549,0.500799127
image_0282_jpg.rf.7d04a6bdc0b475efafa61bbfd22a4829_flip.jpg,train,normal,0.6931624,1,32.93805804,0.515281854,0.500149731
image_0203_png_jpg.rf.07e1f2bc4a72a30a9287e326808adbca_flip.jpg,train,normal,0.61966103,1,31.47919324,0.519875584,0.500221069
image_0714_png_jpg.rf.7065636f13af0c899e627f065ba05981.jpg,train,normal,0.68516093,1,33.01379145,0.477382215,0.502391545
image_0262_png_jpg.rf.54c7461e4e35384cd6ce6c572a89c60c_flip.jpg,train,normal,0.68500465,1,32.31226084,0.523148319,0.496969492
image_0626_png_jpg.rf.ca392cda54dfa78fb34ce8575f658b03.jpg,train,normal,0.7054499,1,33.03571429,0.474408068,0.502079622
image_0232_jpg.rf.ec3fe7adc19fb04c9b75a61e50e62c01.jpg,train,normal,0.67428964,1,31.9136639,0.537266684,0.497866336
image_0799_png_jpg.rf.25848d78b0900ba9563ba3339d3ab758.jpg,train,normal,0.6663771,1,32.1747449,0.490555347,0.50008667
image_0118_png_jpg.rf.cd124b0fb4c41689906a5cab62a7321a_flip.jpg,train,normal,0.7227636,1,32.90617028,0.517957592,0.498992177
image_0219_jpg.rf.3653d34e600c388097db17fc5ab64552.jpg,train,normal,0.68225545,1,32.10100446,0.481176158,0.504630266
image_0210_png_jpg.rf.74ed1c522503820b65a1dc84d2617362.jpg,train,normal,0.6835626,1,32.9300861,0.477755984,0.498287682
image_0176_jpg.rf.5bb86c403221bb408090e2143bdd184a.jpg,train,normal,0.6516953,1,32.06313776,0.470944206,0.499725633
image_0217_jpg.rf.ff4964ceb5a0225fd9ff76863ac2e5fe_flip.jpg,train,normal,0.70745534,1,32.95200893,0.513551878,0.50039344
image_0469_png_jpg.rf.58da698554e0b47d323e9df86ec0a54a.jpg,train,normal,0.7084488,1,32.43981186,0.515058856,0.498013051
image_0304_png_jpg.rf.658c41dc87a92380f9a525a959117fd7.jpg,train,normal,0.662942,1,31.84789541,0.462791819,0.500239552
image_0100_png_jpg.rf.15c32f63f43e74f9ccf1265cb42e76b5_flip.jpg,train,normal,0.6921877,1,32.90019133,0.503678502,0.498978914
image_0747_png_jpg.rf.82a771017cba87a1984c9e6c4e46cd8b_flip.jpg,train,normal,0.6517752,1,31.11846301,0.497698621,0.506609795
image_0052_png_jpg.rf.b41f6d2fafdfba54d85b3ba53f1ac3a4_flip.jpg,train,normal,0.70033693,1,32.70288584,0.510610359,0.498749061
image_0205_jpg.rf.95ada6538f05bbd86db03e224cef327e.jpg,train,normal,0.67838496,1,33.03571429,0.470891824,0.50272277
image_0005_png_jpg.rf.1059bfffd306a407a7012ee373d22cf0_flip.jpg,train,normal,0.6722245,1,31.92362883,0.542273678,0.498779583
image_0853_png_jpg.rf.74a743c7293fecd163cb72fa9605d131.jpg,train,normal,0.6608872,1,31.48317921,0.498902637,0.498254136
image_0302_png_jpg.rf.a2b7f6fe622407db4dd713fb916f8863_flip.jpg,train,normal,0.7019651,1,33.03571429,0.516220017,0.501843626
image_0136_png_jpg.rf.58b9dcc71fb9ddabee4b8ac136cff770_flip.jpg,train,normal,0.64231676,1,32.25645727,0.493953334,0.501107016
image_0061_png_jpg.rf.19b7770d09073a99715c0c025f358c9b_flip.jpg,train,normal,0.67726177,1,31.640625,0.528051557,0.497967159
image_0061_png_jpg.rf.8bcd62faa4d930576312fe5b9eaf3700_flip.jpg,train,normal,0.7108624,1,32.85235969,0.518703739,0.502092749
image_0297_jpg.rf.7e277caac5f99738ceeac9f08c6c34ce_flip.jpg,train,normal,0.6684052,1,32.43383291,0.459830132,0.494350317
image_0039_png_jpg.rf.5d426a3f071666eed419a36164f486b6_flip.jpg,train,normal,0.69038975,1,33.01977041,0.521542208,0.501283944
image_0118_png_jpg.rf.2a4f8095ebe8ccb584715d983356e124_flip.jpg,train,normal,0.689669,1,31.79209184,0.525935364,0.499180092
image_0395_png_jpg.rf.e2c2ff61b6510d9feec92e710ff7153b_flip.jpg,train,normal,0.66189677,1,32.8384088,0.500097721,0.499763399
image_0355_png_jpg.rf.25a3970d51ed5cdd390f15ceda2c8e5e_flip.jpg,train,normal,0.6644419,1,32.30030293,0.506177681,0.501691631
image_0236_jpg.rf.238761890ecc1f5af52e61b93876d649_flip.jpg,train,normal,0.6977381,1,33.03571429,0.511997394,0.501771547
image_0021_png_jpg.rf.aa849063ae551afc5a5d2c65314733eb_flip.jpg,train,normal,0.6580789,1,33.01379145,0.512637017,0.504413687
image_0909_png_jpg.rf.8186d4fa8dbe693a9dadd01a103e5fd7_flip.jpg,train,normal,0.66606295,1,31.91764987,0.481247427,0.495242607
image_0215_jpg.rf.40b7a5ac99a69935bc249f07f83fe8ee_flip.jpg,train,normal,0.64022344,1,32.90617028,0.50460212,0.496927019
image_0123_png_jpg.rf.1169a667fc4ab372af7d0bbb60fbfd35.jpg,train,normal,0.68194467,1,31.8100287,0.49980462,0.503016986
image_0034_png_jpg.rf.1a1fdd1518543a587c4dfbe5a76741bf.jpg,train,normal,0.7029364,1,33.00382653,0.484228733,0.501629953
image_0403_jpg.rf.5b5b62e09584c05b9b741e634bad0da9.jpg,train,normal,0.6809049,1,33.02375638,0.479882742,0.500331887
image_0232_jpg.rf.ec3fe7adc19fb04c9b75a61e50e62c01_flip.jpg,train,normal,0.67432785,1,31.9136639,0.458267192,0.49786582
image_0185_jpg.rf.b270f9fe9235fa2019dbff2f19dcbe36_flip.jpg,train,normal,0.67438865,1,32.43981186,0.523526373,0.506337234
image_0046_png_jpg.rf.14dd11c27f581177ab45531ee12d800a.jpg,train,normal,0.65847975,1,31.51506696,0.525403484,0.499111287
image_0552_png_jpg.rf.0b4e1c5ec53fc50dd988367651b70778_flip.jpg,train,normal,0.6549955,1,33.02574936,0.50256808,0.502388108
image_0052_png_jpg.rf.6ddf8de18c1e5f0ef51e66f7f39cebcf_flip.jpg,train,normal,0.7105804,1,32.90019133,0.504086172,0.501074314
image_0052_png_jpg.rf.c7d4b7894d63ab9bf1ac08525003b1a5_flip.jpg,train,normal,0.7236882,1,32.47169962,0.523792197,0.501476442
image_0052_png_jpg.rf.b41f6d2fafdfba54d85b3ba53f1ac3a4.jpg,train,normal,0.70033514,1,32.70288584,0.484925784,0.498749205
image_0081_png_jpg.rf.8a41685fb0cd2f7381f1741447face28_flip.jpg,train,normal,0.6985276,1,32.45774872,0.504872786,0.501407658
image_0099_png_jpg.rf.12224798dbce671625a4553842eb5a4e.jpg,train,normal,0.69937354,1,33.00581952,0.494599401,0.502474955
image_0639_png_jpg.rf.d1bfaa00a8ae7b41e425ccbc58db6735.jpg,train,normal,0.71301967,1,32.63512436,0.476487073,0.497401664
image_0160_jpg.rf.3022184a6703dce1c0c97cd15167e766_flip.jpg,train,normal,0.66041464,1,32.34215561,0.510058063,0.498540006
image_0384_jpg.rf.770c83052ef1a74b99510a0019e7e895_flip.jpg,train,normal,0.6575981,1,31.76419005,0.497405369,0.495374476
image_0401_jpg.rf.ed92f760c352db1853b660894b0e7d59_flip.jpg,train,normal,0.6884693,1,33.03172832,0.510266039,0.50257466
image_0132_png_jpg.rf.cfb6b6ed6119c257772338d0c100da17.jpg,train,normal,0.6789758,1,32.87627551,0.49676255,0.500079417
image_0222_jpg.rf.4389c7ece461d3a6031776ebe1d39f4b_flip.jpg,train,normal,0.6881856,1,32.96795281,0.505353473,0.501036879
image_0392_jpg.rf.455da58a7015f1ee68e5f6f90407496e_flip.jpg,train,normal,0.68190557,1,32.43781888,0.515526478,0.502402043
image_0694_png_jpg.rf.62ee22857b341e5175a918666c10f653_flip.jpg,train,normal,0.70431167,1,32.48166454,0.510051577,0.502110207
image_0807_png_jpg.rf.fd517fd5f526bfe0cf59e9fe73b8b1cc_flip.jpg,train,normal,0.7110631,1,32.99386161,0.510499683,0.500863423
image_0209_jpg.rf.16b0df870872838a8c35cdfaeefe4492_flip.jpg,train,normal,0.6948938,1,32.99386161,0.515721628,0.502557475
image_0274_jpg.rf.cb1b4c3defba8b69e4e455b0024c9bc8.jpg,train,normal,0.71135634,1,32.60124362,0.472065824,0.49710894
image_0433_png_jpg.rf.e3395a35d62f5bdb01b27d5ea9f01fca_flip.jpg,train,normal,0.70010686,1,32.26442921,0.506528694,0.498923573
image_0166_png_jpg.rf.57b3ee0fe13fc98c80faeec3bd209c26_flip.jpg,train,normal,0.72073656,1,32.94802296,0.520395864,0.497745967
image_0735_png_jpg.rf.2a050ae380e7696457006df00c8980c7.jpg,train,normal,0.68818945,1,32.46771365,0.537237019,0.499850787
image_0136_png_jpg.rf.68362085266f1838e9e0646ec828f773.jpg,train,normal,0.6467672,1,31.78810587,0.485924966,0.503956761
image_0260_jpg.rf.ef48622da6071ac9691c6bfdf2cf63d0.jpg,train,normal,0.66308224,1,31.39748087,0.477714517,0.50371322
image_0692_png_jpg.rf.f4c3e02e84add07b80096cf12af95bfa_flip.jpg,train,normal,0.6771977,1,33.00382653,0.502167637,0.501141401
image_0099_png_jpg.rf.f8961cfce6852b249f74807cf3d46c09_flip.jpg,train,normal,0.72252756,1,33.01977041,0.511470777,0.502149096
image_0598_png_jpg.rf.32f889c907892526485344394e104b79.jpg,train,normal,0.69364387,1,33.03571429,0.483265781,0.500385269
image_0272_jpg.rf.dcfa95de90c6f35f0b470df4eb9cce93.jpg,train,normal,0.6873792,1,32.3182398,0.529419206,0.50467216
image_0355_png_jpg.rf.e8d1e4cde06f5bb01b758c835944f53e_flip.jpg,train,normal,0.6629833,1,31.72831633,0.4885631,0.505614274
image_0198_jpg.rf.0649ae1458437dfb603e9d6f84df22d6.jpg,train,normal,0.66513526,1,32.32621173,0.471325543,0.50271992
image_0051_png_jpg.rf.47ab09075de7cb736b2e279f5c004d5a.jpg,train,normal,0.6913867,1,32.97791773,0.484126787,0.499728559
image_0252_png_jpg.rf.83e22adfbb36716f72d152fac2ee47d0_flip.jpg,train,normal,0.6945668,1,32.89620536,0.512225626,0.500021973
image_0715_png_jpg.rf.3a3357fd5a132ad43f33e3ea75cde0eb.jpg,train,normal,0.6898824,1,32.9041773,0.488066159,0.501365336
image_0299_jpg.rf.4085629d227e62fc0ebb3c5dc597f7be.jpg,train,normal,0.6980559,1,32.98987564,0.484950285,0.498656179
image_0190_png_jpg.rf.caa6027d2ca55f5e2b361331b1594b03.jpg,train,normal,0.70693004,1,32.91214923,0.479316054,0.49888334
image_0562_png_jpg.rf.0fa5e674b0348fd504c38761894759ed.jpg,train,normal,0.6556184,1,32.48963648,0.482075274,0.498788437
image_0807_png_jpg.rf.fd517fd5f526bfe0cf59e9fe73b8b1cc.jpg,train,normal,0.711062,1,32.99386161,0.485036236,0.500863006
image_0012_png_jpg.rf.2efee9a51db5d49af6c497cd192c4a72_flip.jpg,train,normal,0.6519435,1,32.40991709,0.511932769,0.498097483
image_0416_jpg.rf.1622fb1d070063cfcb186222572358cd.jpg,train,normal,0.64833677,1,32.05117985,0.464080783,0.496224203
image_0741_png_jpg.rf.4c2bd48e58c91b28920328343067693c_flip.jpg,train,normal,0.6906034,1,32.86232462,0.502959013,0.50183812
image_0227_jpg.rf.25680eb94130be6e31c7475df707b84a_flip.jpg,train,normal,0.660994,1,32.41589605,0.50025406,0.497148774
image_0280_jpg.rf.6448ad5bea3e0aef678343b8e3cc4bb6_flip.jpg,train,normal,0.6575968,1,32.3042889,0.51091746,0.503016977
image_0403_jpg.rf.dce6eec51fa5eaccf43ed746cb3e70ef.jpg,train,normal,0.66336024,1,32.29432398,0.526409338,0.496033987
image_0938_png_jpg.rf.d79b1afe9487db151e34c682b8ff52fd.jpg,train,normal,0.68831146,1,31.47919324,0.472162716,0.502697164
image_0249_jpg.rf.9a7d19afd838a7fb0e18ad84ab97fcac_flip.jpg,train,normal,0.6813772,1,32.87627551,0.52303987,0.498699634
image_0201_png_jpg.rf.3638156433e737897d3cea5931335601.jpg,train,normal,0.7246971,1,33.00980548,0.482528876,0.502347924
image_0223_png_jpg.rf.9d5e0d8c73eac76138975797664b3045_flip.jpg,train,normal,0.6893124,1,32.42386798,0.512160845,0.502310129
image_0075_png_jpg.rf.36edaa1729ec31f14f4183199bd95469_flip.jpg,train,normal,0.6868545,1,33.02176339,0.51528197,0.500477198
image_0158_jpg.rf.e875584b3ee8aa7dcd86a8c0832704cf_flip.jpg,train,normal,0.65335035,1,31.18223852,0.533209152,0.49688507
image_0325_jpg.rf.f0e5351448e5b0c2b3ba44ba0d91f0a9.jpg,train,normal,0.6922268,1,32.90617028,0.494379877,0.502738723
image_0224_png_jpg.rf.fb199bd85e3eee4d29e323d1c53231e1.jpg,train,normal,0.7241258,1,33.03571429,0.479937614,0.501266174
image_0399_jpg.rf.02e9267dc47d0b0a8dcf114c3cb01c37_flip.jpg,train,normal,0.6619061,1,32.52351722,0.499832603,0.503160165
image_0021_png_jpg.rf.24ff00778f5437ad0000c05a04a243d6.jpg,train,normal,0.6794026,1,32.99984056,0.482437657,0.499320299
image_0115_png_jpg.rf.4282528a8f813dea01d85266cc818921_flip.jpg,train,normal,0.6947702,1,32.38400829,0.519218194,0.498435688
image_0293_jpg.rf.51fd07388576cb8f54b2ab9b4f97a54d.jpg,train,normal,0.67192674,1,32.39995217,0.467161605,0.501417045
image_0210_png_jpg.rf.74ed1c522503820b65a1dc84d2617362_flip.jpg,train,normal,0.6835635,1,32.9300861,0.51777939,0.498287983
image_0195_png_jpg.rf.7297f6aa44254efcd12f82545186fbfb.jpg,train,normal,0.6976937,1,33.00980548,0.483752731,0.501592623
image_0045_png_jpg.rf.643d260dd01558cb0b3ace1622180b40_flip.jpg,train,normal,0.69432586,1,33.01578444,0.517309111,0.501934618
image_0158_jpg.rf.b222c761b3cafc9e1a39d57cfa4c397e.jpg,train,normal,0.67773384,1,32.9300861,0.477380501,0.498061029
image_0213_png_jpg.rf.3c41f7c77e8c22ceea5a71e600165d1b_flip.jpg,train,normal,0.6673567,1,32.57932079,0.480319564,0.494419862
image_0177_jpg.rf.4d48eea2163df4ce48758adeab50ac42.jpg,train,normal,0.6360949,1,31.59279337,0.477780741,0.496708097
image_0774_png_jpg.rf.565c2dfd2849969a3260647cb098fdab.jpg,train,normal,0.7005056,1,33.03571429,0.476531632,0.502025139
image_0403_jpg.rf.dce6eec51fa5eaccf43ed746cb3e70ef_flip.jpg,train,normal,0.6633598,1,32.29631696,0.469125901,0.496034
image_0681_png_jpg.rf.288995554d4bff9f0a90c99951e3fc68.jpg,train,normal,0.7015397,1,32.68494898,0.502256767,0.50254968
image_0074_png_jpg.rf.56aec77d4e7ae8c7b509950431370299_flip.jpg,train,normal,0.66160005,1,32.8384088,0.500156064,0.499752435
image_0026_png_jpg.rf.05be96d422111c187811ca3c3fbe192f.jpg,train,normal,0.6479543,1,32.35610651,0.495613542,0.501949275
image_0327_jpg.rf.d84bd4dc559844181fb67dc77c995b9e.jpg,train,normal,0.7086901,1,33.01777742,0.491185347,0.497314387
image_0341_jpg.rf.94b20f565d970970ec2ee0670c23fd08.jpg,train,normal,0.6783326,1,33.01179847,0.479318245,0.502025844
image_0136_png_jpg.rf.caef4944b7ae191d5295f25a564dca65_flip.jpg,train,normal,0.67266124,1,32.88424745,0.509383213,0.49935085
image_0681_png_jpg.rf.1b268c47fec790db0ad2d2fecbf86b31_flip.jpg,train,normal,0.70827484,1,32.62316645,0.509582836,0.497711876
image_0248_jpg.rf.b88c8f46b8c15ab701a44835f6e6b8fb.jpg,train,normal,0.6990459,1,33.0078125,0.471277371,0.502992536
image_0062_png_jpg.rf.c98517d8820a974dfec8d6577063ab92_flip.jpg,train,normal,0.6762099,1,32.31425383,0.47797247,0.505880856
image_0209_jpg.rf.16b0df870872838a8c35cdfaeefe4492.jpg,train,normal,0.6948929,1,32.99386161,0.47981478,0.502557464
image_0681_png_jpg.rf.288995554d4bff9f0a90c99951e3fc68_flip.jpg,train,normal,0.70149404,1,32.68494898,0.49327884,0.502550048
image_0627_png_jpg.rf.c45f4648652499fdfe916eb83d31f96c_flip.jpg,train,normal,0.7140834,1,32.95798788,0.520528127,0.497627539
image_0629_png_jpg.rf.b1facc93aafed4c24e91057328bddbe3_flip.jpg,train,normal,0.67015934,1,32.76666135,0.50808503,0.502194514
image_0328_jpg.rf.158349a5a297d934b47e25adde3db7ea.jpg,train,normal,0.6756551,1,32.14285714,0.502268179,0.498599367
image_0230_jpg.rf.1742c5cfae8b7eca9ffc705934545660_flip.jpg,train,normal,0.6676376,1,32.45176977,0.53056406,0.501457906
image_0324_png_jpg.rf.568ab73549122e4631b5667ffa0f4751.jpg,train,normal,0.69905657,1,33.01578444,0.472631845,0.501409097
image_0378_jpg.rf.7cd64bb6d6e03ea970c0ff1d900c2df7.jpg,train,normal,0.6926824,1,32.91414222,0.476042,0.499632991
image_0194_jpg.rf.abbe06be4c68ed5ce01f83f105312ecf_flip.jpg,train,normal,0.6780445,1,32.80652105,0.469761749,0.497902988
image_0276_jpg.rf.2acb9d0968477e297aebb257556b9026_flip.jpg,train,normal,0.6535509,1,32.2783801,0.464133721,0.500555327
image_0306_jpg.rf.c713ab79720f5e83930609d8d792ca43.jpg,train,normal,0.70560414,1,32.38002232,0.468092964,0.495320974
image_0629_png_jpg.rf.3b81b5946348ff8350b9200d31d2a9d0.jpg,train,normal,0.67296875,1,32.94204401,0.486363042,0.501142445
image_0137_png_jpg.rf.67d4687ca3e0802ed804b4484730a057_flip.jpg,train,normal,0.6725287,1,32.23652742,0.533715664,0.500770843
image_0552_png_jpg.rf.5325c95f8f94fa2789f4f5ad0dbd500f_flip.jpg,train,normal,0.6362201,1,32.5255102,0.519607838,0.501309269
image_0185_jpg.rf.b270f9fe9235fa2019dbff2f19dcbe36.jpg,train,normal,0.67431337,1,32.43981186,0.472008868,0.50633734
image_0426_png_jpg.rf.070859cc8d296e67df82807b992b68fc.jpg,train,normal,0.7051292,1,33.02574936,0.472945401,0.50319531
image_0608_png_jpg.rf.d70b80f98d3c1ebf2a0ac4adc9090b57.jpg,train,normal,0.66112006,1,32.98788265,0.480590698,0.501576293
image_0328_jpg.rf.158349a5a297d934b47e25adde3db7ea_flip.jpg,train,normal,0.6758182,1,32.14285714,0.493268668,0.498599758
image_0461_png_jpg.rf.c810a293f6bcb9ecb38fdae7ce08c988_flip.jpg,train,normal,0.68317187,1,32.58529974,0.524232104,0.498257626
image_0300_jpg.rf.6ef751430b31a2b168744f9e677f008c.jpg,train,normal,0.6730833,1,32.36208546,0.487861096,0.5014189
image_0224_png_jpg.rf.fb199bd85e3eee4d29e323d1c53231e1_flip.jpg,train,normal,0.72412467,1,33.03571429,0.515597189,0.501265983
image_0179_png_jpg.rf.f62ead0ef228c7527c3fa7cd27172be5.jpg,train,normal,0.6842882,1,33.0078125,0.476817669,0.502095298
image_0188_jpg.rf.1368f339917494bc6a3416856ed17b45.jpg,train,normal,0.65803653,1,31.45926339,0.508411294,0.499457325
image_0132_png_jpg.rf.e280ac06982d67dece874cd15b481ad9_flip.jpg,train,normal,0.6641443,1,32.27439413,0.505825638,0.497108176
image_0272_jpg.rf.5dfcc782aa5c6304ab6ea63f3f67a53f_flip.jpg,train,normal,0.7144423,1,32.92809311,0.528073065,0.497529427
image_0170_jpg.rf.aa7276b92f8a26078476beb91638a393_flip.jpg,train,normal,0.7245482,1,32.96595982,0.523697937,0.502483584
image_0392_jpg.rf.455da58a7015f1ee68e5f6f90407496e.jpg,train,normal,0.68190783,1,32.43781888,0.480010594,0.502402106
image_0702_png_jpg.rf.4010658219c50d242a27abfb29c189e3_flip.jpg,train,normal,0.6585664,1,32.56138393,0.481749759,0.495330921
image_0622_png_jpg.rf.1d27d4195650dc392c9bdaba450046cc.jpg,train,normal,0.69606465,1,33.00581952,0.479563995,0.500092433
image_0251_jpg.rf.4a50c603b27f81c63b7f61f39b10be72_flip.jpg,train,normal,0.6404868,1,31.86981824,0.462242885,0.496755308
image_0204_png_jpg.rf.aad8149bcc679874845b7f4c0c0e5d72_flip.jpg,train,normal,0.66716623,1,32.91414222,0.512142244,0.498275865
image_0322_jpg.rf.5277a187a27b9aafe199c801618dcc5c_flip.jpg,train,normal,0.68413097,1,32.93805804,0.514864532,0.500232123
image_0056_png_jpg.rf.61637cfd1043dedcc874f4b2d940d3de.jpg,train,normal,0.6824049,1,32.94204401,0.473701294,0.498049495
image_0387_jpg.rf.a87d70fd2ae7989718e4e637568edd31.jpg,train,normal,0.67485774,1,33.02574936,0.47665216,0.50194239
image_0318_png_jpg.rf.f1126f5d86b8e4b34b4f754cf275f551.jpg,train,normal,0.64317006,1,31.03475765,0.509366578,0.500705308
image_0050_png_jpg.rf.022434acacd0695e467586578caad12b_flip.jpg,train,normal,0.69627756,1,32.98788265,0.518992123,0.500830305
image_0338_jpg.rf.f3e2429b0df3d8f07ece16720ecd595f_flip.jpg,train,normal,0.6762052,1,32.91015625,0.516346074,0.500773965
image_0115_png_jpg.rf.4282528a8f813dea01d85266cc818921.jpg,train,normal,0.6949299,1,32.38400829,0.476317279,0.498435793
image_0395_jpg.rf.356cbca9a818605d4d6cf31dbd65ec2f_flip.jpg,train,normal,0.64645386,1,32.08705357,0.510545173,0.499160534
image_0829_png_jpg.rf.40b4216428abb550c10a658289a53f80_flip.jpg,train,normal,0.6410274,1,31.68845663,0.514436327,0.494674998
image_0157_jpg.rf.0275841e10b89cd1403dafe58d1d77c7_flip.jpg,train,normal,0.67445457,1,32.99784758,0.520070208,0.503879151
image_0400_jpg.rf.40ff50eb61dc56221ecbce959997e096.jpg,train,normal,0.6707762,1,32.83641582,0.493916172,0.501630449
image_0692_png_jpg.rf.bca4628a4a5d856da812deeae88e1d76_flip.jpg,train,normal,0.652559,1,32.19068878,0.491014751,0.50235213
image_0074_png_jpg.rf.166fe00621cd1d5e28f24acf3677d3b6_flip.jpg,train,normal,0.65812397,1,32.77662628,0.494209741,0.500407429
image_0328_jpg.rf.51a241dc2c24b8d4e22f86268a7e377b.jpg,train,normal,0.70846176,1,33.03571429,0.489983429,0.501566582
image_0407_png_jpg.rf.6614f326c9ee6f38a819f46788e71206_flip.jpg,train,normal,0.6994477,1,32.93805804,0.515537821,0.498998043
image_0824_png_jpg.rf.83d5c086e389389e667e8c08bb3c915d_flip.jpg,train,normal,0.68180716,1,32.27040816,0.498471317,0.503397085
image_0187_jpg.rf.25a66d99ba677ae50ea313a475117142_flip.jpg,train,normal,0.6864902,1,32.09901148,0.518317738,0.506823967
image_0194_jpg.rf.d3d20fcf1fcc128cfdaa0bdcaeef53fe.jpg,train,normal,0.69068664,1,32.92610013,0.476177461,0.500076311
image_0093_png_jpg.rf.ce59a30a2fe02afd80d50768a48d3006.jpg,train,normal,0.68765634,1,33.01578444,0.481531287,0.500970287
image_0222_png_jpg.rf.1810007a9dae42ac1d00b4a338650fed.jpg,train,normal,0.7134027,1,32.97393176,0.484812405,0.500182004
image_0636_png_jpg.rf.51f145fcad262af40ed5e2e99ee47a68_flip.jpg,train,normal,0.696349,1,33.00382653,0.513761693,0.500232296
image_0201_png_jpg.rf.14bfb9b43c74be50577a5d45fda1a95b.jpg,train,normal,0.69855994,1,32.33617666,0.500139169,0.506740489
image_0577_png_jpg.rf.ce406ade68cb03af5127cb78fb18229f_flip.jpg,train,normal,0.662558,1,31.76618304,0.523861236,0.500461225
image_0414_png_jpg.rf.69b0e2edf2fd06253412722ec1d3376d.jpg,train,normal,0.639389,1,32.40991709,0.483477936,0.50320449
image_0394_jpg.rf.62d48ebe2c423bfeb0f036022199824b.jpg,train,normal,0.7052839,1,32.99984056,0.483471536,0.500713977
image_0179_jpg.rf.747c6e58c0d01da5613afdaa4d65f857.jpg,train,normal,0.6413915,1,31.84390944,0.486012606,0.502140051
image_0305_png_jpg.rf.92361bfe8d7a396d6fb2033833157696.jpg,train,normal,0.67679536,1,32.38600128,0.494805304,0.498743726
image_0160_jpg.rf.4864f876379aaad05a33a671cb311507.jpg,train,normal,0.68204856,1,32.8902264,0.474634294,0.501310152
image_0306_jpg.rf.bd2247a5f03eaa2c892d6e9300fe88f0_flip.jpg,train,normal,0.71729213,1,32.93606505,0.51946111,0.499262072
image_0378_jpg.rf.5a99022e64fa9952b9b557cd63058149.jpg,train,normal,0.67611545,1,32.36208546,0.471827263,0.498425275
image_0562_png_jpg.rf.5fc1ed311889cf5e8a62fbe4ad3a605e_flip.jpg,train,normal,0.6712528,1,32.94602997,0.509472342,0.502267732
image_0174_jpg.rf.06f21bbe96ec29ad50a514281cb2c6ba.jpg,train,normal,0.65720564,1,31.66454082,0.510918135,0.497438119
image_0180_jpg.rf.356ca9070c1b148979ce2b7ef8733801.jpg,train,normal,0.6604986,1,32.27240115,0.533756571,0.495111372
image_0293_jpg.rf.e40ce204f6d580c61640a54cb56b8d17_flip.jpg,train,normal,0.6821965,1,32.99585459,0.51930261,0.501755689
image_0641_png_jpg.rf.cfa4ccf8aa9f1355fc2f5e1846a939ab_flip.jpg,train,normal,0.70196867,1,32.88823342,0.518437147,0.498883046
image_0027_png_jpg.rf.0324ae59daadf4f8430029d46f03084f.jpg,train,normal,0.64849734,1,32.39198023,0.497976563,0.496036513
image_0423_jpg.rf.2cc42d9c5abc31838feb7b6147b1bfbd.jpg,train,normal,0.69086766,1,32.16278699,0.488750806,0.504064693
image_0015_png_jpg.rf.cadcdea53b404a7329c9c28390dc7e7a_flip.jpg,train,normal,0.65851665,1,32.33816964,0.529412114,0.499874445
image_0824_png_jpg.rf.ff5c73d8ea8891b3ad5f86be2dc295b7_flip.jpg,train,normal,0.70484066,1,33.03571429,0.514185788,0.50097516
image_0998_png_jpg.rf.76aa7558c8599ba2c0dd431ad33c0008.jpg,train,normal,0.6967804,1,32.8902264,0.483765736,0.500135683
image_0909_png_jpg.rf.821a360055da167c7ac372e10c537860_flip.jpg,train,normal,0.6967316,1,32.9161352,0.512430822,0.500296852
image_0036_png_jpg.rf.52e7bef98caf129b17ac46b3105e29ec_flip.jpg,train,normal,0.69682014,1,32.33816964,0.515637485,0.501817638
image_0209_jpg.rf.420e1b7542c9ffd0e0c6dc2506af4e3f.jpg,train,normal,0.6801655,1,32.44379783,0.47516115,0.502666401
image_0279_jpg.rf.7274af9a69d3798fc22956beba8e5362_flip.jpg,train,normal,0.69927347,1,32.99585459,0.518506848,0.502344491
image_0169_png_jpg.rf.4950a518b97403f8f4f7be7617e9d7eb.jpg,train,normal,0.68473357,1,32.32222577,0.51224643,0.493636027
image_0384_jpg.rf.48925f013063cc05914d4c1e47ae93bc_flip.jpg,train,normal,0.67472625,1,32.44977679,0.461541996,0.497492868
image_0115_png_jpg.rf.f12d86a439a8c704042f1b7c9dc72fce.jpg,train,normal,0.6674535,1,32.39198023,0.511898286,0.501368506
image_0123_png_jpg.rf.1169a667fc4ab372af7d0bbb60fbfd35_flip.jpg,train,normal,0.68194467,1,31.8100287,0.495730782,0.50301669
image_0214_png_jpg.rf.e5f4dd2d3a2965346a310cccc8d60b72.jpg,train,normal,0.6651012,1,32.68494898,0.513845699,0.496579794
image_0012_png_jpg.rf.2efee9a51db5d49af6c497cd192c4a72.jpg,train,normal,0.65194374,1,32.40991709,0.48360174,0.498098212
image_0432_png_jpg.rf.041feebc1f9bc4443452fd7dad750338_flip.jpg,train,normal,0.6840018,1,32.48963648,0.493750238,0.498127353
image_0032_png_jpg.rf.366fc58eb05dfe627f2d80d64c2b3f63_flip.jpg,train,normal,0.6845872,1,32.93805804,0.514642572,0.497979274
image_0113_png_jpg.rf.d2cae80fabdc6d7062a057b5e1d313a3_flip.jpg,train,normal,0.69421655,1,32.4736926,0.527515907,0.503673722
image_0188_jpg.rf.17e4b2e6472f6294936ac5850c37eca5.jpg,train,normal,0.7174679,1,32.90617028,0.478756576,0.498493001
image_0173_jpg.rf.a0f32feaa32a0491b6b0db420fe71d46_flip.jpg,train,normal,0.6963131,1,32.9819037,0.517747692,0.501271494
image_0302_png_jpg.rf.c89402bca7b6b575df16ea9bf8649e7a_flip.jpg,train,normal,0.6601201,1,32.02527105,0.503631455,0.503093142
image_0104_png_jpg.rf.27b9029f78ab8bfa262a85a544f01e1d.jpg,train,normal,0.67329586,1,32.36806441,0.479268476,0.497976723
image_0426_png_jpg.rf.cc9c92dddc5a9f6ddb0137baeb7853b5.jpg,train,normal,0.6833657,1,32.4736926,0.483485215,0.502489448
image_0210_jpg.rf.12932728c20821913e02f0a28a080e11_flip.jpg,train,normal,0.67607427,1,32.87627551,0.508169282,0.501033406
image_0219_jpg.rf.12d26267960a61a3390760cc1dd6d077.jpg,train,normal,0.6490424,1,31.75422513,0.545291813,0.490130236
image_0735_png_jpg.rf.2a050ae380e7696457006df00c8980c7_flip.jpg,train,normal,0.68819016,1,32.46771365,0.458299397,0.499850947
image_0098_png_jpg.rf.0b7924fd29a108c4c46b10ce210116fc.jpg,train,normal,0.6827644,1,32.94005102,0.491602233,0.498655153
image_0322_jpg.rf.5277a187a27b9aafe199c801618dcc5c.jpg,train,normal,0.68413234,1,32.93805804,0.480671479,0.500232229
image_0608_png_jpg.rf.d70b80f98d3c1ebf2a0ac4adc9090b57_flip.jpg,train,normal,0.6611931,1,32.98788265,0.514946042,0.501575747
image_0176_jpg.rf.18d5dc8cc16cd6ccd161c9e6b90e3e95.jpg,train,normal,0.6840369,1,32.94005102,0.486601079,0.501281671
image_0352_png_jpg.rf.b5b306360c791901c4d30c81150726e4.jpg,train,normal,0.7265553,1,33.03571429,0.476060247,0.502775889
image_0090_png_jpg.rf.9338c16aea68f4bf4389816a912379d4.jpg,train,normal,0.71586806,1,32.92610013,0.487095891,0.502811576
image_0211_jpg.rf.9ad73b55bdde75ac1e7c1bc70fe802bd.jpg,train,normal,0.65151185,1,32.58131378,0.510953795,0.495178817
image_0282_jpg.rf.dee6711254ea44f3efa490fba147d0d7_flip.jpg,train,normal,0.6816869,1,32.86631059,0.473448721,0.498066233
image_0786_png_jpg.rf.e7138f8c46d67550eeee7161c69628fe.jpg,train,normal,0.6861448,1,32.46970663,0.472266143,0.500965342
image_0015_png_jpg.rf.4e14b1cad97e03d32394149fa1cac011.jpg,train,normal,0.6758423,1,33.02176339,0.473909022,0.501220431
image_0107_png_jpg.rf.3e2813993f126863780983a67d1cb824.jpg,train,normal,0.6902076,1,33.00382653,0.48103994,0.500072024
image_0259_jpg.rf.12844ab57c6636cf8a43a618e71b9046.jpg,train,normal,0.7048291,1,32.04719388,0.481248226,0.507521422
image_0249_jpg.rf.9a7d19afd838a7fb0e18ad84ab97fcac.jpg,train,normal,0.68137825,1,32.87627551,0.472495146,0.498699414
image_0046_png_jpg.rf.14dd11c27f581177ab45531ee12d800a_flip.jpg,train,normal,0.6584436,1,31.51506696,0.470132983,0.499111058
image_0414_jpg.rf.3b9ac8d54e5237aa01b36f86be9d503c.jpg,train,normal,0.65196025,1,31.80803571,0.479751119,0.498763667
image_0324_png_jpg.rf.429527ea6a38476dbdd9d41fc0e00410_flip.jpg,train,normal,0.67225045,1,32.35809949,0.523219744,0.499892598
image_0229_jpg.rf.57259614fb61b56c9acd02decf6bd1e0.jpg,train,normal,0.6499282,1,31.71436543,0.532973015,0.495935683
image_0197_jpg.rf.8d958a1fb7c6f1b8e300622a7d18ffa9_flip.jpg,train,normal,0.6844847,1,33.01379145,0.517289654,0.499680622
image_0319_jpg.rf.b7fb7da6f9a4a35a34f1fb55b322458b_flip.jpg,train,normal,0.70521826,1,32.99784758,0.507481905,0.500577115
image_0167_png_jpg.rf.04275dc90ab4571f1df060071d1f6a4b_flip.jpg,train,normal,0.69338286,1,33.01179847,0.525834697,0.502703914
image_0392_jpg.rf.bdfa8aea9d7a5a4599b11eee3227139a_flip.jpg,train,normal,0.69483465,1,32.92012117,0.520046456,0.498872902
image_0631_png_jpg.rf.10654a50f6aecc95908e4f8f53fc5cb7_flip.jpg,train,normal,0.6863271,1,32.43183992,0.48374247,0.50393491
image_0081_png_jpg.rf.481cb07e7019a28df9d6bf3fe6d78855.jpg,train,normal,0.69775385,1,32.50757334,0.479358043,0.498047226
image_0620_png_jpg.rf.5a5f3b356e53d72d18a79635c7ef0964.jpg,train,normal,0.71620256,1,33.00382653,0.485026568,0.499737203
image_0176_jpg.rf.e0a9559fb76e4d75ef4b182bae6d91d2.jpg,train,normal,0.65711904,1,32.57932079,0.528067245,0.497060556
image_0281_jpg.rf.4b15757b51e3e082447c6288414dc194_flip.jpg,train,normal,0.69585264,1,32.98788265,0.517200193,0.500584262
image_0274_jpg.rf.94f6e0751d175421aa568083355abc71.jpg,train,normal,0.72517574,1,32.93805804,0.483848469,0.500069611
image_0426_png_jpg.rf.070859cc8d296e67df82807b992b68fc_flip.jpg,train,normal,0.7051305,1,33.02574936,0.522588741,0.503195245
image_0294_jpg.rf.bba7e6945a306d74b581b5941cf48b95.jpg,train,normal,0.6693997,1,32.40593112,0.492474547,0.496842435
image_0259_jpg.rf.84c6db16bb4cc86c183fe14498d6bf90.jpg,train,normal,0.70624423,1,31.90369898,0.479075039,0.500677781
image_0938_png_jpg.rf.317d915541f0520549c8a59621e2e562_flip.jpg,train,normal,0.7192123,1,33.03571429,0.522307178,0.503846985
image_0037_png_jpg.rf.2afa1c0af03648f2e28cae7920b7c45b.jpg,train,normal,0.6874369,1,32.5912787,0.5199866,0.499975427
image_0395_png_jpg.rf.e2c2ff61b6510d9feec92e710ff7153b.jpg,train,normal,0.6618959,1,32.83442283,0.495437431,0.49976335
image_0187_jpg.rf.2b84588feda0297eb41e6ae79e60b017_flip.jpg,train,normal,0.71680063,1,33.03571429,0.520168841,0.502910536
image_0004_png_jpg.rf.e1ac4c4833f91d2ae873353a2b4604e8_flip.jpg,train,normal,0.7587091,1,33.03571429,0.520712072,0.50026272
image_0100_png_jpg.rf.252c55d5ef1365001a5ffad3a91f9832_flip.jpg,train,normal,0.67261976,1,32.27638712,0.501935096,0.497759351
image_0213_png_jpg.rf.5dbc33d52840a3dce71a072b9354062c_flip.jpg,train,normal,0.6868173,1,33.00980548,0.508706023,0.502191919
image_0631_png_jpg.rf.50e69439021e83579cdef4027b792385.jpg,train,normal,0.7035425,1,32.90218431,0.480689009,0.499235466
image_0271_jpg.rf.4af6eda6e1d4a74f556bb0efabde327f_flip.jpg,train,normal,0.6849636,1,32.46173469,0.52495799,0.500354205
image_0961_png_jpg.rf.d195c313eadff3b2fc0866896b0200c3_flip.jpg,train,normal,0.6892491,1,33.01977041,0.518575764,0.503107739
image_0243_jpg.rf.cbb379a28661426cc9736575b2f7be94.jpg,train,normal,0.6915234,1,32.90218431,0.473524009,0.500213714
image_0089_png_jpg.rf.2f0d562ef1745497717627a36c5a44c6.jpg,train,normal,0.7100673,1,33.01977041,0.479244316,0.502322935
image_0045_png_jpg.rf.16bfc5b81131b22e2a1d8e387c188126.jpg,train,normal,0.67167807,1,32.16477997,0.483639923,0.507521131
image_0098_png_jpg.rf.d1fab5523343565c90fb82eed54c43dc.jpg,train,normal,0.6914273,1,32.94403699,0.485005003,0.500427116
image_0280_jpg.rf.0a97c7038a5261b01f3354a058b784d4.jpg,train,normal,0.6661714,1,32.87627551,0.487263902,0.502970571
image_0600_png_jpg.rf.d44c1a197c9b201e672d8d2ce32559a7_flip.jpg,train,normal,0.69270873,1,33.03571429,0.518741091,0.501479604
image_0705_png_jpg.rf.a10ed394b9af482656f5e891bceaefaf_flip.jpg,train,normal,0.70119286,1,32.92410714,0.507648823,0.499480882
image_0230_jpg.rf.6d12032a09fc0d68ea4c6ffb7c95754d_flip.jpg,train,normal,0.68413275,1,33.00980548,0.515950813,0.502039566
image_0999_png_jpg.rf.7efab75040beaef9a29568da99306882.jpg,train,normal,0.69723064,1,32.99186862,0.475209568,0.503752758
image_0390_png_jpg.rf.788cad5b39669f3baf4145354fe0a150.jpg,train,normal,0.7293741,1,33.03571429,0.478783048,0.502007646
image_0098_png_jpg.rf.0b7924fd29a108c4c46b10ce210116fc_flip.jpg,train,normal,0.68276554,1,32.94005102,0.503934707,0.498655196
image_0562_png_jpg.rf.8c65b4ce24a2172cbc805a020487a049_flip.jpg,train,normal,0.6529843,1,32.37404337,0.523096778,0.49996873
image_0187_jpg.rf.25a66d99ba677ae50ea313a475117142.jpg,train,normal,0.6865309,1,32.09901148,0.477217794,0.506823434
image_0786_png_jpg.rf.6fdfb9d0cbd7fe03a52f1b684767988d.jpg,train,normal,0.70461226,1,33.0078125,0.487819069,0.499924468
image_0516_png_jpg.rf.98cb23049699d4c767eb78c9d6c753ed_flip.jpg,train,normal,0.6841588,1,33.01179847,0.517720808,0.50396616
image_0700_png_jpg.rf.7a73522284bb7ec19ca568578e6bd8de_flip.jpg,train,normal,0.6848465,1,33.03571429,0.515192161,0.500754419
image_0710_png_jpg.rf.a2d547c65e71695b02d6b0d9e075e25d_flip.jpg,train,normal,0.64892966,1,32.27638712,0.511146548,0.500441737
image_0279_png_jpg.rf.b2472675853df697b11790b59fe0d17f.jpg,train,normal,0.6830158,1,31.81999362,0.459681554,0.500511717
image_0491_png_jpg.rf.cd2b2cb8f7271d7cb043db91a3c586a4_flip.jpg,train,normal,0.69726026,1,32.94005102,0.517246205,0.498779725
image_0676_png_jpg.rf.55926b66a4d8e8c4073b9c57bb1fd7ba.jpg,train,normal,0.67654383,1,31.96946747,0.516697682,0.502611413
image_0348_png_jpg.rf.c13d086dfe45b2a3f361cad4bb246ef5_flip.jpg,train,normal,0.6945122,1,32.98987564,0.51269944,0.500827817
image_0237_jpg.rf.5c7aae66523d711e0a97c7a5eee0920c.jpg,train,normal,0.6957761,1,32.88823342,0.483773994,0.501014155
image_0051_png_jpg.rf.47ab09075de7cb736b2e279f5c004d5a_flip.jpg,train,normal,0.69138366,1,32.97791773,0.511409596,0.499728644
image_0853_png_jpg.rf.74a743c7293fecd163cb72fa9605d131_flip.jpg,train,normal,0.66085225,1,31.48317921,0.4966322,0.498253399
image_0136_png_jpg.rf.e157c75936054b6e20637a3e240fe2c9.jpg,train,normal,0.6951774,1,32.3301977,0.474622593,0.501690995
image_0469_png_jpg.rf.70fcf61b4826ff66036ae74dd8462e5d_flip.jpg,train,normal,0.716665,1,32.66302615,0.511502492,0.50062746
image_0148_png_jpg.rf.205a76571f1c21660680b0ca1e157759.jpg,train,normal,0.68132913,1,32.90617028,0.476599671,0.499297246
image_0231_jpg.rf.964721a12254930ee5e1c869d3ecfdf9_flip.jpg,train,normal,0.6565677,1,32.31026786,0.532461877,0.501819095
image_0353_jpg.rf.e6b6ed8ced97cd0a8d8a877d76c494a7.jpg,train,normal,0.6951059,1,33.03571429,0.487565763,0.500000486
image_0080_png_jpg.rf.a26cf52f541c84972ae761af1c373046_flip.jpg,train,normal,0.7033094,1,32.37802934,0.509383104,0.499659406
image_0074_png_jpg.rf.b044481e9c29506ff0820141f3cd587a.jpg,train,normal,0.6910842,1,32.9559949,0.480200827,0.499879514
image_0271_jpg.rf.4af6eda6e1d4a74f556bb0efabde327f.jpg,train,normal,0.684925,1,32.46173469,0.470578472,0.5003538
image_0338_jpg.rf.f3e2429b0df3d8f07ece16720ecd595f.jpg,train,normal,0.6762827,1,32.91015625,0.479190979,0.500773812
image_0229_jpg.rf.dc78072e05b044ecba44794aff2d8b2f.jpg,train,normal,0.6781667,1,32.75071747,0.52341563,0.500352234
image_0288_jpg.rf.e4ccadb92d70c29b4369c8c710f68979.jpg,train,normal,0.66987985,1,32.91414222,0.48475877,0.498384877
image_0206_jpg.rf.ac0fab2915ce49b6a1ad24177f6e489f_flip.jpg,train,normal,0.6601736,1,31.73030931,0.474363415,0.505182455
image_0165_jpg.rf.47877ff8987f21687184cd37239b5c75_flip.jpg,train,normal,0.7095991,1,33.03571429,0.520024417,0.502587666
image_0169_png_jpg.rf.4950a518b97403f8f4f7be7617e9d7eb_flip.jpg,train,normal,0.6847728,1,32.32222577,0.483288099,0.493635613
image_0909_png_jpg.rf.821a360055da167c7ac372e10c537860.jpg,train,normal,0.6967341,1,32.9161352,0.48310586,0.500297334
image_0140_png_jpg.rf.41298b1988ed3adcb67b3cb26effbc74.jpg,train,normal,0.7235794,1,32.96795281,0.473858739,0.498651265
image_0206_jpg.rf.72746e241e41d196b5f10fef76b2c0c7_flip.jpg,train,normal,0.6592433,1,31.78611288,0.538253318,0.496716245
image_0084_png_jpg.rf.fb57442fd33489aaaaa1674b2849c2be_flip.jpg,train,normal,0.64410126,1,32.33816964,0.474334628,0.499559261
image_0378_png_jpg.rf.0072998604d3d3afd7bf9fa0200f29c7.jpg,train,normal,0.67825496,1,33.02176339,0.472472592,0.500908612
image_0230_jpg.rf.1742c5cfae8b7eca9ffc705934545660.jpg,train,normal,0.6673652,1,32.45176977,0.464970359,0.501458007
image_0328_jpg.rf.be91c612dcdde4775c009b9d6e99bf9e.jpg,train,normal,0.67825824,1,32.23254145,0.51570821,0.493897423
image_0336_png_jpg.rf.35fd59c35da89b2fa63219590dfde0f5.jpg,train,normal,0.70344836,1,33.01977041,0.479883026,0.501388987
image_0242_jpg.rf.e2b56de06490ce84c7597cbea2def487.jpg,train,normal,0.6515425,1,31.68247768,0.50129059,0.505868749
image_0198_jpg.rf.0649ae1458437dfb603e9d6f84df22d6_flip.jpg,train,normal,0.6651357,1,32.32621173,0.524208131,0.502719922
image_0800_png_jpg.rf.01770be17ae78080aad20cea43c258b3_flip.jpg,train,normal,0.7140042,1,33.01379145,0.513424251,0.501309324
image_0048_png_jpg.rf.1999a5e22ab1dc5b275cc9e6b21a8a34_flip.jpg,train,normal,0.69922996,1,32.91414222,0.514490226,0.50166228
image_0211_jpg.rf.9ad73b55bdde75ac1e7c1bc70fe802bd_flip.jpg,train,normal,0.65154713,1,32.58330676,0.484581138,0.49517875
image_0410_jpg.rf.6dd0b6a1f393ae89b174c5d86fc120e7_flip.jpg,train,normal,0.7115761,1,32.91015625,0.515110021,0.499545419
image_0461_png_jpg.rf.0d4b501a1919de7387b42c37eac459a0_flip.jpg,train,normal,0.69105077,1,32.91414222,0.518416704,0.500564535
image_0093_png_jpg.rf.f3463036c5fd5cb63695c56a047cdcd5.jpg,train,normal,0.67185754,1,32.35809949,0.483653965,0.504259754
image_0062_png_jpg.rf.c98517d8820a974dfec8d6577063ab92.jpg,train,normal,0.676408,1,32.31425383,0.517561473,0.505881033
image_0347_jpg.rf.647d6e4552c953cdb8bf06864e5acf5a_flip.jpg,train,normal,0.69148254,1,33.03571429,0.5232616,0.502563165
image_0281_jpg.rf.904971e369a311587021b2e497a080d8_flip.jpg,train,normal,0.68737906,1,32.37404337,0.523761482,0.501289389
image_0019_png_jpg.rf.b2e22a37cc9a57cbf6d25414bfbf848d_flip.jpg,train,normal,0.68056375,1,33.00382653,0.515783483,0.500203447
image_0024_png_jpg.rf.6d52683939018e417c0db99e10af2885_flip.jpg,train,normal,0.6742526,1,32.91015625,0.51647963,0.500784565
image_0384_jpg.rf.48925f013063cc05914d4c1e47ae93bc.jpg,train,normal,0.6747243,1,32.44977679,0.53399397,0.497492543
image_0036_png_jpg.rf.24e55f98eae2024272ca6456eb74ed1a_flip.jpg,train,normal,0.720617,1,32.94204401,0.526839378,0.498143247
image_0137_png_jpg.rf.a6e56c0c062d667094ed08fc24a2da77_flip.jpg,train,normal,0.6798086,1,32.1229273,0.46801143,0.49499213
image_0774_png_jpg.rf.41fffe5472d3bb57184b937bdbff7aab.jpg,train,normal,0.67937076,1,32.31226084,0.533995329,0.49540268
image_0365_jpg.rf.8a118c0a5ab7ecabde8e748452ed879f_flip.jpg,train,normal,0.6933711,1,33.02176339,0.523539128,0.498990492
image_0048_png_jpg.rf.8939143cfd4199f3528f144236b385f7.jpg,train,normal,0.6970256,1,32.89620536,0.47636476,0.498681166
image_0219_jpg.rf.dd964ad271b6fad64fd5750b15d4b598_flip.jpg,train,normal,0.6909281,1,32.88823342,0.518824257,0.501921956
image_0282_png_jpg.rf.3aba159bd50cf8a12f6330687b99cd1a_flip.jpg,train,normal,0.69307107,1,32.99386161,0.517603728,0.501255341
image_0282_jpg.rf.dee6711254ea44f3efa490fba147d0d7.jpg,train,normal,0.6815711,1,32.86830357,0.522087347,0.498066437
image_0322_jpg.rf.6bf023d0ce37426bbbed42db2bafb479.jpg,train,normal,0.66462463,1,32.20264668,0.472336445,0.503415463
image_0037_png_jpg.rf.aad54c418f049cbcca8042c9c8791468_flip.jpg,train,normal,0.69189185,1,32.47767857,0.527987668,0.501918482
image_0252_png_jpg.rf.d82820285089705e96ee4f7255f6c13a_flip.jpg,train,normal,0.6815363,1,32.20463967,0.514485506,0.496420668
image_0081_png_jpg.rf.2626242930c3062e1b929317772a9133_flip.jpg,train,normal,0.6530927,1,32.25047832,0.486816495,0.49788088
image_0203_png_jpg.rf.847ce6e5bdb3fe1aa126add0d4a8f340.jpg,train,normal,0.6237258,1,31.39548788,0.471603311,0.501254719
image_0170_jpg.rf.aa7276b92f8a26078476beb91638a393.jpg,train,normal,0.72454643,1,32.96595982,0.471837999,0.50248329
image_0347_jpg.rf.90fc8b7a06468a6ee2545c2e3c0b0ce9.jpg,train,normal,0.6740064,1,32.45575574,0.473164549,0.503902882
image_0390_jpg.rf.9e32b96b5c33a9a4ef2240a179812cfc_flip.jpg,train,normal,0.6360734,1,32.24848533,0.523838529,0.495011742
image_0213_png_jpg.rf.5dbc33d52840a3dce71a072b9354062c.jpg,train,normal,0.6868156,1,33.00980548,0.486828871,0.502192279
image_0024_png_jpg.rf.3d786e6c4354c37c0ea3e2167da46dde.jpg,train,normal,0.7037728,1,32.36806441,0.489918662,0.501000319
image_0693_png_jpg.rf.024abd02836e7ad6560ec6d7765eb6a7.jpg,train,normal,0.66231406,1,32.86631059,0.488224623,0.498798461
image_0350_jpg.rf.7978374aaefc865ac71da1221cf01ff6.jpg,train,normal,0.6868182,1,32.78459821,0.518539801,0.501369414
image_0468_png_jpg.rf.d5cf2341ab84ad18b8cbe56ce203f9f8_flip.jpg,train,normal,0.68062603,1,32.01729911,0.524695261,0.496504475
image_0715_png_jpg.rf.7da067b96299296c1dd7ef026de4a1bd_flip.jpg,train,normal,0.6661681,1,32.38600128,0.491102527,0.502227878
image_0167_png_jpg.rf.ae5c3fb7d7ce99ea0ba4569770673b55.jpg,train,normal,0.6794772,1,32.6949139,0.530416688,0.494625101
image_0236_jpg.rf.2ea0bcc0bd9043da82e33dbfc22e88ae.jpg,train,normal,0.66212595,1,31.99338329,0.492567133,0.507303385
image_0137_png_jpg.rf.67d4687ca3e0802ed804b4484730a057.jpg,train,normal,0.67252797,1,32.23652742,0.46181944,0.50077114
image_0715_png_jpg.rf.3a3357fd5a132ad43f33e3ea75cde0eb_flip.jpg,train,normal,0.6898472,1,32.9041773,0.507468786,0.501366214
image_0229_jpg.rf.57259614fb61b56c9acd02decf6bd1e0_flip.jpg,train,normal,0.64985174,1,31.71436543,0.462561865,0.495935616
image_0304_png_jpg.rf.17922ca32009bb94d80ff87370226310.jpg,train,normal,0.69922924,1,33.03571429,0.475341758,0.502963353
image_0380_jpg.rf.6bc6cc3381bf00fab5c929905e0d68a8.jpg,train,normal,0.66828066,1,31.68247768,0.471718781,0.500840464
image_0285_png_jpg.rf.5a37a2cf3892173169e301a9b6012bb2_flip.jpg,train,normal,0.6865791,1,32.89620536,0.522096531,0.500808631
image_0721_png_jpg.rf.843380a31af35203de636790a4c8e09a.jpg,train,normal,0.67374265,1,32.39397321,0.474669937,0.497340021
image_0922_png_jpg.rf.6a23fddc296aba7cb989efd7b50f0734.jpg,train,normal,0.6648274,1,32.64508929,0.506146571,0.500091262
image_0236_jpg.rf.2ea0bcc0bd9043da82e33dbfc22e88ae_flip.jpg,train,normal,0.66197467,1,31.99338329,0.502967217,0.507303589
image_0279_png_jpg.rf.c4f82f71fe21dd3575492e9bb94121c4_flip.jpg,train,normal,0.72047096,1,32.89421237,0.513749622,0.499740906
image_0273_jpg.rf.4cdc5420c836631f5169a86f2d87b874_flip.jpg,train,normal,0.70639056,1,32.86631059,0.513828836,0.498234751
image_0050_png_jpg.rf.022434acacd0695e467586578caad12b.jpg,train,normal,0.69627666,1,32.98788265,0.476544567,0.500829732
image_0047_png_jpg.rf.18dcef8a681e2ebdf46254579cc5241a_flip.jpg,train,normal,0.62539023,1,31.20416135,0.463639744,0.506250627
image_0051_png_jpg.rf.708b70be98bd8613285cd3b5acb800f0_flip.jpg,train,normal,0.6843689,1,33.01578444,0.520161891,0.501200372
image_0721_png_jpg.rf.843380a31af35203de636790a4c8e09a_flip.jpg,train,normal,0.6736605,1,32.39397321,0.520864814,0.497340475
image_0348_jpg.rf.1ad26c38150b46a6c0e089ec844cb196.jpg,train,normal,0.68791723,1,32.88424745,0.475782694,0.497777322
image_0180_png_jpg.rf.2bcbcd18f5693daa29ba421a5a4912ce_flip.jpg,train,normal,0.6564312,1,32.02527105,0.465026053,0.498523132
image_0365_jpg.rf.5cff50825fd090ad5282dfdcd2d4fda2.jpg,train,normal,0.65743124,1,31.86981824,0.465604958,0.501527023
image_0280_jpg.rf.6448ad5bea3e0aef678343b8e3cc4bb6.jpg,train,normal,0.65759706,1,32.3042889,0.484618546,0.503017046
image_0936_png_jpg.rf.7ebe1d221abf2622abd7a51b86436547_flip.jpg,train,normal,0.68065417,1,31.94953763,0.489337953,0.504951237
image_0112_png_jpg.rf.ced44ae3912bc887bbfd21236b1ebb5a_flip.jpg,train,normal,0.6531636,1,31.94953763,0.498674731,0.505257656
image_0159_jpg.rf.def1c944fbe6b7bd45fc81dadd66bce2.jpg,train,over-arch,0.6873037,1,33.01379145,0.476443847,0.501592383
image_0483_png_jpg.rf.8478ae2886efac80d6d337b228b60c6a.jpg,train,over-arch,0.7100641,1,32.58928571,0.479536383,0.499201275
image_0104_png_jpg.rf.ce5efaf2f5a0e307aead4f7d0bfb59fa_flip.jpg,train,over-arch,0.68709636,1,32.89620536,0.514910098,0.500325117
image_0565_png_jpg.rf.504bc344c79544f428dc754ad1142f87_flip.jpg,train,over-arch,0.688192,1,32.84638074,0.502149957,0.500780827
image_0972_png_jpg.rf.1ac1bbea59663db11ee4565ea06a71c4_flip.jpg,train,over-arch,0.7071607,1,32.9559949,0.523881164,0.498604876
image_0129_png_jpg.rf.f03380b58c5e5ebb78c2ed698a039700_flip.jpg,train,over-arch,0.7250344,1,33.03571429,0.513935775,0.501576867
image_0063_png_jpg.rf.9c9695ec730827a4e3bda0755088670e.jpg,train,over-arch,0.72078127,1,33.00980548,0.478236509,0.501407941
image_0124_png_jpg.rf.7452747f7bd682029fc9b2b6724e40e1.jpg,train,over-arch,0.67512906,1,32.92012117,0.481398675,0.499384204
image_0189_jpg.rf.467171e0b7facc7c93612c146ab7516a_flip.jpg,train,over-arch,0.6993987,1,33.01977041,0.526254026,0.505622421
image_0235_jpg.rf.9d5437e089b2740f9b5ab0f458420b39_flip.jpg,train,over-arch,0.6665267,1,32.5912787,0.533117214,0.497436025
image_0029_png_jpg.rf.cd8b7fba6e14f084c6c4fffc8752c21d_rot-15.jpg,train,over-arch,0.6840346,1,34.34111926,0.483036117,0.497222944
image_0316_jpg.rf.2ada09b961c0f340a45279fed4a025d3_flip.jpg,train,over-arch,0.67741716,1,32.50159439,0.464622159,0.496835424
image_0396_png_jpg.rf.a351c63b076bb95af4c8fa671b4904b0_rot-15.jpg,train,over-arch,0.70000035,1,33.73525191,0.484597222,0.495990131
image_0299_png_jpg.rf.25046fdf0683529caa37f4edce57ff72_flip.jpg,train,over-arch,0.7259461,1,32.5255102,0.501313705,0.500978743
image_0863_png_jpg.rf.3bc48834706b3285b513f4c4560812d8_flip.jpg,train,over-arch,0.66993934,1,32.1348852,0.505587751,0.499760586
image_0963_png_jpg.rf.19a49553929c690968770cb07c3a131a.jpg,train,over-arch,0.68887144,1,32.43582589,0.481599662,0.500697924
image_0122_png_jpg.rf.8a7c326bcfb49c177f8891cd62f8a672.jpg,train,over-arch,0.6690003,1,32.86033163,0.484554546,0.499896903
image_0145_png_jpg.rf.375449e0173768d2a998d2dd54a080e1_rot-15.jpg,train,over-arch,0.6839519,1,33.80301339,0.498409997,0.498592692
image_0976_png_jpg.rf.9a3faa1939b7984e41dfe49767561374_flip.jpg,train,over-arch,0.70407015,1,32.33617666,0.525524995,0.498176002
image_0147_png_jpg.rf.7806bf4c42b08fb1c1c6d91f6b1ea73a.jpg,train,over-arch,0.6840865,1,33.00183355,0.472873182,0.502544491
image_0342_jpg.rf.f0cc348bc0943e100ada0ef963cce359_rot-15.jpg,train,over-arch,0.64277345,1,33.53196747,0.48727494,0.500746298
image_0301_jpg.rf.1a269d31646a15a993c68fff00a0bb44_rot-15.jpg,train,over-arch,0.64460814,1,33.06560906,0.492001668,0.506489568
image_0450_png_jpg.rf.89fb47c1f561939eede29697f7877506_rot-15.jpg,train,over-arch,0.66779596,1,33.3725287,0.490211972,0.498345894
image_0042_png_jpg.rf.a8157f9d4ee18bbdec3787ed094cef4e.jpg,train,over-arch,0.7296197,1,31.82397959,0.485388095,0.505625627
image_0812_png_jpg.rf.3abcc9cf92d0b13c48f6d0093d080b83_rot-15.jpg,train,over-arch,0.6920192,1,34.34709821,0.476348142,0.49636213
image_0796_png_jpg.rf.585a462959b10a72a8afa715ddd453ea_flip.jpg,train,over-arch,0.7166422,1,32.99984056,0.520909733,0.50126061
image_0068_png_jpg.rf.9fe771beefceea4172253a259c201815_flip.jpg,train,over-arch,0.7054627,1,33.0078125,0.514643651,0.500245961
image_0253_jpg.rf.b3280876e8538e3ea3915ba04d6de1f1.jpg,train,over-arch,0.69235873,1,32.47169962,0.475964017,0.503461376
image_0042_png_jpg.rf.83284a5ae28d6302a45eba151f963543_rot-15.jpg,train,over-arch,0.75450647,1,33.80699936,0.485646049,0.498235958
image_0193_png_jpg.rf.9ac4116642b29adaeda3766bc8c8f96e.jpg,train,over-arch,0.7064661,1,33.01777742,0.489192818,0.50150039
image_0255_jpg.rf.0d1672716b7df70b4fd743a64ecc068f_rot-15.jpg,train,over-arch,0.66201377,1,33.63161671,0.477066297,0.494495129
image_0882_png_jpg.rf.b74299786743986a97113ad99eba6fd7_flip.jpg,train,over-arch,0.71686125,1,33.03571429,0.521071891,0.501891255
image_0134_png_jpg.rf.dcc929ff66a267fa9b2004f466ca317c_rot-15.jpg,train,over-arch,0.701385,1,34.23947704,0.475861337,0.491612106
image_0695_png_jpg.rf.16ac38c33e92a932ccee96443e2807d6_rot-15.jpg,train,over-arch,0.7077705,1,34.25143495,0.485410957,0.496031166
image_0927_png_jpg.rf.c903d571db2a74aefcd21ded624a0935_rot-15.jpg,train,over-arch,0.6773341,1,33.41438138,0.52354245,0.501515813
image_0723_png_jpg.rf.b1bb5a9e431a61f7cf2bf376761d7a7d_flip.jpg,train,over-arch,0.703553,1,32.43183992,0.502975237,0.502774949
image_0159_jpg.rf.def1c944fbe6b7bd45fc81dadd66bce2_rot-15.jpg,train,over-arch,0.68306917,1,34.31521046,0.478307629,0.495859758
image_0921_png_jpg.rf.e66c630087e64fcd6c64cb55f0ef20f5_rot-15.jpg,train,over-arch,0.68684584,1,33.56584821,0.508550782,0.505697964
image_0650_png_jpg.rf.f77b785b09be2a8a67cf3653b32a7ba2_flip.jpg,train,over-arch,0.69330144,1,32.57334184,0.521384918,0.499965983
image_0049_png_jpg.rf.4baa9f06d584fa00ad8f3a14ac075f5c_rot-15.jpg,train,over-arch,0.7169654,1,34.34311224,0.483893973,0.497942884
image_0462_png_jpg.rf.1abbb3715c99565e4c4cef5f9af72326_flip.jpg,train,over-arch,0.7369134,1,33.03571429,0.50544205,0.503080772
image_0130_png_jpg.rf.06579068b59c8bb7639071a0d363b9a4.jpg,train,over-arch,0.7019655,1,32.96795281,0.479214229,0.499214969
image_0949_png_jpg.rf.3de676a9bd46a96454028cfae1f6d5a6_rot-15.jpg,train,over-arch,0.6722861,1,34.27734375,0.477285715,0.494381536
image_0685_png_jpg.rf.ffc4a65c8c5760cad4f29ac1e4afd01d_rot-15.jpg,train,over-arch,0.6756338,1,33.23700574,0.535684974,0.511104361
image_0122_png_jpg.rf.8a7c326bcfb49c177f8891cd62f8a672_flip.jpg,train,over-arch,0.6689209,1,32.86033163,0.510980608,0.49989725
image_0946_png_jpg.rf.de12a65a7e4ea93730bb37956084cc77_rot-15.jpg,train,over-arch,0.69188243,1,34.26937181,0.4847681,0.499706594
image_0712_png_jpg.rf.d2379d5a28695db7206c09c1453bfd4f_rot-15.jpg,train,over-arch,0.66403526,1,34.30125957,0.482032813,0.496549316
image_0351_jpg.rf.58051dd47ab77c07fbb2a796508228e0_rot-15.jpg,train,over-arch,0.6927384,1,34.30524554,0.481037096,0.494791329
image_0154_png_jpg.rf.a7d6eead9f9bc67ae5400ea0be178127.jpg,train,over-arch,0.7111672,1,31.40545281,0.476757133,0.500411061
image_0235_jpg.rf.36cbacea532e989a87e42f13454e993f_rot-15.jpg,train,over-arch,0.6782966,1,34.21157526,0.476139492,0.49233074
image_0270_jpg.rf.3c2a9ab2449a8dc61928114efe2f5a84_flip.jpg,train,over-arch,0.6680328,1,32.35212054,0.522875226,0.499622382
image_0396_jpg.rf.780796c8eda02157646a1d37c7f1f1cf.jpg,train,over-arch,0.6899521,1,32.82445791,0.492953319,0.500670019
image_0351_jpg.rf.087e1af1fda38c578aa0fb3e3beab7eb_flip.jpg,train,over-arch,0.6794876,1,32.46572066,0.531809654,0.501111961
image_0018_png_jpg.rf.0adcb00b1b9a1c13357da299bf4ebe07_flip.jpg,train,over-arch,0.66150385,1,32.93407207,0.514576077,0.500254965
image_0464_png_jpg.rf.d87e1627648276efc048a592e1fd66d1.jpg,train,over-arch,0.71578866,1,33.01179847,0.486638274,0.503245359
image_0723_png_jpg.rf.b1bb5a9e431a61f7cf2bf376761d7a7d.jpg,train,over-arch,0.70359445,1,32.43183992,0.49255987,0.502775258
image_0030_png_jpg.rf.56f4f273dbcb48621671895f87b052af_flip.jpg,train,over-arch,0.7178825,1,32.96595982,0.522392359,0.49832211
image_0483_png_jpg.rf.8478ae2886efac80d6d337b228b60c6a_flip.jpg,train,over-arch,0.7103533,1,32.58928571,0.516000474,0.499201112
image_0664_png_jpg.rf.e0974fd20a3253eff11f7024cf492ea9.jpg,train,over-arch,0.73262686,1,33.00382653,0.483078606,0.499501403
image_0377_jpg.rf.deac4b55436ee9c286f8fbe25a86abcd_rot-15.jpg,train,over-arch,0.64974064,1,32.97592474,0.531126047,0.508944688
image_0492_png_jpg.rf.8edb7844f2fe91c125bb45fc51a87cdd_flip.jpg,train,over-arch,0.70321894,1,32.98788265,0.524050945,0.503481043
image_0043_png_jpg.rf.dd8048c54702ae432c80d4a3ba74f1a0_flip.jpg,train,over-arch,0.6590594,1,32.67498406,0.480556419,0.501359987
image_0357_jpg.rf.9f31df19fd6548146643b738f11e489d_rot-15.jpg,train,over-arch,0.69095427,1,33.89070472,0.517220893,0.502950377
image_0396_png_jpg.rf.a351c63b076bb95af4c8fa671b4904b0.jpg,train,over-arch,0.7054407,1,32.43582589,0.482841563,0.500018358
image_0131_png_jpg.rf.0f2b4b951e2ebbe8f56d593b4b5c1435.jpg,train,over-arch,0.6770584,1,32.44579082,0.479286764,0.500505838
image_0898_png_jpg.rf.95d39398b406cf4d999b5b5b7fca16a3_rot-15.jpg,train,over-arch,0.6477259,1,33.22305485,0.511116022,0.506502888
image_0086_png_jpg.rf.bd3647e6cf504c4fb272bcd298675224.jpg,train,over-arch,0.670601,1,31.80404974,0.467058377,0.498858495
image_0002_png_jpg.rf.293b4f31d549da7c92755a514fe542f8_rot-15.jpg,train,over-arch,0.7039927,1,34.21356824,0.481004834,0.494491408
image_0851_png_jpg.rf.68a58ae81c3bd2af9b5a16dbc1a0393c_flip.jpg,train,over-arch,0.7012994,1,32.95400191,0.517473355,0.498847627
image_0181_jpg.rf.2abff91c435ee5387c7f3559beda6fe6_flip.jpg,train,over-arch,0.6661124,1,32.9819037,0.504781104,0.499169504
image_0898_png_jpg.rf.05d870ba2f9d28f041cfd4690a854a83.jpg,train,over-arch,0.65882427,1,31.84988839,0.477314318,0.497266686
image_0001_png_jpg.rf.96a580760ca3352fcc444825b2ae489a.jpg,train,over-arch,0.6908744,1,32.98987564,0.484041374,0.501312014
image_0602_png_jpg.rf.00e3a9413015d7c25cc8c788d4ed6813.jpg,train,over-arch,0.6733393,1,32.98588967,0.476931678,0.500632631
image_0184_png_jpg.rf.bc34131faf4bac15a6dcbc8d26cbe896.jpg,train,over-arch,0.658089,1,32.9161352,0.493138455,0.501788912
image_0085_png_jpg.rf.8266bbd511cce596dca428064b92eb36.jpg,train,over-arch,0.65550673,1,32.4477838,0.473960487,0.499934527
image_0153_jpg.rf.9e5a06b5cde1f0e3bfdfcc404d43673f_flip.jpg,train,over-arch,0.7026523,1,32.4736926,0.517999561,0.503858523
image_0063_png_jpg.rf.c115c793254e23f1c1ef25eb678bed6a_rot-15.jpg,train,over-arch,0.68368995,1,33.22704082,0.463728414,0.489825588
image_0465_png_jpg.rf.1585e317b39c6840f1a8e534afee0e13_rot-15.jpg,train,over-arch,0.679851,1,32.6949139,0.50567224,0.506551832
image_0085_png_jpg.rf.da88ac17ccf6d7afcb22b9182ec6dbb3_rot-15.jpg,train,over-arch,0.6659497,1,34.29328763,0.48547634,0.497584631
image_0485_png_jpg.rf.6b5e5982085042559095ad7299ba425c_flip.jpg,train,over-arch,0.7075904,1,32.90019133,0.512047593,0.499357619
image_0298_jpg.rf.8b347af643a3bb0805735c51f976fbb6_rot-15.jpg,train,over-arch,0.6436473,1,32.63911033,0.539067589,0.508725646
image_0256_jpg.rf.6291a410bae27c4a5d493e7d527b11bb_flip.jpg,train,over-arch,0.6752784,1,32.79057717,0.467019623,0.497754534
image_0017_png_jpg.rf.97c9fdc5e814d59f52774fc1535c9fe3.jpg,train,over-arch,0.66829675,1,33.01179847,0.486718186,0.503075423
image_0114_png_jpg.rf.6d696591c0b23524182155b6ffade1f3_rot-15.jpg,train,over-arch,0.69483864,1,33.7113361,0.491682004,0.499246604
image_0154_png_jpg.rf.a7d6eead9f9bc67ae5400ea0be178127_rot-15.jpg,train,over-arch,0.7063965,1,32.77662628,0.478868609,0.494845184
image_0650_png_jpg.rf.f77b785b09be2a8a67cf3653b32a7ba2.jpg,train,over-arch,0.6933012,1,32.57334184,0.47415183,0.499966336
image_0412_png_jpg.rf.3ca9d0f9fcdd2121e664bd19bb783814_flip.jpg,train,over-arch,0.6808405,1,32.84638074,0.482011016,0.49834
image_0892_png_jpg.rf.66211e61f5acf0db6c4ac08b6224dd83.jpg,train,over-arch,0.6922164,1,32.9819037,0.493972231,0.501866295
image_0816_png_jpg.rf.9bbcfae702ac59ade4b182c194ad52fb_flip.jpg,train,over-arch,0.72420216,1,31.76618304,0.471301024,0.489575254
image_0863_png_jpg.rf.f210158bb67118bc81af0d146230b6c9_rot-15.jpg,train,over-arch,0.69607234,1,34.24744898,0.484038447,0.494456549
image_0002_png_jpg.rf.293b4f31d549da7c92755a514fe542f8_flip.jpg,train,over-arch,0.7091298,1,32.90019133,0.516302676,0.499555528
image_0002_png_jpg.rf.293b4f31d549da7c92755a514fe542f8.jpg,train,over-arch,0.7091307,1,32.90019133,0.479235711,0.499555651
image_0482_png_jpg.rf.27f68be4b6893dca60e7295b4c7499ec_flip.jpg,train,over-arch,0.64462316,1,31.81999362,0.486388968,0.498557149
image_0816_png_jpg.rf.0df934cb79287bd183082d71d1a1e26b.jpg,train,over-arch,0.7253114,1,32.39995217,0.528195123,0.498597201
image_0521_png_jpg.rf.2387e03c13db4ed103b2216392411ede_flip.jpg,train,over-arch,0.70860827,1,32.62316645,0.502835894,0.501813101
image_0216_jpg.rf.ef480b6b85a7469ee441688b2b4ee0c0_rot-15.jpg,train,over-arch,0.68716,1,34.32118941,0.474163045,0.495693388
image_0069_png_jpg.rf.8ac43a7bd9a5af7a3399948a698a51d7.jpg,train,over-arch,0.67647684,1,32.1348852,0.523521245,0.495112868
image_0299_png_jpg.rf.aa1f1cc6a96906f27ad3c3bcf1b79233_flip.jpg,train,over-arch,0.7438899,1,32.97393176,0.514284335,0.497730151
image_0450_png_jpg.rf.89fb47c1f561939eede29697f7877506.jpg,train,over-arch,0.6673666,1,32.12093431,0.48906538,0.500874973
image_0275_jpg.rf.b71b69e50dc5da42f3d21e1e6ea6b73a_rot-15.jpg,train,over-arch,0.683572,1,34.34709821,0.475380076,0.49403274
image_0043_png_jpg.rf.8777a9ec9bee10852ceae6420f5e6d1e_flip.jpg,train,over-arch,0.67051166,1,32.14285714,0.506656091,0.501174954
image_0147_png_jpg.rf.7806bf4c42b08fb1c1c6d91f6b1ea73a_rot-15.jpg,train,over-arch,0.67999357,1,34.30325255,0.474787228,0.495858928
image_0712_png_jpg.rf.efcf3669627e08720e6fdb4bd0ce44b5_rot-15.jpg,train,over-arch,0.6378205,1,33.16326531,0.487118475,0.500548187
image_0034_png_jpg.rf.6d03ccf89bcaebecbca4e97cd964be92_rot-15.jpg,train,over-arch,0.6588203,1,33.24697066,0.48631569,0.502428399
image_0866_png_jpg.rf.2fa0a0f20b65971d892f6d97b1bb8e54.jpg,train,over-arch,0.692076,1,33.00581952,0.489812619,0.502084302
image_0450_png_jpg.rf.ab3a196b0a7cd61f7cd54d3a300310bc_rot-15.jpg,train,over-arch,0.6921344,1,34.33912628,0.48091765,0.495657577
image_0006_png_jpg.rf.8c4c5e5ff6b9e72909ef87cd59d3576f_flip.jpg,train,over-arch,0.6619626,1,32.24649235,0.503204671,0.502917219
image_0411_jpg.rf.dfa4a259204e53142e7694f3f4fac203.jpg,train,over-arch,0.7263146,1,32.81050702,0.477122964,0.505787555
image_0037_png_jpg.rf.7ae66fe6182c36fe92b7fbfb341c4876_rot-15.jpg,train,over-arch,0.65618163,1,33.12340561,0.52810055,0.50145532
image_0298_jpg.rf.8b347af643a3bb0805735c51f976fbb6_flip.jpg,train,over-arch,0.64477617,1,31.64859694,0.453520072,0.49785452
image_0303_jpg.rf.827518acfa0dbc22721b01e663afc0b3_rot-15.jpg,train,over-arch,0.6454346,1,32.79057717,0.482055145,0.495362781
image_0350_png_jpg.rf.03cd57db1f72f4fc8e64b03400ebca55_rot-15.jpg,train,over-arch,0.6858338,1,34.32716837,0.482549717,0.495792667
image_0945_png_jpg.rf.13c50f9ca9a7d1e9156298734567a08d.jpg,train,over-arch,0.7010514,1,32.51554528,0.511722635,0.496868441
image_0450_png_jpg.rf.ab3a196b0a7cd61f7cd54d3a300310bc.jpg,train,over-arch,0.69684976,1,33.03571429,0.479042126,0.500686381
image_0972_png_jpg.rf.1ac1bbea59663db11ee4565ea06a71c4_rot-15.jpg,train,over-arch,0.7012586,1,34.23549107,0.473956846,0.491580291
image_0816_png_jpg.rf.0df934cb79287bd183082d71d1a1e26b_rot-15.jpg,train,over-arch,0.7175865,1,33.65553253,0.527276463,0.506246758
image_0087_png_jpg.rf.25524347cf655c95cab58329f0e7820f_flip.jpg,train,over-arch,0.7221075,1,32.97791773,0.516565521,0.501032411
image_0153_jpg.rf.d94bd9c2f1631f6289ad450156df835d.jpg,train,over-arch,0.71457607,1,33.03571429,0.477383706,0.503881306
image_0135_png_jpg.rf.527f9b01470225c739e846c2a983e878.jpg,train,over-arch,0.7266308,1,32.98788265,0.485515038,0.498103669
image_0344_jpg.rf.666339cc754a8111d0d79521cd49e0db_rot-15.jpg,train,over-arch,0.66143,1,32.81449298,0.511244286,0.510150644
image_0845_png_jpg.rf.7972f165996b3fa05fb02d57ec86eae4_rot-15.jpg,train,over-arch,0.6849303,1,34.19762436,0.484020191,0.496722399
image_0363_jpg.rf.0241c12fc7a49b0ea73a8ba620a06820_flip.jpg,train,over-arch,0.70875597,1,33.03571429,0.514894752,0.500980159
image_0114_png_jpg.rf.d191501482e083304b140496aec38a7e.jpg,train,over-arch,0.6883211,1,31.6147162,0.450885527,0.496904886
image_0221_png_jpg.rf.c6330e86cc04072ce81f024761c5ee39_flip.jpg,train,over-arch,0.6691581,1,32.71484375,0.494135796,0.501410393
image_0075_png_jpg.rf.405063a30bc7205f78903a4894a34f3e.jpg,train,over-arch,0.7562065,1,33.03571429,0.478969348,0.500207074
image_0835_png_jpg.rf.4d6adac1a54e65e1fdd6d1a797ffe6e2_flip.jpg,train,over-arch,0.7180307,1,31.90768495,0.52108511,0.493446316
image_0421_jpg.rf.78e2010e7e7b2df4f32a8bde611cdba8_flip.jpg,train,over-arch,0.73354274,1,33.03571429,0.517914019,0.504440534
image_0892_png_jpg.rf.66211e61f5acf0db6c4ac08b6224dd83_rot-15.jpg,train,over-arch,0.68825644,1,34.27933673,0.494466417,0.500461023
image_0831_png_jpg.rf.1cd29fbf714a882809feb8f13211ed9e.jpg,train,over-arch,0.69026583,1,31.80604273,0.470092754,0.49914885
image_0023_png_jpg.rf.e8f6829334c7aae1540549d8fe89b3f5.jpg,train,over-arch,0.73575526,1,32.45376276,0.495157673,0.504101946
image_0131_png_jpg.rf.25d6ca86663a844a218d884ada500015.jpg,train,over-arch,0.67840517,1,32.42386798,0.493575606,0.500548154
image_0345_jpg.rf.a5dd0328328363c9a31ae23bb0e8a8f4_flip.jpg,train,over-arch,0.6622626,1,32.01132015,0.500997519,0.498857309
image_0164_png_jpg.rf.a972334b8e65a8e424856bdcede59406_rot-15.jpg,train,over-arch,0.68670344,1,34.25940689,0.479015257,0.493004718
image_0349_jpg.rf.12fc38a3c0630d5d78494cd98a6657b9_rot-15.jpg,train,over-arch,0.6806652,1,34.29328763,0.478117443,0.495421906
image_0339_jpg.rf.8cfbc58f4f33a1cc96956592ac05558a.jpg,train,over-arch,0.6993043,1,33.01977041,0.481072219,0.501727846
image_0484_png_jpg.rf.8fdc968cc6af59cc2e8807f9da20620a.jpg,train,over-arch,0.7127239,1,33.03571429,0.479834926,0.50199427
image_0135_png_jpg.rf.748be7aa057ec6782c09716af027f67a_flip.jpg,train,over-arch,0.71222055,1,32.40593112,0.510965873,0.496578166
image_0335_png_jpg.rf.b1095d0759d3c5ac4b0adc606c14e240_flip.jpg,train,over-arch,0.7180855,1,32.95998087,0.517896727,0.499641071
image_0419_jpg.rf.df98cccdcd0a443a0ab9bb22dc5265d2_flip.jpg,train,over-arch,0.6784948,1,32.50757334,0.455451897,0.496244733
image_0359_png_jpg.rf.0f69c900fc441916da867fc22df7d4c3_flip.jpg,train,over-arch,0.69985783,1,32.94602997,0.516354675,0.499159271
image_0740_png_jpg.rf.67e40f46ea57bdf310871bad90ff0cd9_flip.jpg,train,over-arch,0.690307,1,32.98588967,0.508478124,0.500268798
image_0417_jpg.rf.afcc30774605b6fa5c0591a2e4d52834_flip.jpg,train,over-arch,0.6643578,1,32.42586097,0.517810474,0.507869069
image_0086_png_jpg.rf.78be72f594467b6de4962f92510978a5_rot-15.jpg,train,over-arch,0.6972253,1,34.28132972,0.483209781,0.494389427
image_0087_png_jpg.rf.627e81189a9905b0d40967b6a33db4b0_rot-15.jpg,train,over-arch,0.671285,1,34.2574139,0.485390172,0.497116796
image_0485_png_jpg.rf.6b5e5982085042559095ad7299ba425c.jpg,train,over-arch,0.70759356,1,32.90218431,0.483487657,0.499357804
image_0465_png_jpg.rf.e5c970aa4159907562cda6f744d20d5c_flip.jpg,train,over-arch,0.6997755,1,32.40792411,0.494763815,0.503415019
image_0837_png_jpg.rf.4b245367417869c0aa9d5620230d3c13_rot-15.jpg,train,over-arch,0.6812007,1,34.24944196,0.474424666,0.492065546
image_0087_png_jpg.rf.25524347cf655c95cab58329f0e7820f.jpg,train,over-arch,0.72210115,1,32.97791773,0.478970202,0.501032082
image_0253_jpg.rf.c31abe025366b31a665dd8552b5cc9be_flip.jpg,train,over-arch,0.69733423,1,32.99186862,0.472768466,0.497233754
image_0130_png_jpg.rf.72c0ad4b9ebdaa04407631359296210c_flip.jpg,train,over-arch,0.6714032,1,31.82995855,0.527727428,0.502232407
image_0104_png_jpg.rf.ce5efaf2f5a0e307aead4f7d0bfb59fa.jpg,train,over-arch,0.68709457,1,32.89620536,0.480625067,0.500324858
image_0075_png_jpg.rf.405063a30bc7205f78903a4894a34f3e_flip.jpg,train,over-arch,0.7562055,1,33.03571429,0.516566179,0.500207278
image_0392_png_jpg.rf.443581d780598682d9cb8bfe0eacf764.jpg,train,over-arch,0.67814636,1,33.00183355,0.472553002,0.501330374
image_0303_jpg.rf.11f9cb28d3b40d3be68a37128ab0cfc2_flip.jpg,train,over-arch,0.66006726,1,32.3959662,0.52053471,0.499068467
image_0413_png_jpg.rf.7db4114a338fd9349471921aaf2f6ae3.jpg,train,over-arch,0.6800033,1,31.69044962,0.477345383,0.495637264
image_0164_png_jpg.rf.10c7c2c2992432f1835451b360b54dc0_flip.jpg,train,over-arch,0.64045006,1,31.13839286,0.476322444,0.499186952
image_0085_png_jpg.rf.22fd79143016655f0b1e55aabd467241_rot-15.jpg,train,over-arch,0.68136454,1,34.04017857,0.523495018,0.505138938
image_0120_png_jpg.rf.1ace0233c3194ac5a71d947c3f8871b9_rot-15.jpg,train,over-arch,0.6671072,1,34.14381378,0.485650367,0.496134049
image_0630_png_jpg.rf.b9c728c2af0be22b96ab2b2ce1952cbe_rot-15.jpg,train,over-arch,0.6979906,1,34.35108418,0.482346448,0.497154313
image_0131_png_jpg.rf.25d6ca86663a844a218d884ada500015_flip.jpg,train,over-arch,0.6784047,1,32.42386798,0.501958484,0.500548776
image_0556_png_jpg.rf.247cd5b9175f92b50b9d98bd4acbe350_flip.jpg,train,over-arch,0.7027894,1,33.01578444,0.51040799,0.500908682
image_0606_png_jpg.rf.9d4b477c950c0bef96fb360192605a47.jpg,train,over-arch,0.68345684,1,32.34614158,0.464509272,0.496997607
image_0918_png_jpg.rf.4066f11b5f6ad00e829b45c43d63366b.jpg,train,over-arch,0.6887944,1,32.06911671,0.537357031,0.490712415
image_0924_png_jpg.rf.5cd2e519b68ea521c793447263c60509_flip.jpg,train,over-arch,0.69988567,1,32.7208227,0.524106726,0.496173395
image_0154_png_jpg.rf.24b62c8ad981944eeab3a0acc861758b_flip.jpg,train,over-arch,0.7592992,1,32.94802296,0.515540162,0.497440823
image_0594_png_jpg.rf.c86432da779ce525ce062da22fc88786_rot-15.jpg,train,over-arch,0.6813885,1,34.25143495,0.48763765,0.497281025
image_0918_png_jpg.rf.c8e211c64c84bdf3c8948f648c8fddb1_flip.jpg,train,over-arch,0.7129606,1,33.03571429,0.525209823,0.503229576
image_0010_png_jpg.rf.78d4289617a36e3bf02bb47d12ce7b70_flip.jpg,train,over-arch,0.73310757,1,33.03571429,0.520093341,0.500746148
image_0520_png_jpg.rf.29a8bd3fa65a57910779b27817235bef.jpg,train,over-arch,0.7206641,1,33.03571429,0.474867345,0.503352909
image_0361_jpg.rf.03a5329bd6ac94dbfa023ffc5404fb69_flip.jpg,train,over-arch,0.66729015,1,33.00183355,0.510917158,0.500178873
image_0748_png_jpg.rf.67eef5bc58b7a61f1046d63ce54612ef.jpg,train,over-arch,0.6923732,1,31.86782526,0.467313984,0.502123938
image_0945_png_jpg.rf.2ca2cff43e71235df895bfc31cd3c45e_flip.jpg,train,over-arch,0.69972384,1,32.41191008,0.486851755,0.496725478
image_0304_jpg.rf.5a94b451952c0f36a46d9b7bb404a46e.jpg,train,over-arch,0.6530068,1,32.38600128,0.488790873,0.49708037
image_0358_jpg.rf.c66e1ba49f520af29429966b2d4f3096.jpg,train,over-arch,0.6682952,1,32.29233099,0.526740192,0.500761222
image_0921_png_jpg.rf.e66c630087e64fcd6c64cb55f0ef20f5.jpg,train,over-arch,0.6898124,1,32.421875,0.510207839,0.503191093
image_0358_jpg.rf.7cb3cb8bebbe9d509ff2279c6f0a2280.jpg,train,over-arch,0.69988036,1,33.01977041,0.477479802,0.499226791
image_0723_png_jpg.rf.ad86f8651301cbddd18e3add7e77bc9d.jpg,train,over-arch,0.71921164,1,32.9819037,0.490424339,0.500359853
image_0837_png_jpg.rf.f7db8f374e59acd29a721c16a5120bc6.jpg,train,over-arch,0.67155725,1,32.57932079,0.484057954,0.501611561
image_0057_png_jpg.rf.581186f34a06b1d7f019cb497b2fe4b5_flip.jpg,train,over-arch,0.7092931,1,32.97791773,0.477935653,0.500497646
image_0899_png_jpg.rf.485c5cf8e1305e521584769cd0cb69bf_rot-15.jpg,train,over-arch,0.66531885,1,33.04368622,0.481477758,0.494521042
image_0485_png_jpg.rf.73ef7125c41774736ae694958bf49144_rot-15.jpg,train,over-arch,0.66627675,1,32.5912787,0.474334979,0.493601251
image_0181_jpg.rf.2abff91c435ee5387c7f3559beda6fe6.jpg,train,over-arch,0.6661097,1,32.9819037,0.49075326,0.499168836
image_0001_png_jpg.rf.eba8c6ed18b9f587918b8f1de032195e.jpg,train,over-arch,0.6950366,1,33.00581952,0.478889948,0.50023423
image_0130_png_jpg.rf.d701941df89a37bc735f3b0b69e73ebb_flip.jpg,train,over-arch,0.6564918,1,31.85586735,0.512764231,0.493174289
image_0485_png_jpg.rf.73ef7125c41774736ae694958bf49144_flip.jpg,train,over-arch,0.6712656,1,31.23007015,0.523778771,0.500379188
image_0113_png_jpg.rf.d883b376c01cb6f1fb9523cda44f0d1b_rot-15.jpg,train,over-arch,0.6897135,1,34.33713329,0.474151008,0.496088371
image_0602_png_jpg.rf.b4f37f70bb93306ce1f26c6119722919_rot-15.jpg,train,over-arch,0.6569509,1,33.65154656,0.480494534,0.499662299
image_0556_png_jpg.rf.247cd5b9175f92b50b9d98bd4acbe350.jpg,train,over-arch,0.70279014,1,33.01578444,0.485128463,0.500908938
image_0948_png_jpg.rf.440aaeacb4f48861ce86f74089c6d376_flip.jpg,train,over-arch,0.6867241,1,32.35610651,0.465311568,0.496157544
image_0358_png_jpg.rf.80c5b688f63cd3296eae0a3a9b48ce5b_flip.jpg,train,over-arch,0.6824483,1,33.03571429,0.523104229,0.502043709
image_0810_png_jpg.rf.40b5ef668297c14a4c35b8d58751a894_flip.jpg,train,over-arch,0.70362896,1,33.03571429,0.521441298,0.501433628
image_0358_jpg.rf.e4a7b6ecb206d1121f0ecee5ace0895e.jpg,train,over-arch,0.6737213,1,32.40991709,0.539157769,0.495471032
image_0116_png_jpg.rf.162d61b358b6e96f0662a55c80cd4186.jpg,train,over-arch,0.70949537,1,32.28435906,0.481370316,0.497887619
image_0835_png_jpg.rf.38f298ab134d8eb93e5595a5ac49b28c_flip.jpg,train,over-arch,0.73403054,1,32.99386161,0.51793314,0.498716446
image_0259_png_jpg.rf.08464bd194a1245c05439aa73cc02b18.jpg,train,over-arch,0.7077536,1,32.26642219,0.481342656,0.498335291
image_0565_png_jpg.rf.504bc344c79544f428dc754ad1142f87.jpg,train,over-arch,0.68819225,1,32.84638074,0.493385476,0.500780505
image_0256_jpg.rf.cf2ec3487983faa241f3b6ae990ebe64_rot-15.jpg,train,over-arch,0.6827177,1,34.16972258,0.476104689,0.494147945
image_0265_png_jpg.rf.93381880421801f9d27b11af27bde04c_rot-15.jpg,train,over-arch,0.7130543,1,34.33514031,0.487005645,0.498539239
image_0291_png_jpg.rf.22238770706b8d9d354015b179d4f382_rot-15.jpg,train,over-arch,0.67825115,1,33.72727997,0.500246739,0.501200081
image_0130_png_jpg.rf.72c0ad4b9ebdaa04407631359296210c_rot-15.jpg,train,over-arch,0.66766876,1,33.11344069,0.469580802,0.494014545
image_0094_png_jpg.rf.fb49cb783fbc39e008a0a5a882dfb2e6_flip.jpg,train,over-arch,0.68363565,1,32.59725765,0.477798695,0.495358463
image_0882_png_jpg.rf.b74299786743986a97113ad99eba6fd7.jpg,train,over-arch,0.7168579,1,33.03571429,0.474462555,0.501891224
image_0889_png_jpg.rf.3256c9c8779cc2713e5b06f70fa440c8.jpg,train,over-arch,0.70039934,1,32.31425383,0.474114644,0.497717815
image_0357_jpg.rf.9f31df19fd6548146643b738f11e489d.jpg,train,over-arch,0.69370663,1,32.74473852,0.518219689,0.498082502
image_0462_png_jpg.rf.e389d14e32742506320ec02f5bdf19bd_rot-15.jpg,train,over-arch,0.7120681,1,33.4901148,0.522927357,0.49906769
image_0559_png_jpg.rf.abd53430295b73d77e6f44d6226c8877_flip.jpg,train,over-arch,0.68165725,1,32.30229592,0.496164557,0.503694694
image_0375_png_jpg.rf.f9d6fececd035e9b26aabb9193dfd60e_flip.jpg,train,over-arch,0.6984755,1,32.73078763,0.505602968,0.500944817
image_0088_png_jpg.rf.c22d3d0aedf28775159eeced7c98b250_rot-15.jpg,train,over-arch,0.6789082,1,33.3067602,0.533639979,0.509730021
image_0948_png_jpg.rf.440aaeacb4f48861ce86f74089c6d376_rot-15.jpg,train,over-arch,0.68386084,1,33.48014987,0.528885164,0.504381362
image_0153_jpg.rf.cd0e490ff70147733c6f5bf96790df7f_flip.jpg,train,over-arch,0.7015958,1,32.45376276,0.518146967,0.504481012
image_0225_png_jpg.rf.d298c44a6029a2e75b47c1b85e01ebdd_rot-15.jpg,train,over-arch,0.7184342,1,34.29528061,0.478447022,0.496538203
image_0419_jpg.rf.9d1a83f0ea707997c655f81e62ea3fa6_rot-15.jpg,train,over-arch,0.69065624,1,34.12189094,0.478166582,0.496608924
image_0105_png_jpg.rf.131f72a14bfa96b7c451c6db63d06ee2_rot-15.jpg,train,over-arch,0.6617041,1,33.68941327,0.494232951,0.497913343
image_0375_png_jpg.rf.bf0f3ae9d8d8d3da986e20f35e5d7880_flip.jpg,train,over-arch,0.70905465,1,32.96994579,0.513092234,0.498955298
image_0079_png_jpg.rf.1c0f0cf6c38ed5fde33894d5aa93d026_flip.jpg,train,over-arch,0.65693873,1,32.43582589,0.501609266,0.499921673
image_0329_jpg.rf.8ffd9ca27dfcf6a2e728b8676afbf956.jpg,train,over-arch,0.6678871,1,32.5394611,0.49189181,0.506693855
image_0193_jpg.rf.cb18f83510501f38820c83a72b7975f9_rot-15.jpg,train,over-arch,0.6535774,1,33.64756059,0.514408825,0.502456749
image_0542_png_jpg.rf.c0b619c7b58e5966985ffa55b6512360_rot-15.jpg,train,over-arch,0.6729933,1,34.28132972,0.482837092,0.497446999
image_0465_png_jpg.rf.e5c970aa4159907562cda6f744d20d5c_rot-15.jpg,train,over-arch,0.6971591,1,33.63759566,0.502138474,0.503647433
image_0311_jpg.rf.02d82eac0c3a8465863c4536778e8f2f_rot-15.jpg,train,over-arch,0.65293574,1,32.67897003,0.486497794,0.499161012
image_0271_png_jpg.rf.0c86a98e5db2011b0962337ea853296b_flip.jpg,train,over-arch,0.71397287,1,32.71683673,0.479173073,0.501859362
image_0812_png_jpg.rf.3abcc9cf92d0b13c48f6d0093d080b83.jpg,train,over-arch,0.6971847,1,33.03571429,0.474608047,0.50262693
image_0114_png_jpg.rf.d54a9c9b5688297bbf9fd25afb7614f6.jpg,train,over-arch,0.72047824,1,32.97991071,0.48080591,0.499928622
image_0749_png_jpg.rf.5ea466878652bd789ba4def75e8c0d9a.jpg,train,over-arch,0.64242536,1,31.02479273,0.500254425,0.500592985
image_0137_png_jpg.rf.143f56f7ff92fc2590ee65527a003e76_rot-15.jpg,train,over-arch,0.7123266,1,33.13137755,0.491326002,0.495061921
image_0417_jpg.rf.afcc30774605b6fa5c0591a2e4d52834_rot-15.jpg,train,over-arch,0.66247106,1,33.70535714,0.477984971,0.501991341
image_0699_png_jpg.rf.a612c682db3a09cf5fc3b7fed515775c_rot-15.jpg,train,over-arch,0.71119714,1,34.25342793,0.483729863,0.494327268
image_0070_png_jpg.rf.1884402bf07daf6ce39119b3b3a5440e.jpg,train,over-arch,0.67358273,1,32.35809949,0.486918024,0.503247758
image_0127_png_jpg.rf.54a9e0b0ee33b60f6f0a3ac91a50962c.jpg,train,over-arch,0.7041201,1,33.01179847,0.473724664,0.502639932
image_0034_png_jpg.rf.84e9ff482fdf36bfef13ebe2a60b27b1.jpg,train,over-arch,0.6570607,1,31.22608418,0.528076783,0.497516786
image_0417_jpg.rf.aa72461f56750726215af904e048f9dc_rot-15.jpg,train,over-arch,0.6371515,1,32.57732781,0.47297028,0.501283858
image_0303_jpg.rf.11f9cb28d3b40d3be68a37128ab0cfc2.jpg,train,over-arch,0.66011065,1,32.3959662,0.475002044,0.499068885
image_0055_png_jpg.rf.bd3ddc52f3ccbbb5d8dd34e8c91173fd.jpg,train,over-arch,0.7215909,1,33.03571429,0.483536377,0.502332547
image_0456_png_jpg.rf.eb02c7733b4fb3b534c796cf8c6de0b0.jpg,train,over-arch,0.6901212,1,32.80054209,0.516759745,0.498659667
image_0219_png_jpg.rf.4ddcd5b1e9ef33e0c7a00b7a6c9a3916_flip.jpg,train,over-arch,0.6907796,1,32.93606505,0.516535103,0.500204102
image_0344_jpg.rf.5a2fb6ebd0c4ecfe1183ba8e4418bb53_rot-15.jpg,train,over-arch,0.7039153,1,34.22552615,0.482828449,0.495150952
image_0087_png_jpg.rf.627e81189a9905b0d40967b6a33db4b0_flip.jpg,train,over-arch,0.67389727,1,32.96396684,0.511627135,0.500947845
image_0153_jpg.rf.9e5a06b5cde1f0e3bfdfcc404d43673f.jpg,train,over-arch,0.7026917,1,32.4736926,0.477535595,0.503858177
image_0154_png_jpg.rf.4f7a397b763c1006babb4f045b66eff9_flip.jpg,train,over-arch,0.7222207,1,31.83195153,0.511753059,0.497272018
image_0851_png_jpg.rf.68a58ae81c3bd2af9b5a16dbc1a0393c.jpg,train,over-arch,0.7013031,1,32.95400191,0.478060996,0.498847798
image_0796_png_jpg.rf.585a462959b10a72a8afa715ddd453ea_rot-15.jpg,train,over-arch,0.7108582,1,34.2972736,0.476664725,0.495091691
image_0344_jpg.rf.883484f056dd0d9fcd2fa72ec4e5dc64.jpg,train,over-arch,0.667313,1,31.84988839,0.518192038,0.497154123
image_0068_png_jpg.rf.c77384a339c97b3998c40c696456e7f2_rot-15.jpg,train,over-arch,0.6668417,1,33.33864796,0.495615515,0.499323393
image_0851_png_jpg.rf.f50e76dc7cda7f735558e3466e7d58fa.jpg,train,over-arch,0.68056214,1,32.40593112,0.469777404,0.501496696
image_0918_png_jpg.rf.af7c8b6237dc4fb1a18987731eb9fc93_flip.jpg,train,over-arch,0.695035,1,32.69292092,0.479652104,0.497015362
image_0377_jpg.rf.46a54a617653a975a2b9d5c524444604.jpg,train,over-arch,0.6855787,1,32.25047832,0.465379042,0.503905503
image_0971_png_jpg.rf.0e55603b0fa37a961fdf26c3fa90a0b3_flip.jpg,train,over-arch,0.6951087,1,33.0078125,0.524781425,0.501895205
image_0213_jpg.rf.15a4a3953d583cced6f4bff49db86213.jpg,train,over-arch,0.6993301,1,32.96595982,0.494273421,0.502667821
image_0359_jpg.rf.ac88a1841e7bc8eaf146d6c3592ec99d_flip.jpg,train,over-arch,0.68566424,1,32.74473852,0.523298297,0.498667777
image_0396_png_jpg.rf.88928b95854cd626ea0f1099462d4a96_flip.jpg,train,over-arch,0.6799891,1,32.27240115,0.511597182,0.502603322
image_0049_png_jpg.rf.8571b0f154662f4f6c0aafaa812f1457.jpg,train,over-arch,0.6846666,1,31.39947385,0.480269762,0.504021685
image_0067_png_jpg.rf.c507832ff106bfea67c1b2dd35f26af9_rot-15.jpg,train,over-arch,0.6754953,1,33.12141263,0.505195579,0.505619474
image_0606_png_jpg.rf.77c343bc1030bfae860ba6b39302f751_flip.jpg,train,over-arch,0.6837411,1,32.50956633,0.508080009,0.500918948
image_0351_jpg.rf.58051dd47ab77c07fbb2a796508228e0_flip.jpg,train,over-arch,0.6969701,1,33.02574936,0.516610582,0.499776323
image_0304_jpg.rf.c27df58762ee7e0b14861fc235ffae26.jpg,train,over-arch,0.6689187,1,32.90617028,0.486576771,0.49885344
image_0253_jpg.rf.c31abe025366b31a665dd8552b5cc9be_rot-15.jpg,train,over-arch,0.69471544,1,34.19563138,0.521497247,0.503330224
image_0067_png_jpg.rf.c507832ff106bfea67c1b2dd35f26af9_flip.jpg,train,over-arch,0.6765972,1,32.04320791,0.488465197,0.504001987
image_0130_png_jpg.rf.06579068b59c8bb7639071a0d363b9a4_rot-15.jpg,train,over-arch,0.6973738,1,34.23748406,0.480844425,0.494041706
image_0137_png_jpg.rf.4e56f91409804011438454afdf1f57f1_rot-15.jpg,train,over-arch,0.7404109,1,34.35307717,0.483240927,0.496948785
image_0298_png_jpg.rf.1b0bd55e38c41b04b7e186d8e9f18962.jpg,train,over-arch,0.7272611,1,33.03571429,0.484212282,0.502831476
image_0795_png_jpg.rf.593860f0dc592bbe9937c3d73fb55062_flip.jpg,train,over-arch,0.72875154,1,32.99186862,0.522412064,0.498053642
image_0882_png_jpg.rf.a847cd05ed9bb14065b90c3f9770a67b_flip.jpg,train,over-arch,0.66899925,1,31.93160077,0.486374824,0.505554331
image_0018_png_jpg.rf.0adcb00b1b9a1c13357da299bf4ebe07_rot-15.jpg,train,over-arch,0.65879273,1,34.18765944,0.48263794,0.495649237
image_0384_png_jpg.rf.dfd02f956928b3f167ae022124835bdc_rot-15.jpg,train,over-arch,0.6999316,1,34.35706314,0.489247974,0.497855104
image_0521_png_jpg.rf.565bef6f250b5c4cb4ad6664111913c0_rot-15.jpg,train,over-arch,0.6920948,1,33.38847258,0.493385914,0.500066334
image_0303_jpg.rf.11f9cb28d3b40d3be68a37128ab0cfc2_rot-15.jpg,train,over-arch,0.65920883,1,33.51403061,0.475341769,0.491866822
image_0396_png_jpg.rf.a351c63b076bb95af4c8fa671b4904b0_flip.jpg,train,over-arch,0.70539963,1,32.43582589,0.512693702,0.500018581
image_0630_png_jpg.rf.b9c728c2af0be22b96ab2b2ce1952cbe_flip.jpg,train,over-arch,0.7037893,1,33.03571429,0.514643219,0.501809746
image_0345_jpg.rf.b0ac6a283a51dfb1fb33980008696e1f_rot-15.jpg,train,over-arch,0.70101607,1,34.30125957,0.482632919,0.498233193
image_0291_png_jpg.rf.6c03ce7d7387dd6e005f20459e22fd36.jpg,train,over-arch,0.7073942,1,32.97791773,0.47981429,0.498779875
image_0417_jpg.rf.aa72461f56750726215af904e048f9dc.jpg,train,over-arch,0.63742286,1,31.25398597,0.472354474,0.508532481
image_0055_png_jpg.rf.8d0813573bcd4ff9393156d1dd855672.jpg,train,over-arch,0.70229656,1,32.38002232,0.478700371,0.498680881
image_0749_png_jpg.rf.fc26823f9610991b84083c1eba56c116_rot-15.jpg,train,over-arch,0.67097086,1,33.32469707,0.471385066,0.485523913
image_0003_png_jpg.rf.65c2d7e9ed12defdd81f68992145d6d7_flip.jpg,train,over-arch,0.7092193,1,32.78858418,0.458132556,0.496197229
image_0521_png_jpg.rf.2387e03c13db4ed103b2216392411ede_rot-15.jpg,train,over-arch,0.70741343,1,33.92458546,0.493272237,0.500107929
image_0057_png_jpg.rf.9a6fd0a8430bbef88ad04cd1f0f1da4d.jpg,train,over-arch,0.68668604,1,32.38201531,0.488602806,0.502556473
image_0851_png_jpg.rf.f5b6e843881fdd3be86e4e4e3ab880fb_rot-15.jpg,train,over-arch,0.67283106,1,33.0337213,0.526314166,0.505652105
image_0204_jpg.rf.28c0b3431f62ef785e061094bd9800de_flip.jpg,train,over-arch,0.7258459,1,32.97193878,0.516577136,0.497609043
image_0976_png_jpg.rf.9a3faa1939b7984e41dfe49767561374.jpg,train,over-arch,0.7040715,1,32.33617666,0.470011273,0.498176489
image_0131_png_jpg.rf.0f2b4b951e2ebbe8f56d593b4b5c1435_rot-15.jpg,train,over-arch,0.6733531,1,33.7372449,0.481245537,0.495577492
image_0302_jpg.rf.b5ae47dbd3551a4ddeaf0878f1bead89_flip.jpg,train,over-arch,0.6615667,1,32.93207908,0.517750587,0.500773727
image_0412_png_jpg.rf.105b8880b9f9f4e0444be926fb9761f7.jpg,train,over-arch,0.6672829,1,32.75470344,0.501266676,0.501599332
image_0921_png_jpg.rf.b7d1a6305b6175772fc585817837fb58_flip.jpg,train,over-arch,0.6785946,1,32.16677296,0.471575697,0.497329325
image_0042_png_jpg.rf.83284a5ae28d6302a45eba151f963543.jpg,train,over-arch,0.7634851,1,32.49760842,0.484722547,0.502015472
image_0271_png_jpg.rf.0c86a98e5db2011b0962337ea853296b_rot-15.jpg,train,over-arch,0.7072362,1,34.01626276,0.515357923,0.506281039
image_0030_png_jpg.rf.12f132ba5e1e0e04ede0fe50bdd70115_rot-15.jpg,train,over-arch,0.70694786,1,33.78308355,0.474923822,0.493904902
image_0075_png_jpg.rf.2141de4962b3ec28f3f3033454cdd09d_flip.jpg,train,over-arch,0.7337377,1,32.47767857,0.519574449,0.502369944
image_0723_png_jpg.rf.99085c7be1967447ba2ca1a88bc762fa_rot-15.jpg,train,over-arch,0.67558014,1,33.19515306,0.47903651,0.49302532
image_0521_png_jpg.rf.2387e03c13db4ed103b2216392411ede.jpg,train,over-arch,0.7086087,1,32.62316645,0.49269971,0.501813473
image_0104_png_jpg.rf.ce5efaf2f5a0e307aead4f7d0bfb59fa_rot-15.jpg,train,over-arch,0.68475634,1,34.18965242,0.482404225,0.495689449
image_0953_png_jpg.rf.9309f6309b16f9b4570f441a1dea576f.jpg,train,over-arch,0.70267975,1,33.0078125,0.472503523,0.501993366
image_0315_jpg.rf.3a6f3a160ef0f8d683d02d7e7dacfe71.jpg,train,over-arch,0.65106314,1,31.84390944,0.481400768,0.499271306
image_0557_png_jpg.rf.56ac7ca031087709afb2042ab7256416.jpg,train,over-arch,0.70999247,1,32.88225446,0.485995376,0.501326331
image_0602_png_jpg.rf.00e3a9413015d7c25cc8c788d4ed6813_rot-15.jpg,train,over-arch,0.66956234,1,34.27335778,0.479039034,0.495109985
image_0049_png_jpg.rf.4baa9f06d584fa00ad8f3a14ac075f5c_flip.jpg,train,over-arch,0.7235048,1,33.03571429,0.512828829,0.502184412
image_0095_png_jpg.rf.3bb7fcd362002fa1ef41fb86a4f9e744_flip.jpg,train,over-arch,0.7206332,1,33.0078125,0.513717155,0.499967264
image_0695_png_jpg.rf.1c6d3d4b6cdf9aa00143dd48d6d50bb8_flip.jpg,train,over-arch,0.7034775,1,32.53746811,0.513615507,0.496957725
image_0047_png_jpg.rf.7eb7c23bc54842e88b15e676afcc4381.jpg,train,over-arch,0.6980996,1,33.03571429,0.472840029,0.503758907
image_0014_png_jpg.rf.5ed2193c18d0156e011da4858b0ce346_flip.jpg,train,over-arch,0.65181065,1,32.47967156,0.520515071,0.497334464
image_0795_png_jpg.rf.593860f0dc592bbe9937c3d73fb55062.jpg,train,over-arch,0.728752,1,32.99186862,0.473123619,0.498053693
image_0863_png_jpg.rf.f210158bb67118bc81af0d146230b6c9.jpg,train,over-arch,0.70110554,1,32.93407207,0.482166976,0.498689489
image_0079_png_jpg.rf.adc6550e46e6a4913e36cc2cadf52215_rot-15.jpg,train,over-arch,0.6731794,1,34.29528061,0.482760844,0.497652724
image_0234_jpg.rf.bfd8b63a83e38ab941638bc3ede9cfdd_flip.jpg,train,over-arch,0.6801207,1,32.25845026,0.518909701,0.498557614
image_0256_jpg.rf.cf2ec3487983faa241f3b6ae990ebe64.jpg,train,over-arch,0.6853837,1,32.87029656,0.47402456,0.500489384
image_0844_png_jpg.rf.7f1175d4a7f38ffccc92ad01ae28baf6_rot-15.jpg,train,over-arch,0.69661635,1,33.73525191,0.483371288,0.496573276
image_0291_png_jpg.rf.053d7b65144959d4af504a644c7e7dd5.jpg,train,over-arch,0.6737813,1,32.09103954,0.505146923,0.500047608
image_0095_png_jpg.rf.e1febb1c2e7c8934f59253e2cc11f844_flip.jpg,train,over-arch,0.70649827,1,32.42984694,0.518018559,0.499271327
image_0079_png_jpg.rf.adc6550e46e6a4913e36cc2cadf52215.jpg,train,over-arch,0.6762597,1,33.0078125,0.481382842,0.502193575
image_0075_png_jpg.rf.2141de4962b3ec28f3f3033454cdd09d_rot-15.jpg,train,over-arch,0.72595495,1,33.8149713,0.477607337,0.496445298
image_0094_png_jpg.rf.17c62d63a52040f8e4ddebd2b76c24eb_flip.jpg,train,over-arch,0.69940084,1,32.87029656,0.508441444,0.501566103
image_0419_jpg.rf.df98cccdcd0a443a0ab9bb22dc5265d2.jpg,train,over-arch,0.6785352,1,32.50956633,0.540083186,0.496244101
image_0291_png_jpg.rf.22238770706b8d9d354015b179d4f382.jpg,train,over-arch,0.68653923,1,32.66302615,0.493715041,0.500324023
image_0606_png_jpg.rf.77c343bc1030bfae860ba6b39302f751_rot-15.jpg,train,over-arch,0.6793886,1,33.82692921,0.488667495,0.497978504
image_0291_png_jpg.rf.22238770706b8d9d354015b179d4f382_flip.jpg,train,over-arch,0.68654335,1,32.66302615,0.501819225,0.500325298
image_0290_jpg.rf.a928d7dbb5ce9f52182142176f49222d_flip.jpg,train,over-arch,0.66648084,1,31.94754464,0.519259095,0.498297372
image_0219_png_jpg.rf.4ddcd5b1e9ef33e0c7a00b7a6c9a3916.jpg,train,over-arch,0.69077843,1,32.93606505,0.478999288,0.500204144
image_0816_png_jpg.rf.9bbcfae702ac59ade4b182c194ad52fb_rot-15.jpg,train,over-arch,0.7213897,1,32.82047194,0.524545719,0.496397672
image_0255_png_jpg.rf.4086d4c18c58b845194c6f265ed2ecb6.jpg,train,over-arch,0.70908624,1,33.03571429,0.482044058,0.501736904
image_0235_jpg.rf.77aa48ff309e0ab7d49d3f9a4c3622be.jpg,train,over-arch,0.6525967,1,32.50159439,0.504844263,0.502269859
image_0927_png_jpg.rf.add75ad2e2df52c6128e5a7143070a29.jpg,train,over-arch,0.70046824,1,32.90617028,0.487690696,0.500550556
image_0307_png_jpg.rf.f8baca5f5b0ab546d5100df1d572518b_rot-15.jpg,train,over-arch,0.73650056,1,34.26538584,0.490086566,0.495075027
image_0465_png_jpg.rf.27e4f0432ce939bb449d61df28d4aeb4_rot-15.jpg,train,over-arch,0.71136713,1,34.17570153,0.485377576,0.495746935
image_0695_png_jpg.rf.1c6d3d4b6cdf9aa00143dd48d6d50bb8.jpg,train,over-arch,0.70347726,1,32.53746811,0.481919481,0.49695735
image_0129_png_jpg.rf.f03380b58c5e5ebb78c2ed698a039700_rot-15.jpg,train,over-arch,0.7183056,1,34.3490912,0.483025623,0.497109786
image_0095_png_jpg.rf.e1febb1c2e7c8934f59253e2cc11f844_rot-15.jpg,train,over-arch,0.7011542,1,33.73525191,0.479872442,0.493980091
image_0971_png_jpg.rf.0e55603b0fa37a961fdf26c3fa90a0b3.jpg,train,over-arch,0.69514513,1,33.0078125,0.470753087,0.501894918
image_0086_png_jpg.rf.8fc69a1d5131de1c9ff87444ab489e5b_rot-15.jpg,train,over-arch,0.68303096,1,33.7631537,0.525044812,0.504790184
image_0034_png_jpg.rf.20b647d9b05bee334e3b54906f95310b_flip.jpg,train,over-arch,0.68443674,1,32.91812819,0.519773272,0.499973823
image_0302_jpg.rf.b5ae47dbd3551a4ddeaf0878f1bead89_rot-15.jpg,train,over-arch,0.6594719,1,34.22353316,0.479461351,0.495305801
image_0135_png_jpg.rf.527f9b01470225c739e846c2a983e878_flip.jpg,train,over-arch,0.7266301,1,32.98788265,0.510019546,0.498103906
image_0094_png_jpg.rf.f7a218965495895905e9cb564e37fbde_rot-15.jpg,train,over-arch,0.6573449,1,32.92610013,0.470896124,0.497172129
image_0892_png_jpg.rf.0643f61fefe24e54d146dc7b38e93dfb_rot-15.jpg,train,over-arch,0.6672707,1,33.7631537,0.49428731,0.502594497
image_0182_jpg.rf.e456010a635c77d09d1728f2bc68f099_flip.jpg,train,over-arch,0.69218296,1,32.35411352,0.481503591,0.49631066
image_0038_png_jpg.rf.051f42757b17e81435a4932660a06a82_flip.jpg,train,over-arch,0.70013815,1,32.93805804,0.516773895,0.499405569
image_0295_jpg.rf.a6e61bc1b4abe09f9713cec09f7f0801_rot-15.jpg,train,over-arch,0.68425804,1,33.71532207,0.4724882,0.493704261
image_0271_png_jpg.rf.0c86a98e5db2011b0962337ea853296b.jpg,train,over-arch,0.71397334,1,32.71683673,0.516362273,0.501859537
image_0289_jpg.rf.aea7d7e7b5d7f58903795df6585f0c96.jpg,train,over-arch,0.6979428,1,32.41988202,0.45749279,0.501608895
image_0243_png_jpg.rf.43a6d33a2ad79848fe08ead1850e74ad.jpg,train,over-arch,0.6730726,1,32.63911033,0.501888976,0.502396493
image_0948_png_jpg.rf.859e310af043f1345e2dca029becd3b1_rot-15.jpg,train,over-arch,0.7167981,1,34.25940689,0.481499562,0.494638664
image_0419_jpg.rf.9d1a83f0ea707997c655f81e62ea3fa6_flip.jpg,train,over-arch,0.6931647,1,32.9300861,0.519038251,0.502375351
image_0457_png_jpg.rf.58b977340e97f74be3f82644d8043adc_rot-15.jpg,train,over-arch,0.7006726,1,34.2574139,0.478906788,0.492760923
image_0964_png_jpg.rf.2d2a4e8d2dccf2ee248255e9d5f68045_rot-15.jpg,train,over-arch,0.6798074,1,34.23349809,0.489849386,0.498845914
image_0927_png_jpg.rf.4da898affa854b6d38ecde5d6f0c26d3_rot-15.jpg,train,over-arch,0.67348224,1,33.11543367,0.492827959,0.495944976
image_0303_jpg.rf.827518acfa0dbc22721b01e663afc0b3.jpg,train,over-arch,0.6468154,1,31.48517219,0.479980068,0.50006711
image_0376_png_jpg.rf.7b483b06e4d1a5ef64f1e6ba2801bac4_rot-15.jpg,train,over-arch,0.7090866,1,34.1537787,0.52206285,0.50491336
image_0006_png_jpg.rf.8c4c5e5ff6b9e72909ef87cd59d3576f.jpg,train,over-arch,0.66196316,1,32.24649235,0.492330658,0.502917061
image_0085_png_jpg.rf.da88ac17ccf6d7afcb22b9182ec6dbb3_flip.jpg,train,over-arch,0.66914976,1,32.99984056,0.51144269,0.50138749
image_0953_png_jpg.rf.c06000e44c3d411e115b2e8ba425e4e3.jpg,train,over-arch,0.68486756,1,32.45575574,0.456404653,0.501572703
image_0664_png_jpg.rf.e0974fd20a3253eff11f7024cf492ea9_rot-15.jpg,train,over-arch,0.7254715,1,34.30723852,0.484903838,0.495554722
image_0520_png_jpg.rf.29a8bd3fa65a57910779b27817235bef_flip.jpg,train,over-arch,0.7206661,1,33.03571429,0.520668959,0.503352823
image_0344_jpg.rf.5a2fb6ebd0c4ecfe1183ba8e4418bb53.jpg,train,over-arch,0.7089517,1,32.9161352,0.481041411,0.499682926
image_0768_png_jpg.rf.d55d1142aff6ed865c70701f24fdf990_rot-15.jpg,train,over-arch,0.70610297,1,34.34311224,0.482024617,0.496609357
image_0303_jpg.rf.50089217602d3f2eba955dee7f51be8a_flip.jpg,train,over-arch,0.67918146,1,33.01179847,0.51462246,0.502520087
image_0290_png_jpg.rf.53410782ee7e9f457052a4972f067777.jpg,train,over-arch,0.67812383,1,31.89174107,0.527346309,0.495914205
image_0124_png_jpg.rf.7452747f7bd682029fc9b2b6724e40e1_rot-15.jpg,train,over-arch,0.6730041,1,34.20161033,0.483069647,0.494868654
image_0129_png_jpg.rf.bffd37a812f59b84e985bd04bd02e189_rot-15.jpg,train,over-arch,0.7102452,1,34.08402423,0.476563863,0.492533699
image_0034_png_jpg.rf.20b647d9b05bee334e3b54906f95310b.jpg,train,over-arch,0.68443626,1,32.92012117,0.475763336,0.499973648
image_0259_png_jpg.rf.08464bd194a1245c05439aa73cc02b18_flip.jpg,train,over-arch,0.7077122,1,32.26642219,0.514191352,0.49833535
image_0069_png_jpg.rf.8ac43a7bd9a5af7a3399948a698a51d7_flip.jpg,train,over-arch,0.6764755,1,32.1348852,0.472014612,0.495113739
image_0482_png_jpg.rf.3151ffe0b88b465e86348f55e15809f7_rot-15.jpg,train,over-arch,0.68090713,1,34.28132972,0.476271649,0.493477068
image_0013_png_jpg.rf.2ab1836ccd456a6f8549e3dff51d478a_flip.jpg,train,over-arch,0.6777899,1,32.98588967,0.515805191,0.501725133
image_0630_png_jpg.rf.e9f8d593a19d152c9ef51438a5898b12.jpg,train,over-arch,0.6698194,1,31.90569196,0.521459981,0.491140645
image_0898_png_jpg.rf.05d870ba2f9d28f041cfd4690a854a83_rot-15.jpg,train,over-arch,0.6591835,1,33.18120217,0.480271595,0.492122947
image_0311_jpg.rf.6def4ad5d8a44fb9bbbe1024084972f0.jpg,train,over-arch,0.69252574,1,32.96396684,0.485282829,0.499215572
image_0290_png_jpg.rf.f6cefccee8cac0205bcdafb52237916d_flip.jpg,train,over-arch,0.6875305,1,32.64708227,0.467358034,0.496756646
image_0377_jpg.rf.46a54a617653a975a2b9d5c524444604_flip.jpg,train,over-arch,0.6855406,1,32.25047832,0.530156661,0.503905562
image_0556_png_jpg.rf.247cd5b9175f92b50b9d98bd4acbe350_rot-15.jpg,train,over-arch,0.69782114,1,34.31122449,0.48648102,0.497373099
image_0243_png_jpg.rf.e6193b10652133fb11274307665d27c2.jpg,train,over-arch,0.69163376,1,33.03571429,0.482393827,0.500331347
image_0736_png_jpg.rf.1dfa574d6ad2c25ca4c778345f976137_flip.jpg,train,over-arch,0.66308683,1,31.48517219,0.458863913,0.497699998
image_0602_png_jpg.rf.b4f37f70bb93306ce1f26c6119722919_flip.jpg,train,over-arch,0.6591334,1,32.3301977,0.516138265,0.504882125
image_0042_png_jpg.rf.a8157f9d4ee18bbdec3787ed094cef4e_flip.jpg,train,over-arch,0.7296642,1,31.82397959,0.510149318,0.505625832
image_0411_jpg.rf.dfa4a259204e53142e7694f3f4fac203_rot-15.jpg,train,over-arch,0.7210097,1,34.13982781,0.477842891,0.499909553
image_0421_jpg.rf.6ea884455919411699e356eb56ea8d2e_flip.jpg,train,over-arch,0.70649004,1,32.25446429,0.460883965,0.492301374
image_0334_png_jpg.rf.612bb57b5b774fedbe73986d3c03340a_flip.jpg,train,over-arch,0.69065887,1,32.39795918,0.523456922,0.497901683
image_0124_png_jpg.rf.7452747f7bd682029fc9b2b6724e40e1_flip.jpg,train,over-arch,0.6751335,1,32.92012117,0.514137451,0.499383995
image_0181_jpg.rf.1308acc3e6e140d6f4706025b2596286.jpg,train,over-arch,0.6521621,1,32.44379783,0.493879372,0.498101971
image_0243_png_jpg.rf.e6193b10652133fb11274307665d27c2_flip.jpg,train,over-arch,0.6916353,1,33.03571429,0.513141689,0.500331814
image_0067_png_jpg.rf.53494e71c43c15446309466ae1e4fa32_rot-15.jpg,train,over-arch,0.6998594,1,34.33912628,0.478945252,0.495030817
image_0450_png_jpg.rf.89fb47c1f561939eede29697f7877506_flip.jpg,train,over-arch,0.6673696,1,32.1229273,0.506468441,0.50087514
image_0335_png_jpg.rf.a7dd606a286a8f3c1ca9eeea1c515c56.jpg,train,over-arch,0.7000379,1,32.38600128,0.467699231,0.50206608
image_0559_png_jpg.rf.10757d5c7bd2fec6e473acba07953afd.jpg,train,over-arch,0.70367575,1,32.86830357,0.485255773,0.499480209
image_0018_png_jpg.rf.0adcb00b1b9a1c13357da299bf4ebe07.jpg,train,over-arch,0.661505,1,32.93407207,0.480958737,0.500255288
image_0695_png_jpg.rf.1c6d3d4b6cdf9aa00143dd48d6d50bb8_rot-15.jpg,train,over-arch,0.69849443,1,33.85881696,0.484529476,0.492931605
image_0105_png_jpg.rf.b96cf8e096ebead9a845c3e87f37d3a4_flip.jpg,train,over-arch,0.6793226,1,31.68845663,0.529240786,0.500112076
image_0001_png_jpg.rf.b060224b056da2d912d12cc0303bd282_rot-15.jpg,train,over-arch,0.67815536,1,33.80500638,0.490143962,0.500354932
image_0291_jpg.rf.1be19e25a409bb7d6eb066a6404f5031_rot-15.jpg,train,over-arch,0.67092586,1,34.16772959,0.518765937,0.504945822
image_0290_png_jpg.rf.f6cefccee8cac0205bcdafb52237916d_rot-15.jpg,train,over-arch,0.6840363,1,33.64756059,0.528549242,0.504618012
image_0137_png_jpg.rf.4e56f91409804011438454afdf1f57f1_flip.jpg,train,over-arch,0.7483956,1,33.03571429,0.513736338,0.501361458
image_0295_jpg.rf.492c688c6b689c1de74c7f976c5791cc.jpg,train,over-arch,0.6958579,1,32.99984056,0.475472632,0.5008421
image_0134_png_jpg.rf.a4bc087a293d50f7d7c374547f3de5a6_rot-15.jpg,train,over-arch,0.68661827,1,33.44826212,0.474775532,0.487716327
image_0330_png_jpg.rf.f9c173c384b847afd655da340114ea68_flip.jpg,train,over-arch,0.6995234,1,32.3042889,0.518850725,0.500422305
image_0412_png_jpg.rf.105b8880b9f9f4e0444be926fb9761f7_rot-15.jpg,train,over-arch,0.6617822,1,33.73325893,0.506989394,0.504155112
image_0397_png_jpg.rf.53728db7abb7f0c852967029640da1d2.jpg,train,over-arch,0.7365343,1,32.95998087,0.47492557,0.50016836
image_0183_jpg.rf.f6a4b5e72777eaf0d05a1585306e7c77.jpg,train,over-arch,0.6946741,1,32.32222577,0.532628004,0.491860955
image_0120_png_jpg.rf.1ace0233c3194ac5a71d947c3f8871b9_flip.jpg,train,over-arch,0.6692017,1,32.8643176,0.510980743,0.500011437
image_0253_jpg.rf.c31abe025366b31a665dd8552b5cc9be.jpg,train,over-arch,0.6973362,1,32.99186862,0.522766364,0.497233032
image_0769_png_jpg.rf.2234e08724f336fdd162b52408b890da_rot-15.jpg,train,over-arch,0.69661534,1,34.25542092,0.47824234,0.492531986
image_0079_png_jpg.rf.1c0f0cf6c38ed5fde33894d5aa93d026.jpg,train,over-arch,0.65694076,1,32.43582589,0.493924025,0.499922072
image_0921_png_jpg.rf.b7d1a6305b6175772fc585817837fb58_rot-15.jpg,train,over-arch,0.6728957,1,33.32270408,0.524415415,0.504100355
image_0311_jpg.rf.6def4ad5d8a44fb9bbbe1024084972f0_rot-15.jpg,train,over-arch,0.68840474,1,34.27734375,0.487082951,0.495856278
image_0270_jpg.rf.3c2a9ab2449a8dc61928114efe2f5a84_rot-15.jpg,train,over-arch,0.66649723,1,33.67745536,0.474794634,0.492832336
image_0147_png_jpg.rf.7806bf4c42b08fb1c1c6d91f6b1ea73a_flip.jpg,train,over-arch,0.68408537,1,33.00183355,0.522663641,0.502545208
image_0079_png_jpg.rf.e59e6d340e33b2aafbe7504c61f6e0ca_rot-15.jpg,train,over-arch,0.65379107,1,33.00980548,0.484346637,0.500914177
image_0259_png_jpg.rf.9de45d34371b74725df255a30b24946a_flip.jpg,train,over-arch,0.7198975,1,33.03571429,0.512049048,0.50141205
image_0412_png_jpg.rf.105b8880b9f9f4e0444be926fb9761f7_flip.jpg,train,over-arch,0.66728336,1,32.75470344,0.494270119,0.501599513
image_0619_png_jpg.rf.ffa4ca4a87fb4aeda75413d79812ead5_rot-15.jpg,train,over-arch,0.7094658,1,34.26139987,0.483827941,0.495203571
image_0013_png_jpg.rf.2ab1836ccd456a6f8549e3dff51d478a_rot-15.jpg,train,over-arch,0.6739901,1,34.26339286,0.481351688,0.496804728
image_0462_png_jpg.rf.e389d14e32742506320ec02f5bdf19bd_flip.jpg,train,over-arch,0.71718764,1,32.29432398,0.47077717,0.492281943
image_0195_jpg.rf.b5525fee23c66465ef73432235c66aa5_flip.jpg,train,over-arch,0.6642803,1,32.30827487,0.499017702,0.499882997
image_0001_png_jpg.rf.eba8c6ed18b9f587918b8f1de032195e_rot-15.jpg,train,over-arch,0.6904808,1,34.30524554,0.480897456,0.495211543
image_0373_png_jpg.rf.2830c86c8493ad45ea712669e6b9883f_flip.jpg,train,over-arch,0.6910234,1,32.95001594,0.499711919,0.498634985
image_0010_png_jpg.rf.78d4289617a36e3bf02bb47d12ce7b70.jpg,train,over-arch,0.7331087,1,33.03571429,0.475442446,0.500745914
image_0151_png_jpg.rf.bfbe3c839d751af22aaf35af67d13773_flip.jpg,train,over-arch,0.70125884,1,32.96994579,0.510696719,0.50131178
image_0295_jpg.rf.dbb1f89d745af77f353a4a0246602e2c_flip.jpg,train,over-arch,0.67547745,1,32.40194515,0.516164939,0.504465506
image_0235_jpg.rf.36cbacea532e989a87e42f13454e993f.jpg,train,over-arch,0.6819352,1,32.92809311,0.474203452,0.498799745
image_0164_png_jpg.rf.10c7c2c2992432f1835451b360b54dc0.jpg,train,over-arch,0.6404078,1,31.13839286,0.519213148,0.499187441
image_0063_png_jpg.rf.9c9695ec730827a4e3bda0755088670e_rot-15.jpg,train,over-arch,0.7149192,1,34.30325255,0.479948021,0.496122006
image_0456_png_jpg.rf.1ea898095a162815beec1c0793d1318c_rot-15.jpg,train,over-arch,0.6997016,1,34.33912628,0.47651337,0.497231288
image_0360_jpg.rf.23121d957974429984704c224bbc1917.jpg,train,over-arch,0.66894484,1,32.97393176,0.472416913,0.501183646
image_0151_png_jpg.rf.bfbe3c839d751af22aaf35af67d13773_rot-15.jpg,train,over-arch,0.697202,1,34.26937181,0.486137806,0.497681765
image_0271_png_jpg.rf.3afc99e112a553e29c5fe8a31b48640f_flip.jpg,train,over-arch,0.6973078,1,31.75422513,0.506803273,0.495569611
image_0137_png_jpg.rf.4e56f91409804011438454afdf1f57f1.jpg,train,over-arch,0.7483965,1,33.03571429,0.481798432,0.501361595
image_0396_jpg.rf.780796c8eda02157646a1d37c7f1f1cf_rot-15.jpg,train,over-arch,0.6868877,1,34.12388393,0.493200622,0.498802703
image_0334_png_jpg.rf.c93f04a885abce44e701d0ddd9de7479.jpg,train,over-arch,0.7035598,1,33.03571429,0.475109772,0.501279983
image_0153_jpg.rf.cd0e490ff70147733c6f5bf96790df7f_rot-15.jpg,train,over-arch,0.6968143,1,33.76713967,0.478452795,0.498763367
image_0153_jpg.rf.d94bd9c2f1631f6289ad450156df835d_rot-15.jpg,train,over-arch,0.7091648,1,34.33912628,0.478560931,0.498200015
image_0014_png_jpg.rf.5bcb21e77bfd688351ba583b7e97708c_rot-15.jpg,train,over-arch,0.66116214,1,33.72927296,0.499489446,0.501843207
image_0329_jpg.rf.aed537e84c7fafd02d66dfb40b9dfa35_flip.jpg,train,over-arch,0.67034656,1,32.54145408,0.478062868,0.495353926
image_0330_png_jpg.rf.73fc6f9a9e65966d5f3fa53b66298827_flip.jpg,train,over-arch,0.7077626,1,33.03571429,0.519507633,0.501997685
image_0141_png_jpg.rf.5f886f27e85bccc7700986faf7ec6364_flip.jpg,train,over-arch,0.7133746,1,33.02375638,0.515517479,0.499272133
image_0331_jpg.rf.88e85f7338ba795e72af760bf6711f7b_flip.jpg,train,over-arch,0.6920654,1,32.4996014,0.516853767,0.501141455
image_0095_png_jpg.rf.3bb7fcd362002fa1ef41fb86a4f9e744.jpg,train,over-arch,0.72063416,1,33.0078125,0.481817595,0.499967248
image_0558_png_jpg.rf.695c71359e6253f02c31114800c2ea9b_rot-15.jpg,train,over-arch,0.71568745,1,34.31122449,0.485394922,0.497568004
image_0303_jpg.rf.50089217602d3f2eba955dee7f51be8a.jpg,train,over-arch,0.67918414,1,33.01179847,0.480913433,0.502519908
image_0042_png_jpg.rf.83284a5ae28d6302a45eba151f963543_flip.jpg,train,over-arch,0.7634812,1,32.49760842,0.510812953,0.502015519
image_0808_png_jpg.rf.52cec1ba38bcc9ec6ad4f64c74a68d70.jpg,train,over-arch,0.71544313,1,33.03571429,0.476076891,0.502418232
image_0023_png_jpg.rf.2365f42f794b458cfbf6cf6f0123e031.jpg,train,over-arch,0.7592446,1,33.0078125,0.48228655,0.500309579
image_0963_png_jpg.rf.19a49553929c690968770cb07c3a131a_rot-15.jpg,train,over-arch,0.6849044,1,33.73325893,0.483313914,0.496318589
image_0351_jpg.rf.58051dd47ab77c07fbb2a796508228e0.jpg,train,over-arch,0.696968,1,33.02574936,0.478924041,0.499776594
image_0063_png_jpg.rf.9c9695ec730827a4e3bda0755088670e_flip.jpg,train,over-arch,0.7207845,1,33.00980548,0.51729902,0.501407805
image_0358_jpg.rf.7cb3cb8bebbe9d509ff2279c6f0a2280_rot-15.jpg,train,over-arch,0.6952489,1,34.31919643,0.479828153,0.493922739
image_0003_png_jpg.rf.d3f3967fee6c13834dcbb7801d1b46c5_flip.jpg,train,over-arch,0.68063575,1,32.71085778,0.469172472,0.496535406
image_0837_png_jpg.rf.f7db8f374e59acd29a721c16a5120bc6_rot-15.jpg,train,over-arch,0.6683692,1,33.4502551,0.49236265,0.50151134
image_0023_png_jpg.rf.8f53470888c7b02f67bd0d37f157788a_rot-15.jpg,train,over-arch,0.7284538,1,33.80699936,0.489184883,0.500916524
image_0047_png_jpg.rf.7eb7c23bc54842e88b15e676afcc4381_rot-15.jpg,train,over-arch,0.69253474,1,34.34311224,0.474420996,0.496965541
image_0422_jpg.rf.61d199a775c76ffef6512ad6ced94299.jpg,train,over-arch,0.7194497,1,32.67897003,0.513036198,0.503803442
image_0154_png_jpg.rf.4f7a397b763c1006babb4f045b66eff9.jpg,train,over-arch,0.7222228,1,31.83195153,0.483782835,0.497271815
image_0953_png_jpg.rf.9309f6309b16f9b4570f441a1dea576f_flip.jpg,train,over-arch,0.70272374,1,33.0078125,0.523031156,0.501993618
image_0844_png_jpg.rf.7f1175d4a7f38ffccc92ad01ae28baf6.jpg,train,over-arch,0.702387,1,32.43383291,0.481764445,0.500941132
image_0129_png_jpg.rf.641d8731eae9832ee16fb30653e44115_rot-15.jpg,train,over-arch,0.6919861,1,33.30277423,0.50429916,0.51029318
image_0342_jpg.rf.7297e14dc926d92fc3de26622c08355a_rot-15.jpg,train,over-arch,0.64369327,1,33.38448661,0.518348817,0.508364283
image_0485_png_jpg.rf.6b5e5982085042559095ad7299ba425c_rot-15.jpg,train,over-arch,0.7044077,1,34.13185587,0.484031804,0.494760869
image_0892_png_jpg.rf.66211e61f5acf0db6c4ac08b6224dd83_flip.jpg,train,over-arch,0.6921376,1,32.9819037,0.501564014,0.501866415
image_0234_jpg.rf.a4368b56d6fabec03b9769ad802da937_rot-15.jpg,train,over-arch,0.6884857,1,34.34709821,0.480897129,0.496746047
image_0819_png_jpg.rf.ade271e81a73ba3acdc16cd180b30585_rot-15.jpg,train,over-arch,0.6918824,1,33.79105548,0.4617845,0.48827836
image_0771_png_jpg.rf.7413b789b323e4706f356a393ad14158_flip.jpg,train,over-arch,0.68663627,1,32.94204401,0.51986795,0.499566432
image_0145_png_jpg.rf.8fedccfa7ee3a69c5cdc1a09ff8b3374_rot-15.jpg,train,over-arch,0.7077012,1,34.31521046,0.482241586,0.494634244
image_0183_jpg.rf.a0225c9db224898fc5b0abd9b799ee47_flip.jpg,train,over-arch,0.6887371,1,32.46372768,0.517018915,0.507668326
image_0834_png_jpg.rf.ae91c4aab7b267abb8a5405391d7a52e_flip.jpg,train,over-arch,0.6991681,1,33.03571429,0.52365706,0.502785735
image_0918_png_jpg.rf.4066f11b5f6ad00e829b45c43d63366b_flip.jpg,train,over-arch,0.68871444,1,32.06911671,0.458178543,0.490712387
image_0127_png_jpg.rf.561c9a8432d75c8022e52515d7428dd0.jpg,train,over-arch,0.69657826,1,32.62316645,0.523211929,0.499092978
image_0559_png_jpg.rf.10757d5c7bd2fec6e473acba07953afd_flip.jpg,train,over-arch,0.70367974,1,32.86830357,0.510279186,0.499480579
image_0129_png_jpg.rf.bffd37a812f59b84e985bd04bd02e189.jpg,train,over-arch,0.7116203,1,32.75071747,0.473773037,0.498711909
image_0431_png_jpg.rf.1889b37773a8b3b7c2d440b8596900d0_flip.jpg,train,over-arch,0.6783982,1,32.93407207,0.503131525,0.498320582
image_0005_png_jpg.rf.2496437e05f009d4f1064dffd8178472_rot-15.jpg,train,over-arch,0.6649786,1,34.25542092,0.484239981,0.495850135
image_0963_png_jpg.rf.19a49553929c690968770cb07c3a131a_flip.jpg,train,over-arch,0.68891203,1,32.43582589,0.513936516,0.500698333
image_0630_png_jpg.rf.e9f8d593a19d152c9ef51438a5898b12_rot-15.jpg,train,over-arch,0.6695905,1,32.98987564,0.522147499,0.497362497
image_0819_png_jpg.rf.f3b1a198eee3487a3c22af1240118c36_rot-15.jpg,train,over-arch,0.679811,1,33.72528699,0.496059596,0.499049844
image_0834_png_jpg.rf.559cd8f86270b4a4b34ffd11741616c2_flip.jpg,train,over-arch,0.6706392,1,32.21261161,0.512853919,0.506057012
image_0358_png_jpg.rf.ae563ca7ac07565d529624b6abf2114e_flip.jpg,train,over-arch,0.6622204,1,32.70089286,0.457746703,0.497096803
image_0243_png_jpg.rf.e6193b10652133fb11274307665d27c2_rot-15.jpg,train,over-arch,0.686813,1,34.33912628,0.484126695,0.496169111
image_0305_jpg.rf.e7c3d23138271de228417ad52ae5c255_rot-15.jpg,train,over-arch,0.6891476,1,34.34111926,0.477979643,0.497780472
image_0594_png_jpg.rf.c86432da779ce525ce062da22fc88786_flip.jpg,train,over-arch,0.6845191,1,32.95998087,0.509307074,0.500498028
image_0256_jpg.rf.6291a410bae27c4a5d493e7d527b11bb.jpg,train,over-arch,0.6752811,1,32.79057717,0.528515401,0.497754388
image_0351_jpg.rf.087e1af1fda38c578aa0fb3e3beab7eb.jpg,train,over-arch,0.67940986,1,32.46572066,0.463726608,0.501112031
image_0114_png_jpg.rf.dc67442c7f7fd89c9175a6b69d42de71_rot-15.jpg,train,over-arch,0.7178433,1,34.22353316,0.480594282,0.493847817
image_0344_jpg.rf.5a2fb6ebd0c4ecfe1183ba8e4418bb53_flip.jpg,train,over-arch,0.7089549,1,32.9161352,0.514493169,0.499682623
image_0484_png_jpg.rf.8fdc968cc6af59cc2e8807f9da20620a_flip.jpg,train,over-arch,0.7127244,1,33.03571429,0.515700148,0.501994063
image_0421_jpg.rf.6ea884455919411699e356eb56ea8d2e.jpg,train,over-arch,0.7064918,1,32.25446429,0.534650904,0.492301032
image_0079_png_jpg.rf.1c0f0cf6c38ed5fde33894d5aa93d026_rot-15.jpg,train,over-arch,0.65432984,1,33.74123087,0.49493975,0.498667605
image_0896_png_jpg.rf.d98ed243b361273dddb975ee7b3b9a4a_rot-15.jpg,train,over-arch,0.6652977,1,33.82095026,0.490659305,0.499877693
image_0132_png_jpg.rf.1f2bcd7f6e7bffde604758c85755cc24_rot-15.jpg,train,over-arch,0.6638584,1,34.16175064,0.517670018,0.506975688
image_0335_png_jpg.rf.b1095d0759d3c5ac4b0adc606c14e240.jpg,train,over-arch,0.7180784,1,32.95998087,0.477638649,0.499641094
image_0366_jpg.rf.d3c0c37fcd207777ce3bb0430728e2cc_rot-15.jpg,train,over-arch,0.67807263,1,34.15178571,0.51867207,0.507587087
image_0351_jpg.rf.087e1af1fda38c578aa0fb3e3beab7eb_rot-15.jpg,train,over-arch,0.67542917,1,33.76713967,0.466497028,0.492221946
image_0972_png_jpg.rf.1ac1bbea59663db11ee4565ea06a71c4.jpg,train,over-arch,0.7071629,1,32.9559949,0.471654701,0.498604976
image_0945_png_jpg.rf.13c50f9ca9a7d1e9156298734567a08d_flip.jpg,train,over-arch,0.7010555,1,32.51554528,0.483813868,0.4968672
image_0168_png_jpg.rf.7e1f24efd01b0b41f524f881674387e8.jpg,train,over-arch,0.6757205,1,32.91214923,0.477297675,0.500444177
image_0114_png_jpg.rf.dc67442c7f7fd89c9175a6b69d42de71_flip.jpg,train,over-arch,0.7229495,1,32.91015625,0.517225693,0.498956521
image_0335_png_jpg.rf.a7dd606a286a8f3c1ca9eeea1c515c56_flip.jpg,train,over-arch,0.70004416,1,32.38600128,0.527836401,0.502066041
image_0131_png_jpg.rf.6fcc50cb8e5776ccd3816b037e321c9c.jpg,train,over-arch,0.68922603,1,33.00980548,0.486948855,0.501742251
image_0017_png_jpg.rf.1c9e621b817c799e17301cd0c8f1e331_flip.jpg,train,over-arch,0.69095397,1,32.98788265,0.503168551,0.499653667
image_0307_png_jpg.rf.f8baca5f5b0ab546d5100df1d572518b.jpg,train,over-arch,0.74356675,1,32.96595982,0.488193278,0.497623093
image_0163_png_jpg.rf.392ef1b66498b64a61c4edca9b33cd6a.jpg,train,over-arch,0.7108959,1,33.03571429,0.474385414,0.501431414
image_0397_png_jpg.rf.53728db7abb7f0c852967029640da1d2_flip.jpg,train,over-arch,0.7365291,1,32.95998087,0.520610085,0.50016779
image_0129_png_jpg.rf.bffd37a812f59b84e985bd04bd02e189_flip.jpg,train,over-arch,0.7116239,1,32.75071747,0.52176439,0.498712356
image_0359_png_jpg.rf.0f69c900fc441916da867fc22df7d4c3_rot-15.jpg,train,over-arch,0.69563675,1,34.24744898,0.481260568,0.494221686
image_0085_png_jpg.rf.a70250b9e93c910dc3edbd24221a556d_flip.jpg,train,over-arch,0.69512624,1,33.03571429,0.524552099,0.502784856
image_0340_jpg.rf.367304e4ac80e2623c89dd1f7b2d6b05_rot-15.jpg,train,over-arch,0.6875419,1,33.70934311,0.486804842,0.499572122
image_0034_png_jpg.rf.6d03ccf89bcaebecbca4e97cd964be92.jpg,train,over-arch,0.65761286,1,31.96149554,0.487003261,0.506230871
image_0329_jpg.rf.aed537e84c7fafd02d66dfb40b9dfa35_rot-15.jpg,train,over-arch,0.6659323,1,33.69539222,0.519739281,0.501534439
image_0181_jpg.rf.1308acc3e6e140d6f4706025b2596286_flip.jpg,train,over-arch,0.6521655,1,32.44379783,0.50165513,0.498102682
image_0456_png_jpg.rf.eb02c7733b4fb3b534c796cf8c6de0b0_flip.jpg,train,over-arch,0.69012034,1,32.80054209,0.478776992,0.498660024
image_0948_png_jpg.rf.859e310af043f1345e2dca029becd3b1_flip.jpg,train,over-arch,0.7229847,1,32.96795281,0.515401873,0.499653028
image_0558_png_jpg.rf.b5e8f7e673146c3d03d5d0a8f9df4870.jpg,train,over-arch,0.7067118,1,32.23453444,0.484986746,0.505247384
image_0255_jpg.rf.0d1672716b7df70b4fd743a64ecc068f.jpg,train,over-arch,0.6659501,1,32.30628189,0.474740419,0.500537093
image_0375_png_jpg.rf.f9d6fececd035e9b26aabb9193dfd60e.jpg,train,over-arch,0.6984732,1,32.73078763,0.489932995,0.500944684
image_0168_png_jpg.rf.7e1f24efd01b0b41f524f881674387e8_flip.jpg,train,over-arch,0.67572564,1,32.91214923,0.518237331,0.500444608
image_0120_png_jpg.rf.05080c494e373fb8521be095ba14c2dc_flip.jpg,train,over-arch,0.64995664,1,32.34016263,0.497905594,0.496529776
image_0749_png_jpg.rf.526ef95875065296f203cc0a23cf5f59.jpg,train,over-arch,0.6883518,1,32.94802296,0.476826127,0.498976451
image_0047_png_jpg.rf.41e7fef0cb379103401188d258fb8261.jpg,train,over-arch,0.6655462,1,31.90369898,0.524031868,0.500766662
image_0232_png_jpg.rf.af03330909a30399359dc6427f15353e_rot-15.jpg,train,over-arch,0.69066507,1,34.20758929,0.482770736,0.495435781
image_0079_png_jpg.rf.3bfe8cac2f0c6e5e55baa188f686a2ab_flip.jpg,train,over-arch,0.6584599,1,32.48565051,0.484722331,0.500832421
image_0892_png_jpg.rf.0643f61fefe24e54d146dc7b38e93dfb.jpg,train,over-arch,0.67094684,1,32.45575574,0.494337218,0.504069683
image_0253_jpg.rf.b3280876e8538e3ea3915ba04d6de1f1_flip.jpg,train,over-arch,0.69236124,1,32.47169962,0.519572317,0.503461411
image_0358_jpg.rf.e4a7b6ecb206d1121f0ecee5ace0895e_rot-15.jpg,train,over-arch,0.6731738,1,33.45224809,0.536232879,0.505630571
image_0127_png_jpg.rf.083467b9b2f6a404bbe6982d7daeb7f2.jpg,train,over-arch,0.6703211,1,31.83394452,0.469225776,0.500775387
image_0116_png_jpg.rf.162d61b358b6e96f0662a55c80cd4186_flip.jpg,train,over-arch,0.70937526,1,32.28236607,0.5141648,0.49788728
image_0128_png_jpg.rf.d43062a41ee81a91e458474407bbc4bf.jpg,train,over-arch,0.6755081,1,32.10299745,0.477949482,0.503118476
image_0808_png_jpg.rf.52cec1ba38bcc9ec6ad4f64c74a68d70_rot-15.jpg,train,over-arch,0.70935625,1,34.34510523,0.477701922,0.496512398
image_0344_png_jpg.rf.325f960862b7839cfdc7e2db05eca255_rot-15.jpg,train,over-arch,0.7257217,1,34.33713329,0.488253363,0.498495321
image_0475_png_jpg.rf.61f15390babe5440701f874a85624983_flip.jpg,train,over-arch,0.7159447,1,32.94005102,0.520657275,0.499630403
image_0835_png_jpg.rf.4d6adac1a54e65e1fdd6d1a797ffe6e2.jpg,train,over-arch,0.7181141,1,31.90768495,0.474450034,0.493445781
image_0114_png_jpg.rf.dcc39478edda757fecf68a65b462471b.jpg,train,over-arch,0.69494736,1,32.14684311,0.460791683,0.493850977
image_0421_jpg.rf.6ea884455919411699e356eb56ea8d2e_rot-15.jpg,train,over-arch,0.7034849,1,33.49410077,0.532618256,0.501657505
image_0305_jpg.rf.e7c3d23138271de228417ad52ae5c255.jpg,train,over-arch,0.69376194,1,33.03571429,0.476659015,0.503622217
image_0740_png_jpg.rf.67e40f46ea57bdf310871bad90ff0cd9.jpg,train,over-arch,0.6903073,1,32.98588967,0.487059564,0.500268829
image_0034_png_jpg.rf.6d03ccf89bcaebecbca4e97cd964be92_flip.jpg,train,over-arch,0.65768856,1,31.96149554,0.50853202,0.506231023
image_0842_png_jpg.rf.5c25a0df70c75137b2cdcd52636f8087_rot-15.jpg,train,over-arch,0.6997316,1,34.28531569,0.484693629,0.496953443
image_0271_png_jpg.rf.5522d05eabeefc94723101c6f0f3a078_rot-15.jpg,train,over-arch,0.71221817,1,34.24346301,0.48228517,0.494305327
image_0340_jpg.rf.367304e4ac80e2623c89dd1f7b2d6b05.jpg,train,over-arch,0.6888809,1,32.3700574,0.486048231,0.50304212
image_0234_jpg.rf.a4368b56d6fabec03b9769ad802da937.jpg,train,over-arch,0.69362724,1,33.03571429,0.479339797,0.501793442
image_0042_png_jpg.rf.a8157f9d4ee18bbdec3787ed094cef4e_rot-15.jpg,train,over-arch,0.72150207,1,33.21707589,0.485451105,0.501768599
image_0135_png_jpg.rf.527f9b01470225c739e846c2a983e878_rot-15.jpg,train,over-arch,0.7198568,1,34.30524554,0.48753277,0.494871918
image_0203_jpg.rf.0e7786243e80c0faa843caba0158a366_rot-15.jpg,train,over-arch,0.6985263,1,34.30125957,0.476574488,0.498064745
image_0216_jpg.rf.ef480b6b85a7469ee441688b2b4ee0c0.jpg,train,over-arch,0.6912527,1,33.03571429,0.472256746,0.502542337
image_0331_jpg.rf.88e85f7338ba795e72af760bf6711f7b.jpg,train,over-arch,0.69214416,1,32.4996014,0.478682456,0.501141549
image_0342_jpg.rf.7297e14dc926d92fc3de26622c08355a.jpg,train,over-arch,0.64622045,1,32.08705357,0.519893996,0.503097687
image_0141_png_jpg.rf.5f886f27e85bccc7700986faf7ec6364.jpg,train,over-arch,0.7133747,1,33.02375638,0.480017534,0.499272404
image_0017_png_jpg.rf.1c9e621b817c799e17301cd0c8f1e331.jpg,train,over-arch,0.690949,1,32.98788265,0.492367623,0.499653317
image_0976_png_jpg.rf.9a3faa1939b7984e41dfe49767561374_rot-15.jpg,train,over-arch,0.69842637,1,33.62563776,0.472612275,0.490814885
image_0834_png_jpg.rf.559cd8f86270b4a4b34ffd11741616c2_rot-15.jpg,train,over-arch,0.6673084,1,33.52798151,0.482605401,0.501300449
image_0114_png_jpg.rf.dc67442c7f7fd89c9175a6b69d42de71.jpg,train,over-arch,0.7229515,1,32.91015625,0.478310171,0.498956413
image_0086_png_jpg.rf.78be72f594467b6de4962f92510978a5_flip.jpg,train,over-arch,0.7023754,1,32.96994579,0.514426764,0.498798615
image_0358_png_jpg.rf.c4798d59b71223bf8e699e9da9db4ef5.jpg,train,over-arch,0.65110135,1,31.81999362,0.455389166,0.50472473
image_0243_png_jpg.rf.43a6d33a2ad79848fe08ead1850e74ad_rot-15.jpg,train,over-arch,0.6699384,1,33.89469069,0.503249593,0.502808926
image_0316_jpg.rf.2ada09b961c0f340a45279fed4a025d3_rot-15.jpg,train,over-arch,0.67519706,1,33.63161671,0.529496049,0.505009682
image_0114_png_jpg.rf.d191501482e083304b140496aec38a7e_flip.jpg,train,over-arch,0.6884428,1,31.61670918,0.544649519,0.496904697
image_0363_jpg.rf.0241c12fc7a49b0ea73a8ba620a06820.jpg,train,over-arch,0.708754,1,33.03571429,0.480641358,0.500980176
image_0291_png_jpg.rf.6c03ce7d7387dd6e005f20459e22fd36_flip.jpg,train,over-arch,0.707393,1,32.97791773,0.515721346,0.498779765
image_0068_png_jpg.rf.9fe771beefceea4172253a259c201815_rot-15.jpg,train,over-arch,0.6999411,1,34.30923151,0.48270266,0.495701503
image_0316_jpg.rf.6c33636814a1a38dbe8b7b28d1e66f78_rot-15.jpg,train,over-arch,0.6926248,1,34.21157526,0.476888885,0.493324968
image_0259_png_jpg.rf.9de45d34371b74725df255a30b24946a_rot-15.jpg,train,over-arch,0.7141162,1,34.34111926,0.484845346,0.497431615
image_0558_png_jpg.rf.b5e8f7e673146c3d03d5d0a8f9df4870_rot-15.jpg,train,over-arch,0.7011784,1,33.57382015,0.485325783,0.501362484
image_0344_png_jpg.rf.325f960862b7839cfdc7e2db05eca255_flip.jpg,train,over-arch,0.7322324,1,33.03571429,0.50829824,0.50156205
image_0357_jpg.rf.c64b1f7229c970659b165df38a80fea1_rot-15.jpg,train,over-arch,0.7029494,1,34.34709821,0.479551199,0.497395567
image_0244_jpg.rf.a5af3244c7931d97f2c9951d0317b529_flip.jpg,train,over-arch,0.6625283,1,32.42984694,0.511863723,0.501177119
image_0485_png_jpg.rf.73ef7125c41774736ae694958bf49144.jpg,train,over-arch,0.6713792,1,31.23206314,0.471755755,0.500378755
image_0193_jpg.rf.cb18f83510501f38820c83a72b7975f9_flip.jpg,train,over-arch,0.6567707,1,32.35809949,0.480693026,0.498348031
image_0175_jpg.rf.578c8801831605adb56068904d71a51c.jpg,train,over-arch,0.6832644,1,33.03172832,0.48770223,0.498225425
image_0765_png_jpg.rf.fb6f5a2c8c861ddc84b77ede86066274_rot-15.jpg,train,over-arch,0.7037123,1,33.6455676,0.478888063,0.492075938
image_0334_png_jpg.rf.c93f04a885abce44e701d0ddd9de7479_flip.jpg,train,over-arch,0.7035547,1,33.03571429,0.520424958,0.50127969
image_0030_png_jpg.rf.12f132ba5e1e0e04ede0fe50bdd70115.jpg,train,over-arch,0.71238947,1,32.48365753,0.472695761,0.500560457
image_0492_png_jpg.rf.8edb7844f2fe91c125bb45fc51a87cdd_rot-15.jpg,train,over-arch,0.6983259,1,34.29528061,0.473226665,0.496369618
image_0114_png_jpg.rf.6d696591c0b23524182155b6ffade1f3_flip.jpg,train,over-arch,0.6990655,1,32.38002232,0.504638606,0.501400422
image_0231_png_jpg.rf.13533a028cc6aa1fcf32922b6567da9e_rot-15.jpg,train,over-arch,0.6913361,1,34.31122449,0.487319516,0.495921649
image_0359_jpg.rf.ac88a1841e7bc8eaf146d6c3592ec99d_rot-15.jpg,train,over-arch,0.68566364,1,33.99234694,0.475184123,0.492137898
image_0014_png_jpg.rf.5bcb21e77bfd688351ba583b7e97708c_flip.jpg,train,over-arch,0.6623108,1,32.6430963,0.495633237,0.501761822
image_0154_png_jpg.rf.24b62c8ad981944eeab3a0acc861758b.jpg,train,over-arch,0.759301,1,32.94802296,0.47999567,0.497440579
image_0363_jpg.rf.0241c12fc7a49b0ea73a8ba620a06820_rot-15.jpg,train,over-arch,0.702759,1,34.33115434,0.482303439,0.496322055
image_0334_png_jpg.rf.c93f04a885abce44e701d0ddd9de7479_rot-15.jpg,train,over-arch,0.69829303,1,34.3490912,0.477121072,0.495228343
image_0457_png_jpg.rf.fa0f85b207b5c7992b932597c87781b1_rot-15.jpg,train,over-arch,0.6681268,1,33.21707589,0.498081022,0.497748228
image_0026_png_jpg.rf.a79e2378ba819ca0b9c0c99f36808cc0.jpg,train,over-arch,0.7049298,1,32.92410714,0.481389641,0.499242022
image_0203_jpg.rf.49d3f8210e1f2042ecf2d21a83288822_rot-15.jpg,train,over-arch,0.6783802,1,33.21508291,0.511021356,0.498949697
image_0231_png_jpg.rf.13533a028cc6aa1fcf32922b6567da9e.jpg,train,over-arch,0.69642586,1,33.0078125,0.485534504,0.499217787
image_0311_jpg.rf.02d82eac0c3a8465863c4536778e8f2f.jpg,train,over-arch,0.66297424,1,31.50310906,0.490864623,0.502772434
image_0329_jpg.rf.8ffd9ca27dfcf6a2e728b8676afbf956_flip.jpg,train,over-arch,0.66788906,1,32.5394611,0.503643021,0.506694218
image_0736_png_jpg.rf.1dfa574d6ad2c25ca4c778345f976137.jpg,train,over-arch,0.6630864,1,31.48517219,0.536669163,0.497699991
image_0095_png_jpg.rf.3bb7fcd362002fa1ef41fb86a4f9e744_rot-15.jpg,train,over-arch,0.7146738,1,34.30923151,0.483647848,0.495677101
image_0946_png_jpg.rf.db02921fc9b0ca9a0ae51df4b36462d7_flip.jpg,train,over-arch,0.6779658,1,32.58729273,0.485448213,0.49916679
image_0898_png_jpg.rf.95d39398b406cf4d999b5b5b7fca16a3.jpg,train,over-arch,0.64852077,1,32.11296237,0.513042482,0.503300523
image_0376_png_jpg.rf.ab960fa5a2c9015539a72e7d74618006.jpg,train,over-arch,0.72528714,1,33.03571429,0.471877595,0.502338784
image_0244_jpg.rf.a5af3244c7931d97f2c9951d0317b529_rot-15.jpg,train,over-arch,0.6594304,1,33.73325893,0.485132186,0.497271183
image_0149_png_jpg.rf.37c8eb7428de81a46f64cde79f9c2cdb.jpg,train,over-arch,0.711659,1,33.03571429,0.477907315,0.503284438
image_0521_png_jpg.rf.68732b57e99efdb3d8d828d51e974e34_rot-15.jpg,train,over-arch,0.7201275,1,34.25940689,0.48468769,0.494786578
image_0619_png_jpg.rf.ffa4ca4a87fb4aeda75413d79812ead5_flip.jpg,train,over-arch,0.7156009,1,32.95200893,0.513661028,0.499445126
image_0070_png_jpg.rf.4d1fbcc78e35ce5337c42e8281572c7e.jpg,train,over-arch,0.6885842,1,32.91414222,0.483645609,0.502190271
image_0065_png_jpg.rf.24de42bd1b2f1fb8d063ebe437031008.jpg,train,over-arch,0.6749727,1,32.22058355,0.524053428,0.501610772
image_0765_png_jpg.rf.70795b7bb134c19f3efb679b4ef53332.jpg,train,over-arch,0.71644294,1,32.9161352,0.473615862,0.498197209
image_0413_png_jpg.rf.7db4114a338fd9349471921aaf2f6ae3_rot-15.jpg,train,over-arch,0.67702323,1,33.0596301,0.480459324,0.490494068
image_0116_png_jpg.rf.45d690c7d5cd3dca9a8ad0bd92ed1bf8_rot-15.jpg,train,over-arch,0.7207164,1,34.31720344,0.490025223,0.499307098
image_0134_png_jpg.rf.dcc929ff66a267fa9b2004f466ca317c_flip.jpg,train,over-arch,0.70669276,1,32.92610013,0.522125331,0.498074757
image_0810_png_jpg.rf.40b5ef668297c14a4c35b8d58751a894_rot-15.jpg,train,over-arch,0.69772714,1,34.34709821,0.476122624,0.495119502
image_0462_png_jpg.rf.e389d14e32742506320ec02f5bdf19bd.jpg,train,over-arch,0.71698123,1,32.29432398,0.524757603,0.492282049
image_0344_jpg.rf.666339cc754a8111d0d79521cd49e0db.jpg,train,over-arch,0.66257155,1,31.66055485,0.514154749,0.506912454
image_0290_jpg.rf.a928d7dbb5ce9f52182142176f49222d.jpg,train,over-arch,0.6664049,1,31.94754464,0.476276078,0.498298039
image_0271_png_jpg.rf.5522d05eabeefc94723101c6f0f3a078_flip.jpg,train,over-arch,0.7185561,1,32.96396684,0.51473789,0.499103284
image_0163_png_jpg.rf.392ef1b66498b64a61c4edca9b33cd6a_rot-15.jpg,train,over-arch,0.7053798,1,34.34709821,0.47639006,0.495186934
image_0342_jpg.rf.f0cc348bc0943e100ada0ef963cce359_flip.jpg,train,over-arch,0.6428092,1,32.26642219,0.507853817,0.504312131
image_0462_png_jpg.rf.1abbb3715c99565e4c4cef5f9af72326_rot-15.jpg,train,over-arch,0.73004323,1,34.3490912,0.490510651,0.500614172
image_0225_png_jpg.rf.d298c44a6029a2e75b47c1b85e01ebdd_flip.jpg,train,over-arch,0.72446746,1,33.00183355,0.518708874,0.502234744
image_0749_png_jpg.rf.fc26823f9610991b84083c1eba56c116_flip.jpg,train,over-arch,0.6711192,1,31.96946747,0.528623071,0.493067918
image_0844_png_jpg.rf.7f1175d4a7f38ffccc92ad01ae28baf6_flip.jpg,train,over-arch,0.7024271,1,32.43383291,0.513771242,0.500941243
image_0149_png_jpg.rf.37c8eb7428de81a46f64cde79f9c2cdb_flip.jpg,train,over-arch,0.71165836,1,33.03571429,0.517628667,0.503284284
image_0128_png_jpg.rf.d43062a41ee81a91e458474407bbc4bf_rot-15.jpg,train,over-arch,0.67362183,1,33.38847258,0.478655737,0.497302926
image_0685_png_jpg.rf.ffc4a65c8c5760cad4f29ac1e4afd01d.jpg,train,over-arch,0.67701954,1,32.14684311,0.538939733,0.501226458
image_0114_png_jpg.rf.d191501482e083304b140496aec38a7e_rot-15.jpg,train,over-arch,0.68646383,1,32.99186862,0.455626497,0.485058608
image_0749_png_jpg.rf.526ef95875065296f203cc0a23cf5f59_flip.jpg,train,over-arch,0.6883502,1,32.94802296,0.51870976,0.498976746
image_0315_jpg.rf.3a6f3a160ef0f8d683d02d7e7dacfe71_flip.jpg,train,over-arch,0.65113497,1,31.84390944,0.514134687,0.499271037
image_0154_png_jpg.rf.4f7a397b763c1006babb4f045b66eff9_rot-15.jpg,train,over-arch,0.7148731,1,33.16127232,0.486092976,0.493651799
image_0181_jpg.rf.2abff91c435ee5387c7f3559beda6fe6_rot-15.jpg,train,over-arch,0.66382134,1,34.2574139,0.492161847,0.497171634
image_0067_png_jpg.rf.bb8794be74507429f4bd5a9f1bd58afe.jpg,train,over-arch,0.66386884,1,32.1747449,0.503845151,0.503281512
image_0063_png_jpg.rf.c115c793254e23f1c1ef25eb678bed6a.jpg,train,over-arch,0.6884808,1,31.91565689,0.460079435,0.499441627
image_0816_png_jpg.rf.9bbcfae702ac59ade4b182c194ad52fb.jpg,train,over-arch,0.72403306,1,31.76618304,0.524233698,0.489575561
image_0253_jpg.rf.818b5c810913685a42b0f5c2afcd4bf5_flip.jpg,train,over-arch,0.70846945,1,33.03571429,0.517581838,0.50156571
image_0855_png_jpg.rf.07ee3d8ad2fa6b89ceddedcea520d4dc.jpg,train,over-arch,0.67336684,1,32.38799426,0.466671488,0.494819516
image_0029_png_jpg.rf.cd8b7fba6e14f084c6c4fffc8752c21d_flip.jpg,train,over-arch,0.6886942,1,33.03571429,0.51394451,0.501683897
image_0271_png_jpg.rf.3afc99e112a553e29c5fe8a31b48640f.jpg,train,over-arch,0.6973095,1,31.75422513,0.488732123,0.49556997
image_0063_png_jpg.rf.0fcf384834db9a284ee6f9bbabd9ed67.jpg,train,over-arch,0.70200914,1,32.53348214,0.52564727,0.4963301
image_0927_png_jpg.rf.c903d571db2a74aefcd21ded624a0935_flip.jpg,train,over-arch,0.6786073,1,32.33418367,0.471204949,0.494914063
image_0976_png_jpg.rf.9afcfec23a47cd60e3a45d3b698de79f_flip.jpg,train,over-arch,0.7159114,1,32.95400191,0.515713662,0.49880817
image_0385_png_jpg.rf.392f57b4b156c2519b211dc72659da44_flip.jpg,train,over-arch,0.72215223,1,33.03571429,0.503985841,0.50139533
image_0003_png_jpg.rf.74da035c3027ab3d82f9614eb568c462_flip.jpg,train,over-arch,0.69088256,1,33.00980548,0.523836932,0.501440689
image_0195_jpg.rf.6ff28d94f03945e872611617213aaa22.jpg,train,over-arch,0.7051036,1,33.00980548,0.478637483,0.501150124
image_0255_jpg.rf.bbaa2cd086c78a4e14be06a95806ba74.jpg,train,over-arch,0.67971396,1,32.9819037,0.480048546,0.500316194
image_0049_png_jpg.rf.8571b0f154662f4f6c0aafaa812f1457_rot-15.jpg,train,over-arch,0.6833437,1,32.70089286,0.481327793,0.499081745
image_0329_jpg.rf.2958724f8f8794e6d4dcdd011263155f_rot-15.jpg,train,over-arch,0.6786694,1,34.29926658,0.486972159,0.500115841
image_0377_jpg.rf.deac4b55436ee9c286f8fbe25a86abcd.jpg,train,over-arch,0.65172434,1,31.87978316,0.53346392,0.500359924
image_0005_png_jpg.rf.2496437e05f009d4f1064dffd8178472_flip.jpg,train,over-arch,0.6684728,1,32.95798788,0.513126064,0.499968486
image_0057_png_jpg.rf.581186f34a06b1d7f019cb497b2fe4b5_rot-15.jpg,train,over-arch,0.7027648,1,34.27933673,0.51641964,0.505116046
image_0650_png_jpg.rf.3cc8a8e5b0f3cb7bdf6c17db8aada338_flip.jpg,train,over-arch,0.681547,1,31.89572704,0.467021001,0.499421965
image_0151_png_jpg.rf.89b44738714cbde2567d2618f7f91541.jpg,train,over-arch,0.7144143,1,33.01578444,0.480235663,0.499351873
image_0331_jpg.rf.1ef5b18170adb00c5259599254037158_rot-15.jpg,train,over-arch,0.6849472,1,33.80899235,0.483968677,0.49717505
image_0557_png_jpg.rf.56ac7ca031087709afb2042ab7256416_rot-15.jpg,train,over-arch,0.706317,1,34.19363839,0.486876371,0.497830391
image_0235_jpg.rf.77aa48ff309e0ab7d49d3f9a4c3622be_rot-15.jpg,train,over-arch,0.64906603,1,33.57182717,0.502449639,0.50330324
image_0339_jpg.rf.7cc4510310b4f350020305313daa064c_flip.jpg,train,over-arch,0.6786648,1,32.32023278,0.476591756,0.494427917
image_0291_jpg.rf.1be19e25a409bb7d6eb066a6404f5031_flip.jpg,train,over-arch,0.67597985,1,32.88823342,0.475574842,0.499684144
image_0358_png_jpg.rf.ae563ca7ac07565d529624b6abf2114e_rot-15.jpg,train,over-arch,0.65761596,1,33.8149713,0.537758083,0.507456202
image_0570_png_jpg.rf.711f5ebc8760e7cde24d014d80e6ee5c_rot-15.jpg,train,over-arch,0.66961503,1,33.32270408,0.52775399,0.502418568
image_0924_png_jpg.rf.b458c19e4a8819ee7723f767c0471cf8_flip.jpg,train,over-arch,0.7132202,1,33.02375638,0.515531374,0.499252025
image_0253_jpg.rf.818b5c810913685a42b0f5c2afcd4bf5_rot-15.jpg,train,over-arch,0.7030332,1,34.33713329,0.479675786,0.496199694
image_0313_jpg.rf.4313486659c76df29bf00ad3ef52a4ad.jpg,train,over-arch,0.69521624,1,32.97991071,0.483264014,0.500835726
image_0265_png_jpg.rf.4acb5b1a49cca10da944e516c51e50db_flip.jpg,train,over-arch,0.69777393,1,32.39995217,0.522574226,0.497562521
image_0086_png_jpg.rf.bd3647e6cf504c4fb272bcd298675224_flip.jpg,train,over-arch,0.6706018,1,31.80404974,0.528476886,0.498858557
image_0422_jpg.rf.479f49a2a15829d8ed0420535da99b7f.jpg,train,over-arch,0.7373596,1,32.95200893,0.47623039,0.498803034
image_0195_jpg.rf.6ff28d94f03945e872611617213aaa22_flip.jpg,train,over-arch,0.7050609,1,33.00980548,0.516898278,0.501150529
image_0465_png_jpg.rf.27e4f0432ce939bb449d61df28d4aeb4.jpg,train,over-arch,0.7154667,1,32.89221939,0.484223508,0.499703718
image_0130_png_jpg.rf.06579068b59c8bb7639071a0d363b9a4_flip.jpg,train,over-arch,0.7019667,1,32.96795281,0.51632132,0.499215005
image_0113_png_jpg.rf.d883b376c01cb6f1fb9523cda44f0d1b_flip.jpg,train,over-arch,0.69469255,1,33.03571429,0.523224497,0.5029429
image_0712_png_jpg.rf.d2379d5a28695db7206c09c1453bfd4f_flip.jpg,train,over-arch,0.66698813,1,33.01179847,0.515187065,0.50127378
image_0094_png_jpg.rf.f7a218965495895905e9cb564e37fbde_flip.jpg,train,over-arch,0.6625247,1,31.72233737,0.521748977,0.505044571
image_0816_png_jpg.rf.fe53857907c628700a9b8da69e490490_flip.jpg,train,over-arch,0.75530237,1,33.03571429,0.507982986,0.503001861
image_0087_png_jpg.rf.627e81189a9905b0d40967b6a33db4b0.jpg,train,over-arch,0.67389417,1,32.96396684,0.483908839,0.50094775
image_0063_png_jpg.rf.0fcf384834db9a284ee6f9bbabd9ed67_flip.jpg,train,over-arch,0.70196855,1,32.53348214,0.469888822,0.496330238
image_0196_jpg.rf.d66fbc8aaa0e8d64f0b3f6be03dfb5a0_flip.jpg,train,over-arch,0.71151924,1,32.9041773,0.51753885,0.499437762
image_0265_png_jpg.rf.93381880421801f9d27b11af27bde04c_flip.jpg,train,over-arch,0.71918935,1,33.03571429,0.509555717,0.501937235
image_0304_jpg.rf.05cbbb9cc0d87bec4e0da46ba14d8bc1_rot-15.jpg,train,over-arch,0.6594558,1,33.59574298,0.492949282,0.496153394
image_0299_png_jpg.rf.aa1f1cc6a96906f27ad3c3bcf1b79233_rot-15.jpg,train,over-arch,0.7359328,1,34.2972736,0.483443256,0.493363749
image_0896_png_jpg.rf.d98ed243b361273dddb975ee7b3b9a4a_flip.jpg,train,over-arch,0.6695082,1,32.50956633,0.505585344,0.502304921
image_0723_png_jpg.rf.99085c7be1967447ba2ca1a88bc762fa_flip.jpg,train,over-arch,0.6808343,1,31.84789541,0.519155211,0.498534606
image_0065_png_jpg.rf.24de42bd1b2f1fb8d063ebe437031008_flip.jpg,train,over-arch,0.6749725,1,32.22058355,0.471480593,0.501611344
image_0183_jpg.rf.a0225c9db224898fc5b0abd9b799ee47_rot-15.jpg,train,over-arch,0.68722206,1,33.81297832,0.478778675,0.501998103
image_0043_png_jpg.rf.dd8048c54702ae432c80d4a3ba74f1a0_rot-15.jpg,train,over-arch,0.65756875,1,33.81098533,0.51336569,0.505168519
image_0271_png_jpg.rf.5522d05eabeefc94723101c6f0f3a078.jpg,train,over-arch,0.71855503,1,32.96396684,0.480797781,0.499103489
image_0030_png_jpg.rf.f7268ce39ceea1c263dd3e9e617e1fc9_flip.jpg,train,over-arch,0.6915338,1,32.32023278,0.522659596,0.498703148
image_0290_png_jpg.rf.53410782ee7e9f457052a4972f067777_flip.jpg,train,over-arch,0.67812186,1,31.89174107,0.468189026,0.495913691
image_0396_png_jpg.rf.88928b95854cd626ea0f1099462d4a96_rot-15.jpg,train,over-arch,0.6730906,1,33.41238839,0.47955077,0.496746085
image_0430_png_jpg.rf.ecc97ef9d0491d89435c552b242f49d9.jpg,train,over-arch,0.6986359,1,33.01379145,0.49253633,0.502172892
image_0712_png_jpg.rf.d2379d5a28695db7206c09c1453bfd4f.jpg,train,over-arch,0.66698635,1,33.01179847,0.48034696,0.501274123
image_0003_png_jpg.rf.74da035c3027ab3d82f9614eb568c462_rot-15.jpg,train,over-arch,0.68598986,1,34.29528061,0.473972733,0.494547581
image_0376_png_jpg.rf.7b483b06e4d1a5ef64f1e6ba2801bac4.jpg,train,over-arch,0.71513957,1,32.93805804,0.52326826,0.498778404
image_0412_jpg.rf.c3b1c1fcdf7f8f30b62efa81c00fee87.jpg,train,over-arch,0.72477424,1,32.95400191,0.475303081,0.499065533
image_0483_png_jpg.rf.8478ae2886efac80d6d337b228b60c6a_rot-15.jpg,train,over-arch,0.707211,1,33.74920281,0.478218714,0.492452249
image_0094_png_jpg.rf.f7a218965495895905e9cb564e37fbde.jpg,train,over-arch,0.66248494,1,31.72233737,0.473785604,0.505044042
image_0866_png_jpg.rf.2fa0a0f20b65971d892f6d97b1bb8e54_rot-15.jpg,train,over-arch,0.6877556,1,34.29528061,0.490538456,0.499626931
image_0729_png_jpg.rf.0378123d43194a173cddeb977e564637_rot-15.jpg,train,over-arch,0.6858559,1,33.74920281,0.498385357,0.499100914
image_0819_png_jpg.rf.ade271e81a73ba3acdc16cd180b30585.jpg,train,over-arch,0.7015593,1,32.62515944,0.462871579,0.498741514
image_0421_jpg.rf.20faf0baf83be50e8813f7910cb329ee.jpg,train,over-arch,0.7047521,1,32.59725765,0.503292903,0.498757059
image_0953_png_jpg.rf.c06000e44c3d411e115b2e8ba425e4e3_flip.jpg,train,over-arch,0.68491006,1,32.45575574,0.53913069,0.501573007
image_0095_png_jpg.rf.e1febb1c2e7c8934f59253e2cc11f844.jpg,train,over-arch,0.7065014,1,32.42984694,0.47751676,0.499271191
image_0375_png_jpg.rf.c7953525cfe9a7d5625de530d2ea9904_flip.jpg,train,over-arch,0.6937995,1,32.3700574,0.516820046,0.499754126
image_0963_png_jpg.rf.b48dcda9b31349ab40d9e19b9428c866_flip.jpg,train,over-arch,0.70321506,1,32.99585459,0.51466223,0.501967027
image_0130_png_jpg.rf.72c0ad4b9ebdaa04407631359296210c.jpg,train,over-arch,0.67140096,1,31.82995855,0.467807744,0.502232365
image_0740_png_jpg.rf.67e40f46ea57bdf310871bad90ff0cd9_rot-15.jpg,train,over-arch,0.6857841,1,34.29328763,0.488457944,0.497265352
image_0334_png_jpg.rf.612bb57b5b774fedbe73986d3c03340a_rot-15.jpg,train,over-arch,0.6886957,1,33.6854273,0.475194497,0.491375728
image_0953_png_jpg.rf.c06000e44c3d411e115b2e8ba425e4e3_rot-15.jpg,train,over-arch,0.67672366,1,33.76713967,0.457071764,0.490003114
image_0844_png_jpg.rf.64362e1a511c069bd2444f7eded82210_rot-15.jpg,train,over-arch,0.68246764,1,33.4243463,0.463992259,0.491570887
image_0953_png_jpg.rf.a2fe9180fee3542b457eb799328b29bf.jpg,train,over-arch,0.6844414,1,32.6949139,0.52865543,0.49493264
image_0946_png_jpg.rf.baa3c0be098f216455b416f6b7c10870_rot-15.jpg,train,over-arch,0.668548,1,33.37651467,0.520319072,0.501832491
image_0079_png_jpg.rf.adc6550e46e6a4913e36cc2cadf52215_flip.jpg,train,over-arch,0.6762602,1,33.0078125,0.514151739,0.502193614
image_0183_jpg.rf.f6a4b5e72777eaf0d05a1585306e7c77_rot-15.jpg,train,over-arch,0.69144386,1,33.46819196,0.532338423,0.50078635
image_0290_jpg.rf.7445aeee9eb3c28b14f5115e9ec15ecf_rot-15.jpg,train,over-arch,0.69679636,1,34.25342793,0.469640292,0.490128304
image_0765_png_jpg.rf.fb6f5a2c8c861ddc84b77ede86066274_flip.jpg,train,over-arch,0.70848006,1,32.32820472,0.519295995,0.497668527
image_0723_png_jpg.rf.b1bb5a9e431a61f7cf2bf376761d7a7d_rot-15.jpg,train,over-arch,0.6985518,1,33.75518176,0.492905606,0.500948383
image_0103_png_jpg.rf.c6172429b42e0b8c0376b38480e801db_flip.jpg,train,over-arch,0.693674,1,32.07110969,0.526283931,0.497539007
image_0134_png_jpg.rf.dcc929ff66a267fa9b2004f466ca317c.jpg,train,over-arch,0.7066476,1,32.92610013,0.473409639,0.49807457
image_0067_png_jpg.rf.c507832ff106bfea67c1b2dd35f26af9.jpg,train,over-arch,0.67659616,1,32.04320791,0.507070992,0.504001725
image_0316_jpg.rf.2ada09b961c0f340a45279fed4a025d3.jpg,train,over-arch,0.6774548,1,32.50159439,0.53091185,0.496835524
image_0971_png_jpg.rf.0e55603b0fa37a961fdf26c3fa90a0b3_rot-15.jpg,train,over-arch,0.6903178,1,34.31122449,0.47295343,0.494725122
image_0835_png_jpg.rf.38f298ab134d8eb93e5595a5ac49b28c_rot-15.jpg,train,over-arch,0.7270254,1,34.29528061,0.479846761,0.493394744
image_0145_png_jpg.rf.8fedccfa7ee3a69c5cdc1a09ff8b3374_flip.jpg,train,over-arch,0.7139794,1,33.01777742,0.515394137,0.499301021
image_0085_png_jpg.rf.8266bbd511cce596dca428064b92eb36_rot-15.jpg,train,over-arch,0.6527659,1,33.75916773,0.47651893,0.49375
image_0235_jpg.rf.9d5437e089b2740f9b5ab0f458420b39.jpg,train,over-arch,0.6664867,1,32.5912787,0.462419313,0.497436217
image_0116_png_jpg.rf.45d690c7d5cd3dca9a8ad0bd92ed1bf8.jpg,train,over-arch,0.72670573,1,33.01379145,0.489231748,0.501889007
image_0235_jpg.rf.9d5437e089b2740f9b5ab0f458420b39_rot-15.jpg,train,over-arch,0.660306,1,33.65553253,0.459891127,0.486103188
image_0918_png_jpg.rf.af7c8b6237dc4fb1a18987731eb9fc93_rot-15.jpg,train,over-arch,0.6848421,1,33.92657844,0.513142833,0.500751784
image_0105_png_jpg.rf.e137f84ef8686cbd8377f3b2ecdec5b6.jpg,train,over-arch,0.7158032,1,33.03571429,0.485375388,0.500182253
image_0113_png_jpg.rf.d883b376c01cb6f1fb9523cda44f0d1b.jpg,train,over-arch,0.69469553,1,33.03571429,0.472312531,0.502942991
image_0749_png_jpg.rf.fc26823f9610991b84083c1eba56c116.jpg,train,over-arch,0.6710801,1,31.96946747,0.466912295,0.493067654
image_0844_png_jpg.rf.64362e1a511c069bd2444f7eded82210.jpg,train,over-arch,0.6903546,1,32.33219069,0.46611423,0.501454017
image_0299_png_jpg.rf.aa1f1cc6a96906f27ad3c3bcf1b79233.jpg,train,over-arch,0.74389035,1,32.97393176,0.481250124,0.497730701
image_0413_png_jpg.rf.756a573298e9d62d1f623cfd75ca5449_rot-15.jpg,train,over-arch,0.70155334,1,34.22552615,0.488554142,0.497381367
image_0057_png_jpg.rf.89fa067a740ea7b85fa2c30581f80083.jpg,train,over-arch,0.7137863,1,33.01777742,0.480149917,0.499273437
image_0918_png_jpg.rf.c8e211c64c84bdf3c8948f648c8fddb1_rot-15.jpg,train,over-arch,0.7068838,1,34.33912628,0.472196749,0.495848826
image_0044_png_jpg.rf.98cf8c8c3c32cda58077af5344f257ee_rot-15.jpg,train,over-arch,0.6692108,1,33.21109694,0.517132253,0.504089826
image_0630_png_jpg.rf.8edee498b8e9b719e4f935f60b50278c.jpg,train,over-arch,0.69797075,1,32.9161352,0.515367684,0.498913317
image_0855_png_jpg.rf.578788f6395d72a82ce9235f4feb7a70.jpg,train,over-arch,0.6658528,1,32.62316645,0.507262224,0.501839298
image_0749_png_jpg.rf.5ea466878652bd789ba4def75e8c0d9a_flip.jpg,train,over-arch,0.642617,1,31.02479273,0.495281258,0.50059226
image_0152_png_jpg.rf.553d014f39037ca15e1abf078c858b78_rot-15.jpg,train,over-arch,0.7177232,1,34.25542092,0.48775464,0.496135613
image_0834_png_jpg.rf.559cd8f86270b4a4b34ffd11741616c2.jpg,train,over-arch,0.6706329,1,32.21261161,0.482680886,0.506057501
image_0298_png_jpg.rf.1b0bd55e38c41b04b7e186d8e9f18962_rot-15.jpg,train,over-arch,0.7208782,1,34.34311224,0.485148281,0.498927333
image_0189_jpg.rf.467171e0b7facc7c93612c146ab7516a.jpg,train,over-arch,0.6994389,1,33.01977041,0.469281884,0.505622587
image_0948_png_jpg.rf.440aaeacb4f48861ce86f74089c6d376.jpg,train,over-arch,0.68660176,1,32.35610651,0.530223883,0.496157431
image_0127_png_jpg.rf.561c9a8432d75c8022e52515d7428dd0_rot-15.jpg,train,over-arch,0.68850756,1,33.92458546,0.521934094,0.505196845
image_0114_png_jpg.rf.dcc39478edda757fecf68a65b462471b_flip.jpg,train,over-arch,0.6949871,1,32.14684311,0.534744914,0.493850661
image_0344_jpg.rf.883484f056dd0d9fcd2fa72ec4e5dc64_rot-15.jpg,train,over-arch,0.6604283,1,33.10347577,0.520408373,0.502929499
image_0114_png_jpg.rf.dcc39478edda757fecf68a65b462471b_rot-15.jpg,train,over-arch,0.6838597,1,33.24896365,0.456608226,0.480187222
image_0412_png_jpg.rf.3ca9d0f9fcdd2121e664bd19bb783814.jpg,train,over-arch,0.6807665,1,32.84438776,0.51352351,0.49833948
image_0234_jpg.rf.a4368b56d6fabec03b9769ad802da937_flip.jpg,train,over-arch,0.69362485,1,33.03571429,0.516196083,0.501793633
image_0729_png_jpg.rf.0378123d43194a173cddeb977e564637_flip.jpg,train,over-arch,0.69111615,1,32.42386798,0.497263928,0.499578529
image_0265_png_jpg.rf.4acb5b1a49cca10da944e516c51e50db_rot-15.jpg,train,over-arch,0.6957811,1,33.72130102,0.476131634,0.491301273
image_0085_png_jpg.rf.af7dcc5937c8a752e7580de6bd1daf60_flip.jpg,train,over-arch,0.64897585,1,32.24449936,0.520584693,0.496630292
image_0602_png_jpg.rf.00e3a9413015d7c25cc8c788d4ed6813_flip.jpg,train,over-arch,0.6733382,1,32.98588967,0.518603765,0.500632431
image_0302_jpg.rf.b5ae47dbd3551a4ddeaf0878f1bead89.jpg,train,over-arch,0.6615662,1,32.93207908,0.477783796,0.500774
image_0594_png_jpg.rf.c86432da779ce525ce062da22fc88786.jpg,train,over-arch,0.6845206,1,32.95998087,0.486227717,0.500497857
image_0375_png_jpg.rf.bf0f3ae9d8d8d3da986e20f35e5d7880_rot-15.jpg,train,over-arch,0.70304656,1,34.27933673,0.484354561,0.494847398
image_0120_png_jpg.rf.05080c494e373fb8521be095ba14c2dc.jpg,train,over-arch,0.6498846,1,32.33816964,0.497628279,0.496529922
image_0398_jpg.rf.303a9e7eb6ad6be729fc12ec26c8558a_flip.jpg,train,over-arch,0.6698287,1,32.27240115,0.524851845,0.498787012
image_0948_png_jpg.rf.859e310af043f1345e2dca029becd3b1.jpg,train,over-arch,0.7229838,1,32.96795281,0.480133376,0.49965266
image_0808_png_jpg.rf.52cec1ba38bcc9ec6ad4f64c74a68d70_flip.jpg,train,over-arch,0.7154415,1,33.03571429,0.51945922,0.502418515
image_0153_jpg.rf.d94bd9c2f1631f6289ad450156df835d_flip.jpg,train,over-arch,0.7145334,1,33.03571429,0.518151478,0.503881687
image_0557_png_jpg.rf.56ac7ca031087709afb2042ab7256416_flip.jpg,train,over-arch,0.70999163,1,32.88225446,0.509540042,0.501326967
image_0070_png_jpg.rf.c305ddd5baf935f4b596e61fcb24f8d8_flip.jpg,train,over-arch,0.7242308,1,31.89971301,0.527928323,0.492074781
image_0057_png_jpg.rf.581186f34a06b1d7f019cb497b2fe4b5.jpg,train,over-arch,0.70929587,1,32.97791773,0.517600068,0.500497627
image_0023_png_jpg.rf.e8f6829334c7aae1540549d8fe89b3f5_rot-15.jpg,train,over-arch,0.7315984,1,33.7890625,0.494931583,0.502806515
image_0131_png_jpg.rf.25d6ca86663a844a218d884ada500015_rot-15.jpg,train,over-arch,0.6753403,1,33.71930804,0.494433408,0.499150561
image_0044_png_jpg.rf.abe7a997aae22c1d583d95ed74b959bd_flip.jpg,train,over-arch,0.69619536,1,32.92012117,0.512285174,0.501115885
image_0570_png_jpg.rf.7d028c9779ff8d0aef49c12a7b0a7e0d_rot-15.jpg,train,over-arch,0.6488965,1,33.19116709,0.504732887,0.503744429
image_0299_png_jpg.rf.25046fdf0683529caa37f4edce57ff72_rot-15.jpg,train,over-arch,0.71727884,1,33.66549745,0.499990533,0.502494377
image_0301_jpg.rf.1a269d31646a15a993c68fff00a0bb44.jpg,train,over-arch,0.6444949,1,31.87181122,0.493019617,0.508634959
image_0918_png_jpg.rf.c8e211c64c84bdf3c8948f648c8fddb1.jpg,train,over-arch,0.7129609,1,33.03571429,0.470325771,0.503229272
image_0851_png_jpg.rf.f5b6e843881fdd3be86e4e4e3ab880fb_flip.jpg,train,over-arch,0.67809105,1,31.71037946,0.468171058,0.498287452
image_0927_png_jpg.rf.add75ad2e2df52c6128e5a7143070a29_rot-15.jpg,train,over-arch,0.696727,1,34.19563138,0.488663083,0.49754315
image_0819_png_jpg.rf.f3b1a198eee3487a3c22af1240118c36_flip.jpg,train,over-arch,0.69105554,1,32.46572066,0.503825787,0.499863228
image_0070_png_jpg.rf.4d1fbcc78e35ce5337c42e8281572c7e_flip.jpg,train,over-arch,0.68862253,1,32.91414222,0.511890146,0.502190213
image_0256_jpg.rf.cf2ec3487983faa241f3b6ae990ebe64_flip.jpg,train,over-arch,0.68526894,1,32.87029656,0.521511329,0.500489877
image_0521_png_jpg.rf.565bef6f250b5c4cb4ad6664111913c0.jpg,train,over-arch,0.697247,1,32.02726403,0.492981926,0.501709313
image_0431_png_jpg.rf.1889b37773a8b3b7c2d440b8596900d0_rot-15.jpg,train,over-arch,0.6759575,1,34.19961735,0.493389637,0.496551088
image_0006_png_jpg.rf.5dcfd2ffefa7c07baee376ec280198e9_rot-15.jpg,train,over-arch,0.6696794,1,34.2315051,0.48726118,0.496727722
image_0114_png_jpg.rf.a69b4c2afec57734b8f2704c77f17de0.jpg,train,over-arch,0.6969254,1,32.45376276,0.462082978,0.502765327
image_0043_png_jpg.rf.dd8048c54702ae432c80d4a3ba74f1a0.jpg,train,over-arch,0.65902114,1,32.67498406,0.514978374,0.50135984
image_0769_png_jpg.rf.2234e08724f336fdd162b52408b890da_flip.jpg,train,over-arch,0.7016494,1,32.95798788,0.51987909,0.498277482
image_0844_png_jpg.rf.fdf7843d1cbd616adf6714b0efd91950.jpg,train,over-arch,0.71819973,1,33.00980548,0.480906723,0.500928683
image_0132_png_jpg.rf.1f2bcd7f6e7bffde604758c85755cc24.jpg,train,over-arch,0.6673128,1,32.86830357,0.519019893,0.501965706
image_0255_jpg.rf.119d1a47de1b0724353d607c8a748094_rot-15.jpg,train,over-arch,0.6644412,1,33.71332908,0.484944555,0.496308382
image_0038_png_jpg.rf.b3499e6ad91bd995648acc13f291fbee_flip.jpg,train,over-arch,0.66646624,1,32.1348852,0.510052239,0.495037622
image_0412_png_jpg.rf.1d4eb45a1a794a6e9ee3957d24233e4e.jpg,train,over-arch,0.6909252,1,32.99984056,0.485705123,0.500356774
image_0055_png_jpg.rf.8d0813573bcd4ff9393156d1dd855672_flip.jpg,train,over-arch,0.7026172,1,32.38002232,0.516835805,0.498680315
image_0949_png_jpg.rf.3de676a9bd46a96454028cfae1f6d5a6_flip.jpg,train,over-arch,0.67608297,1,32.99585459,0.520541911,0.500381566
image_0289_jpg.rf.aea7d7e7b5d7f58903795df6585f0c96_flip.jpg,train,over-arch,0.6979458,1,32.41988202,0.538042081,0.501608961
image_0043_png_jpg.rf.8777a9ec9bee10852ceae6420f5e6d1e.jpg,train,over-arch,0.6703535,1,32.14285714,0.488881435,0.501175103
image_0421_jpg.rf.78e2010e7e7b2df4f32a8bde611cdba8.jpg,train,over-arch,0.73354477,1,33.03571429,0.477621746,0.504440686
image_0953_png_jpg.rf.a2fe9180fee3542b457eb799328b29bf_flip.jpg,train,over-arch,0.6844375,1,32.6949139,0.466879056,0.494932294
image_0375_png_jpg.rf.bf0f3ae9d8d8d3da986e20f35e5d7880.jpg,train,over-arch,0.709054,1,32.96994579,0.482443126,0.498954804
image_0388_jpg.rf.e8a902f265cce7179a17231a52b44c0c.jpg,train,over-arch,0.67298454,1,32.88624043,0.478251988,0.500290836
image_0863_png_jpg.rf.3bc48834706b3285b513f4c4560812d8_rot-15.jpg,train,over-arch,0.6670811,1,33.45822704,0.491028719,0.497396001
image_0047_png_jpg.rf.9782295892afcfa4410d2cb497a56a20_rot-15.jpg,train,over-arch,0.6527218,1,32.89620536,0.5386919,0.508238915
image_0145_png_jpg.rf.375449e0173768d2a998d2dd54a080e1.jpg,train,over-arch,0.68951446,1,32.49162946,0.49737082,0.498911651
image_0345_jpg.rf.a5dd0328328363c9a31ae23bb0e8a8f4.jpg,train,over-arch,0.662144,1,32.00932717,0.494539492,0.498856905
image_0152_png_jpg.rf.553d014f39037ca15e1abf078c858b78_flip.jpg,train,over-arch,0.7235021,1,32.94802296,0.50939702,0.499328363
image_0013_png_jpg.rf.2ab1836ccd456a6f8549e3dff51d478a.jpg,train,over-arch,0.6777827,1,32.98588967,0.479728282,0.501723967
image_0129_png_jpg.rf.f03380b58c5e5ebb78c2ed698a039700.jpg,train,over-arch,0.7249536,1,33.03571429,0.481600782,0.50157664
image_0204_jpg.rf.3a7b77c2454a4cc60f839002e59e5d25_rot-15.jpg,train,over-arch,0.70097786,1,33.98636798,0.506998818,0.505556571
image_0067_png_jpg.rf.bb8794be74507429f4bd5a9f1bd58afe_flip.jpg,train,over-arch,0.6638331,1,32.1747449,0.491690228,0.503281572
image_0088_png_jpg.rf.c22d3d0aedf28775159eeced7c98b250.jpg,train,over-arch,0.68313855,1,32.01729911,0.535808767,0.500428274
image_0359_jpg.rf.6344d43811d6a690e99999388ee83fd7_flip.jpg,train,over-arch,0.6998599,1,33.03571429,0.51762778,0.50176653
image_0248_png_jpg.rf.163d9293804ebc686b45cdfed2f7cf35_rot-15.jpg,train,over-arch,0.68375576,1,33.8667889,0.48686448,0.499020457
image_0359_png_jpg.rf.0f69c900fc441916da867fc22df7d4c3.jpg,train,over-arch,0.6998549,1,32.94602997,0.47918027,0.499159223
image_0153_jpg.rf.cd0e490ff70147733c6f5bf96790df7f.jpg,train,over-arch,0.7016328,1,32.45376276,0.477388268,0.504480463
image_0163_png_jpg.rf.392ef1b66498b64a61c4edca9b33cd6a_flip.jpg,train,over-arch,0.71090263,1,33.03571429,0.521150309,0.501432351
image_0017_png_jpg.rf.1c9e621b817c799e17301cd0c8f1e331_rot-15.jpg,train,over-arch,0.68527395,1,34.28132972,0.493542747,0.49801884
image_0834_png_jpg.rf.86991feec9429e2d6a5fa10eaad92852_flip.jpg,train,over-arch,0.67477113,1,32.47767857,0.529675756,0.505848636
image_0304_jpg.rf.5a94b451952c0f36a46d9b7bb404a46e_flip.jpg,train,over-arch,0.6529734,1,32.38600128,0.506745194,0.49708067
image_0038_png_jpg.rf.051f42757b17e81435a4932660a06a82_rot-15.jpg,train,over-arch,0.6959281,1,34.20161033,0.480489963,0.494168996
image_0695_png_jpg.rf.16ac38c33e92a932ccee96443e2807d6.jpg,train,over-arch,0.71193254,1,32.95400191,0.483680501,0.499841444
image_0964_png_jpg.rf.2d2a4e8d2dccf2ee248255e9d5f68045.jpg,train,over-arch,0.6822531,1,32.96197385,0.489369505,0.501574482
image_0003_png_jpg.rf.74da035c3027ab3d82f9614eb568c462.jpg,train,over-arch,0.69088393,1,33.00980548,0.471698487,0.501440872
image_0248_png_jpg.rf.7096cb89a738f0cbcf95840c3a7c8ba5_rot-15.jpg,train,over-arch,0.68674403,1,33.72329401,0.474333554,0.489453263
image_0376_png_jpg.rf.7b483b06e4d1a5ef64f1e6ba2801bac4_flip.jpg,train,over-arch,0.7151827,1,32.93805804,0.472266767,0.498778214
image_0819_png_jpg.rf.f3b1a198eee3487a3c22af1240118c36.jpg,train,over-arch,0.69105786,1,32.46572066,0.491709915,0.499863693
image_0014_png_jpg.rf.5bcb21e77bfd688351ba583b7e97708c.jpg,train,over-arch,0.66219723,1,32.6430963,0.499900408,0.501761702
image_0001_png_jpg.rf.0dd6ede8cb5a576defa664359ff42c2f_flip.jpg,train,over-arch,0.6606714,1,31.65058992,0.522708877,0.497840089
image_0010_png_jpg.rf.78d4289617a36e3bf02bb47d12ce7b70_rot-15.jpg,train,over-arch,0.7260223,1,34.35307717,0.477397189,0.494760231
image_0075_png_jpg.rf.0b30afe913c424a9977ecc3c3f1e1e9b.jpg,train,over-arch,0.73630947,1,32.57334184,0.525296557,0.496308757
image_0067_png_jpg.rf.53494e71c43c15446309466ae1e4fa32_flip.jpg,train,over-arch,0.7051225,1,33.03571429,0.518645442,0.500582287
image_0075_png_jpg.rf.0b30afe913c424a9977ecc3c3f1e1e9b_flip.jpg,train,over-arch,0.7362269,1,32.57134885,0.470239445,0.496308439
image_0964_png_jpg.rf.2d2a4e8d2dccf2ee248255e9d5f68045_flip.jpg,train,over-arch,0.682139,1,32.96197385,0.506164826,0.501574359
image_0946_png_jpg.rf.de12a65a7e4ea93730bb37956084cc77_flip.jpg,train,over-arch,0.69616,1,32.98588967,0.511386455,0.503742656
image_0357_jpg.rf.c64b1f7229c970659b165df38a80fea1_flip.jpg,train,over-arch,0.7080586,1,33.03571429,0.517368429,0.502804026
image_0086_png_jpg.rf.8fc69a1d5131de1c9ff87444ab489e5b_flip.jpg,train,over-arch,0.6840221,1,32.68096301,0.468778904,0.497818077
image_0290_png_jpg.rf.53410782ee7e9f457052a4972f067777_rot-15.jpg,train,over-arch,0.6772917,1,32.92610013,0.525886912,0.503110937
image_0291_jpg.rf.1be19e25a409bb7d6eb066a6404f5031.jpg,train,over-arch,0.675982,1,32.88823342,0.519960153,0.499684655
image_0921_png_jpg.rf.e66c630087e64fcd6c64cb55f0ef20f5_flip.jpg,train,over-arch,0.68981224,1,32.421875,0.485328463,0.50319086
image_0132_png_jpg.rf.c9a609f4b5c63c85b901e7404a05518e.jpg,train,over-arch,0.671123,1,32.92610013,0.478462541,0.497824169
image_0195_jpg.rf.b5525fee23c66465ef73432235c66aa5_rot-15.jpg,train,over-arch,0.6603176,1,33.41039541,0.495220114,0.498659072
image_0421_jpg.rf.20faf0baf83be50e8813f7910cb329ee_flip.jpg,train,over-arch,0.7047088,1,32.59725765,0.492243734,0.498756588
image_0135_png_jpg.rf.748be7aa057ec6782c09716af027f67a.jpg,train,over-arch,0.71222013,1,32.40593112,0.484568853,0.496577887
image_0373_png_jpg.rf.2830c86c8493ad45ea712669e6b9883f_rot-15.jpg,train,over-arch,0.6879862,1,34.23947704,0.49692531,0.497915338
image_0114_png_jpg.rf.a69b4c2afec57734b8f2704c77f17de0_flip.jpg,train,over-arch,0.6968816,1,32.45376276,0.533452228,0.502765515
image_0699_png_jpg.rf.a612c682db3a09cf5fc3b7fed515775c_flip.jpg,train,over-arch,0.71591485,1,32.94204401,0.513959879,0.498587972
image_0003_png_jpg.rf.d3f3967fee6c13834dcbb7801d1b46c5_rot-15.jpg,train,over-arch,0.67684823,1,33.99433992,0.525509229,0.503599788
image_0464_png_jpg.rf.d87e1627648276efc048a592e1fd66d1_rot-15.jpg,train,over-arch,0.7104988,1,34.2972736,0.487283058,0.499914586
image_0945_png_jpg.rf.49ff0b5793c4172a5e8784e18e913914_flip.jpg,train,over-arch,0.72013384,1,32.97592474,0.504468977,0.499668991
image_0017_png_jpg.rf.97c9fdc5e814d59f52774fc1535c9fe3_flip.jpg,train,over-arch,0.66829497,1,33.01179847,0.508816714,0.503075126
image_0411_jpg.rf.dfa4a259204e53142e7694f3f4fac203_flip.jpg,train,over-arch,0.726276,1,32.81050702,0.518411417,0.505787942
image_0057_png_jpg.rf.9a6fd0a8430bbef88ad04cd1f0f1da4d_flip.jpg,train,over-arch,0.6866132,1,32.38201531,0.506933747,0.502556849
image_0357_jpg.rf.9f31df19fd6548146643b738f11e489d_flip.jpg,train,over-arch,0.693667,1,32.74473852,0.477316561,0.498082063
image_0001_png_jpg.rf.eba8c6ed18b9f587918b8f1de032195e_flip.jpg,train,over-arch,0.69503456,1,33.00581952,0.516644639,0.500234238
image_0898_png_jpg.rf.05d870ba2f9d28f041cfd4690a854a83_flip.jpg,train,over-arch,0.65885985,1,31.85188138,0.518220172,0.497266932
image_0851_png_jpg.rf.f50e76dc7cda7f735558e3466e7d58fa_flip.jpg,train,over-arch,0.68059754,1,32.40393814,0.525757065,0.50149656
image_0007_png_jpg.rf.80f858f8ea2f4160230bd468d39e839b.jpg,train,over-arch,0.63440233,1,32.07310268,0.503051461,0.503501469
image_0289_jpg.rf.1839eabc3882f0b2c35436626788d83c_rot-15.jpg,train,over-arch,0.70504135,1,34.3231824,0.46798086,0.494004403
image_0845_png_jpg.rf.7972f165996b3fa05fb02d57ec86eae4_flip.jpg,train,over-arch,0.68867356,1,32.92610013,0.512609764,0.501003149
image_0844_png_jpg.rf.fdf7843d1cbd616adf6714b0efd91950_rot-15.jpg,train,over-arch,0.7122495,1,34.30125957,0.482541405,0.496338115
image_0345_png_jpg.rf.b7c44bc63c44b23d68ad394afc8842dd_rot-15.jpg,train,over-arch,0.6943405,1,34.28531569,0.479833285,0.493284741
image_0105_png_jpg.rf.ba400afde9e23bcf91d832245be88a58_rot-15.jpg,train,over-arch,0.6768139,1,34.26937181,0.486372316,0.496766278
image_0193_png_jpg.rf.9ac4116642b29adaeda3766bc8c8f96e_flip.jpg,train,over-arch,0.70638484,1,33.01777742,0.506342129,0.50150014
image_0085_png_jpg.rf.a70250b9e93c910dc3edbd24221a556d_rot-15.jpg,train,over-arch,0.6908899,1,34.33713329,0.472958475,0.495609318
image_0079_png_jpg.rf.e59e6d340e33b2aafbe7504c61f6e0ca_flip.jpg,train,over-arch,0.6556241,1,31.78611288,0.514009658,0.504464819
image_0086_png_jpg.rf.8fc69a1d5131de1c9ff87444ab489e5b.jpg,train,over-arch,0.6840212,1,32.68096301,0.526755021,0.497818128
image_0521_png_jpg.rf.68732b57e99efdb3d8d828d51e974e34.jpg,train,over-arch,0.72611266,1,32.94602997,0.482733745,0.498796481
image_0892_png_jpg.rf.0643f61fefe24e54d146dc7b38e93dfb_flip.jpg,train,over-arch,0.67087096,1,32.45575574,0.501199349,0.50406967
image_0057_png_jpg.rf.9a6fd0a8430bbef88ad04cd1f0f1da4d_rot-15.jpg,train,over-arch,0.6859367,1,33.63161671,0.489336034,0.499777976
image_0043_png_jpg.rf.9e45b4822b97ffe0a51085eddf0966ce.jpg,train,over-arch,0.67517847,1,33.01578444,0.474945466,0.501277447
image_0255_png_jpg.rf.61629c8b4a94eda96cbd777bdc34c14e.jpg,train,over-arch,0.65771955,1,31.62468112,0.48476675,0.499168473
image_0151_png_jpg.rf.52d2cc3bf58dc2b9ab9a1fa48b6a20ae_rot-15.jpg,train,over-arch,0.6771265,1,32.70687181,0.502756209,0.506429226
image_0182_png_jpg.rf.97a7de49a332bb4e1ce6b65d4ab2a1f7.jpg,train,over-arch,0.65309554,1,31.49115115,0.510087166,0.504536813
image_0183_jpg.rf.a0225c9db224898fc5b0abd9b799ee47.jpg,train,over-arch,0.6887,1,32.46372768,0.478516765,0.507667935
image_0542_png_jpg.rf.c0b619c7b58e5966985ffa55b6512360_flip.jpg,train,over-arch,0.67563653,1,33.00382653,0.514125128,0.501969991
image_0946_png_jpg.rf.db02921fc9b0ca9a0ae51df4b36462d7.jpg,train,over-arch,0.6779655,1,32.58729273,0.510088354,0.499167056
image_0029_png_jpg.rf.cd8b7fba6e14f084c6c4fffc8752c21d.jpg,train,over-arch,0.68869436,1,33.03571429,0.481590928,0.501684048
image_0001_png_jpg.rf.0dd6ede8cb5a576defa664359ff42c2f.jpg,train,over-arch,0.6607864,1,31.65457589,0.472827362,0.497839771
image_0145_png_jpg.rf.8fedccfa7ee3a69c5cdc1a09ff8b3374.jpg,train,over-arch,0.71398014,1,33.01777742,0.480140763,0.499301
image_0462_png_jpg.rf.1abbb3715c99565e4c4cef5f9af72326.jpg,train,over-arch,0.7369125,1,33.03571429,0.49009474,0.50308074
image_0465_png_jpg.rf.27e4f0432ce939bb449d61df28d4aeb4_flip.jpg,train,over-arch,0.7154649,1,32.89221939,0.511312274,0.499703165
image_0298_jpg.rf.8b347af643a3bb0805735c51f976fbb6.jpg,train,over-arch,0.64470077,1,31.64660395,0.542014562,0.497854495
image_0768_png_jpg.rf.d55d1142aff6ed865c70701f24fdf990_flip.jpg,train,over-arch,0.7115124,1,33.03571429,0.515112714,0.50134072
image_0413_png_jpg.rf.c8ffee24ab92c49cd6e7816a26558173.jpg,train,over-arch,0.6914995,1,32.36208546,0.477722919,0.500081157
image_0129_png_jpg.rf.641d8731eae9832ee16fb30653e44115.jpg,train,over-arch,0.6952163,1,31.97345344,0.503113631,0.508168336
image_0359_jpg.rf.6344d43811d6a690e99999388ee83fd7_rot-15.jpg,train,over-arch,0.6951727,1,34.34111926,0.47957398,0.496369607
image_0151_png_jpg.rf.89b44738714cbde2567d2618f7f91541_flip.jpg,train,over-arch,0.7144136,1,33.01578444,0.515298435,0.499351589
image_0244_jpg.rf.e859fb3af9050c2e2251dc70111f1612_rot-15.jpg,train,over-arch,0.66353756,1,33.84685906,0.487941491,0.502686476
image_0085_png_jpg.rf.da88ac17ccf6d7afcb22b9182ec6dbb3.jpg,train,over-arch,0.66907716,1,32.99984056,0.484094171,0.501386833
image_0200_jpg.rf.90b3aca288c643b66ec16df379f5897a.jpg,train,over-arch,0.7126925,1,33.01179847,0.480559308,0.499393714
image_0419_jpg.rf.9d1a83f0ea707997c655f81e62ea3fa6.jpg,train,over-arch,0.6931643,1,32.9300861,0.476496351,0.50237442
image_0475_png_jpg.rf.61f15390babe5440701f874a85624983_rot-15.jpg,train,over-arch,0.7103435,1,34.25342793,0.477124333,0.49357234
image_0037_png_jpg.rf.7ae66fe6182c36fe92b7fbfb341c4876_flip.jpg,train,over-arch,0.65928435,1,31.87779018,0.46700317,0.493641117
image_0329_jpg.rf.2958724f8f8794e6d4dcdd011263155f.jpg,train,over-arch,0.68222374,1,33.01977041,0.486330782,0.503539926
image_0017_png_jpg.rf.97c9fdc5e814d59f52774fc1535c9fe3_rot-15.jpg,train,over-arch,0.66536605,1,34.28531569,0.487467638,0.499781259
image_0145_png_jpg.rf.375449e0173768d2a998d2dd54a080e1_flip.jpg,train,over-arch,0.6895143,1,32.49162946,0.498164171,0.498911616
image_0001_png_jpg.rf.b060224b056da2d912d12cc0303bd282_flip.jpg,train,over-arch,0.6799004,1,32.47967156,0.505899012,0.502900648
image_0182_jpg.rf.e456010a635c77d09d1728f2bc68f099.jpg,train,over-arch,0.69213796,1,32.35610651,0.514032411,0.496310485
image_0398_jpg.rf.303a9e7eb6ad6be729fc12ec26c8558a.jpg,train,over-arch,0.669717,1,32.27240115,0.470683086,0.498786605
image_0204_jpg.rf.28c0b3431f62ef785e061094bd9800de.jpg,train,over-arch,0.72576034,1,32.96994579,0.478958393,0.497608929
image_0005_png_jpg.rf.2496437e05f009d4f1064dffd8178472.jpg,train,over-arch,0.66846925,1,32.95798788,0.482408358,0.49996847
image_0462_png_jpg.rf.4eca080b5e966b1aa96b3389eaa09a47_rot-15.jpg,train,over-arch,0.70989597,1,33.85283801,0.487434409,0.497383627
image_0213_jpg.rf.15a4a3953d583cced6f4bff49db86213_rot-15.jpg,train,over-arch,0.69566065,1,34.28730867,0.494502924,0.501268869
image_0484_png_jpg.rf.8fdc968cc6af59cc2e8807f9da20620a_rot-15.jpg,train,over-arch,0.70726293,1,34.33912628,0.481311792,0.497060061
image_0947_png_jpg.rf.214af5bb319cea1e180969b7d3bddb0b.jpg,train,over-arch,0.706665,1,33.03571429,0.47997844,0.501271305
image_0043_png_jpg.rf.9e45b4822b97ffe0a51085eddf0966ce_rot-15.jpg,train,over-arch,0.6717473,1,34.27933673,0.47703846,0.495208633
image_0069_png_jpg.rf.8ac43a7bd9a5af7a3399948a698a51d7_rot-15.jpg,train,over-arch,0.67389554,1,33.27686543,0.522834047,0.501486354
image_0304_jpg.rf.05cbbb9cc0d87bec4e0da46ba14d8bc1_flip.jpg,train,over-arch,0.66158855,1,32.29631696,0.503529631,0.498078977
image_0664_png_jpg.rf.e0974fd20a3253eff11f7024cf492ea9_flip.jpg,train,over-arch,0.732628,1,33.00382653,0.512455969,0.499501121
image_0376_png_jpg.rf.ab960fa5a2c9015539a72e7d74618006_flip.jpg,train,over-arch,0.7252887,1,33.03571429,0.523656844,0.50233895
image_0196_jpg.rf.d66fbc8aaa0e8d64f0b3f6be03dfb5a0_rot-15.jpg,train,over-arch,0.70720434,1,34.19961735,0.479773195,0.494015721
image_0607_png_jpg.rf.bcb82d0570e7a506110e50c3f0bd2f81_rot-15.jpg,train,over-arch,0.6595869,1,33.66948342,0.48764716,0.496248921
image_0340_jpg.rf.d419722bf6c7fa8d72d4c64312a1dc90.jpg,train,over-arch,0.70646256,1,32.90617028,0.477891932,0.499443003
image_0377_jpg.rf.46a54a617653a975a2b9d5c524444604_rot-15.jpg,train,over-arch,0.68118274,1,33.5678412,0.467533022,0.495276911
image_0221_png_jpg.rf.c6330e86cc04072ce81f024761c5ee39.jpg,train,over-arch,0.66916424,1,32.71683673,0.501399581,0.501410414
image_0047_png_jpg.rf.9782295892afcfa4410d2cb497a56a20_flip.jpg,train,over-arch,0.6566093,1,31.58482143,0.454636473,0.497626719
image_0023_png_jpg.rf.e8f6829334c7aae1540549d8fe89b3f5_flip.jpg,train,over-arch,0.7357087,1,32.45376276,0.500376151,0.504101358
image_0358_jpg.rf.c66e1ba49f520af29429966b2d4f3096_rot-15.jpg,train,over-arch,0.6654666,1,33.55189732,0.524728941,0.507615275
image_0483_png_jpg.rf.fe24aa44f46f02ba2aa2593ebe09cda1_flip.jpg,train,over-arch,0.72205645,1,32.9300861,0.511438783,0.500304319
image_0819_png_jpg.rf.ade271e81a73ba3acdc16cd180b30585_flip.jpg,train,over-arch,0.7015578,1,32.62515944,0.532664015,0.498741194
image_0085_png_jpg.rf.22fd79143016655f0b1e55aabd467241_flip.jpg,train,over-arch,0.68496364,1,32.78260523,0.470729206,0.498604981
image_0311_jpg.rf.02d82eac0c3a8465863c4536778e8f2f_flip.jpg,train,over-arch,0.66293514,1,31.50310906,0.504670374,0.5027726
image_0945_png_jpg.rf.49ff0b5793c4172a5e8784e18e913914_rot-15.jpg,train,over-arch,0.7146945,1,34.2713648,0.492300956,0.497700651
image_0182_jpg.rf.4001639173c9a277d0b8c1009463a14a_rot-15.jpg,train,over-arch,0.70477897,1,34.1796875,0.48956097,0.497001277
image_0795_png_jpg.rf.593860f0dc592bbe9937c3d73fb55062_rot-15.jpg,train,over-arch,0.7217054,1,34.27335778,0.475431182,0.491431435
image_0304_jpg.rf.05cbbb9cc0d87bec4e0da46ba14d8bc1.jpg,train,over-arch,0.6616254,1,32.29631696,0.49200541,0.498079446
image_0945_png_jpg.rf.2ca2cff43e71235df895bfc31cd3c45e_rot-15.jpg,train,over-arch,0.69547313,1,33.67944834,0.508990852,0.499379567
image_0085_png_jpg.rf.a70250b9e93c910dc3edbd24221a556d.jpg,train,over-arch,0.69512844,1,33.03571429,0.470982852,0.502784605
image_0951_png_jpg.rf.0160c0be2b427c9bbb0fcc032b9ec8db.jpg,train,over-arch,0.70453185,1,32.98389668,0.477168901,0.503211861
image_0094_png_jpg.rf.fb49cb783fbc39e008a0a5a882dfb2e6.jpg,train,over-arch,0.683635,1,32.60124362,0.517736633,0.495358714
image_0650_png_jpg.rf.3cc8a8e5b0f3cb7bdf6c17db8aada338_rot-15.jpg,train,over-arch,0.67389345,1,33.203125,0.527978815,0.507248547
image_0699_png_jpg.rf.a612c682db3a09cf5fc3b7fed515775c.jpg,train,over-arch,0.71591705,1,32.94403699,0.481574959,0.498587922
image_0182_png_jpg.rf.97a7de49a332bb4e1ce6b65d4ab2a1f7_rot-15.jpg,train,over-arch,0.64634264,1,32.69889987,0.512424698,0.50804414
image_0129_png_jpg.rf.641d8731eae9832ee16fb30653e44115_flip.jpg,train,over-arch,0.69517803,1,31.97345344,0.492421532,0.508168308
image_0385_png_jpg.rf.392f57b4b156c2519b211dc72659da44.jpg,train,over-arch,0.722146,1,33.03571429,0.491550512,0.501395559
image_0043_png_jpg.rf.9e45b4822b97ffe0a51085eddf0966ce_flip.jpg,train,over-arch,0.6751046,1,33.01379145,0.52058827,0.501275919
image_0851_png_jpg.rf.f50e76dc7cda7f735558e3466e7d58fa_rot-15.jpg,train,over-arch,0.6763721,1,33.6973852,0.471623115,0.493850257
image_0290_png_jpg.rf.f6cefccee8cac0205bcdafb52237916d.jpg,train,over-arch,0.68744856,1,32.64708227,0.528178866,0.496756127
image_0342_jpg.rf.ddbec0f12784204d2f7d3873580e499e_rot-15.jpg,train,over-arch,0.66297364,1,34.18367347,0.477429138,0.493982031
image_0462_png_jpg.rf.4eca080b5e966b1aa96b3389eaa09a47_flip.jpg,train,over-arch,0.71582144,1,32.52949617,0.509443771,0.500658664
image_0331_jpg.rf.88e85f7338ba795e72af760bf6711f7b_rot-15.jpg,train,over-arch,0.68846756,1,33.80301339,0.480531196,0.49600928
image_0304_jpg.rf.c27df58762ee7e0b14861fc235ffae26_flip.jpg,train,over-arch,0.6688843,1,32.90617028,0.508959265,0.498853315
image_0816_png_jpg.rf.0df934cb79287bd183082d71d1a1e26b_flip.jpg,train,over-arch,0.72531027,1,32.39995217,0.467340617,0.498597784
image_0182_jpg.rf.4001639173c9a277d0b8c1009463a14a.jpg,train,over-arch,0.7085019,1,32.87826849,0.488205002,0.499713324
image_0396_jpg.rf.780796c8eda02157646a1d37c7f1f1cf_flip.jpg,train,over-arch,0.6899927,1,32.82445791,0.502581957,0.500669354
image_0342_jpg.rf.7297e14dc926d92fc3de26622c08355a_flip.jpg,train,over-arch,0.6462241,1,32.08904656,0.475644209,0.503097397
image_0151_png_jpg.rf.bb6e48e6b26600fbd2cdd4d8a4835eb0_rot-15.jpg,train,over-arch,0.67594206,1,32.95200893,0.509242741,0.510932981
image_0265_png_jpg.rf.93381880421801f9d27b11af27bde04c.jpg,train,over-arch,0.719193,1,33.03571429,0.485980282,0.50193702
image_0113_png_jpg.rf.6e062a1b47bf89f54e93b85b4b6ce87a.jpg,train,over-arch,0.66615057,1,32.03125,0.537359357,0.494848896
image_0255_jpg.rf.119d1a47de1b0724353d607c8a748094.jpg,train,over-arch,0.66795975,1,32.40593112,0.483222202,0.500247792
image_0339_jpg.rf.7cc4510310b4f350020305313daa064c_rot-15.jpg,train,over-arch,0.67542887,1,33.60172194,0.519114842,0.499810947
image_0413_png_jpg.rf.7db4114a338fd9349471921aaf2f6ae3_flip.jpg,train,over-arch,0.680006,1,31.68646365,0.51818993,0.495636592
image_0114_png_jpg.rf.d54a9c9b5688297bbf9fd25afb7614f6_rot-15.jpg,train,over-arch,0.7148696,1,34.26737883,0.482694674,0.495384991
image_0483_png_jpg.rf.fe24aa44f46f02ba2aa2593ebe09cda1.jpg,train,over-arch,0.72205734,1,32.9300861,0.484097182,0.500304253
image_0630_png_jpg.rf.8edee498b8e9b719e4f935f60b50278c_flip.jpg,train,over-arch,0.698012,1,32.9161352,0.480168762,0.498913075
image_0650_png_jpg.rf.f77b785b09be2a8a67cf3653b32a7ba2_rot-15.jpg,train,over-arch,0.69361895,1,33.90266263,0.476629153,0.49381112
image_0398_jpg.rf.8e00941bcc3a3b784e232444597e0ad6_rot-15.jpg,train,over-arch,0.6834701,1,34.17769452,0.486289688,0.499257423
image_0748_png_jpg.rf.db253e0058959cf9e2fbaa9f8de9354f_flip.jpg,train,over-arch,0.70508534,1,32.4736926,0.524563874,0.501592929
image_0128_png_jpg.rf.bd9ef12084c12987f0ba147d32e26f9c.jpg,train,over-arch,0.693293,1,32.95998087,0.476413241,0.499361548
image_0289_jpg.rf.1839eabc3882f0b2c35436626788d83c_flip.jpg,train,over-arch,0.71043164,1,33.03571429,0.52990775,0.502518515
image_0329_jpg.rf.8ffd9ca27dfcf6a2e728b8676afbf956_rot-15.jpg,train,over-arch,0.6673295,1,33.81696429,0.491368225,0.504414919
image_0079_png_jpg.rf.e59e6d340e33b2aafbe7504c61f6e0ca.jpg,train,over-arch,0.65574133,1,31.78611288,0.481525965,0.504464082
image_0006_png_jpg.rf.5dcfd2ffefa7c07baee376ec280198e9_flip.jpg,train,over-arch,0.6725789,1,32.96396684,0.509100662,0.500204022
image_0866_png_jpg.rf.2fa0a0f20b65971d892f6d97b1bb8e54_flip.jpg,train,over-arch,0.69215417,1,33.00581952,0.505723134,0.502083875
image_0334_png_jpg.rf.60ee8b8a266ad6bf84e00bb779a3b6fb_flip.jpg,train,over-arch,0.68807876,1,32.44579082,0.523526794,0.501796573
image_0026_png_jpg.rf.a79e2378ba819ca0b9c0c99f36808cc0_flip.jpg,train,over-arch,0.7049275,1,32.92410714,0.514146401,0.499241878
image_0248_png_jpg.rf.7096cb89a738f0cbcf95840c3a7c8ba5.jpg,train,over-arch,0.68872935,1,32.42785395,0.471435411,0.496365405
image_0947_png_jpg.rf.214af5bb319cea1e180969b7d3bddb0b_flip.jpg,train,over-arch,0.70666456,1,33.03571429,0.515557023,0.501271214
image_0835_png_jpg.rf.1ddb15cb2494b972f8f1140c496c973c_flip.jpg,train,over-arch,0.7289331,1,32.94403699,0.475932962,0.501606571
image_0373_png_jpg.rf.2830c86c8493ad45ea712669e6b9883f.jpg,train,over-arch,0.6910171,1,32.95001594,0.4958237,0.498635118
image_0063_png_jpg.rf.c115c793254e23f1c1ef25eb678bed6a_flip.jpg,train,over-arch,0.68848413,1,31.91565689,0.535455296,0.499441886
image_0047_png_jpg.rf.41e7fef0cb379103401188d258fb8261_flip.jpg,train,over-arch,0.6656196,1,31.90369898,0.471502406,0.50076605
image_0349_jpg.rf.12fc38a3c0630d5d78494cd98a6657b9.jpg,train,over-arch,0.684135,1,33.01179847,0.476129708,0.501198731
image_0835_png_jpg.rf.4d6adac1a54e65e1fdd6d1a797ffe6e2_rot-15.jpg,train,over-arch,0.71483654,1,33.22106186,0.478339213,0.487767864
image_0837_png_jpg.rf.4b245367417869c0aa9d5620230d3c13_flip.jpg,train,over-arch,0.6860543,1,32.96994579,0.523377591,0.498940629
image_0749_png_jpg.rf.5ea466878652bd789ba4def75e8c0d9a_rot-15.jpg,train,over-arch,0.6425657,1,32.3959662,0.500878478,0.501021554
image_0771_png_jpg.rf.7413b789b323e4706f356a393ad14158_rot-15.jpg,train,over-arch,0.68375707,1,34.22353316,0.477983691,0.493753423
image_0457_png_jpg.rf.fa0f85b207b5c7992b932597c87781b1_flip.jpg,train,over-arch,0.67581487,1,32.02327806,0.502357842,0.498087037
image_0295_jpg.rf.492c688c6b689c1de74c7f976c5791cc_rot-15.jpg,train,over-arch,0.69156986,1,34.2972736,0.477570899,0.494907872
image_0094_png_jpg.rf.fb49cb783fbc39e008a0a5a882dfb2e6_rot-15.jpg,train,over-arch,0.68301255,1,33.71332908,0.517480779,0.500287
image_0412_jpg.rf.c3b1c1fcdf7f8f30b62efa81c00fee87_flip.jpg,train,over-arch,0.7247765,1,32.95400191,0.520232124,0.499065356
image_0359_jpg.rf.6344d43811d6a690e99999388ee83fd7.jpg,train,over-arch,0.69985676,1,33.03571429,0.477906348,0.501766431
image_0307_png_jpg.rf.f8baca5f5b0ab546d5100df1d572518b_flip.jpg,train,over-arch,0.74361026,1,32.96595982,0.507342518,0.497623009
image_0456_png_jpg.rf.1ea898095a162815beec1c0793d1318c_flip.jpg,train,over-arch,0.70493996,1,33.03571429,0.520479942,0.503459753
image_0945_png_jpg.rf.49ff0b5793c4172a5e8784e18e913914.jpg,train,over-arch,0.7201331,1,32.97592474,0.491066771,0.499669089
image_0003_png_jpg.rf.65c2d7e9ed12defdd81f68992145d6d7_rot-15.jpg,train,over-arch,0.7027838,1,33.94650829,0.537413824,0.50643609
image_0043_png_jpg.rf.8777a9ec9bee10852ceae6420f5e6d1e_rot-15.jpg,train,over-arch,0.6696481,1,33.36057079,0.49000457,0.498602258
image_0030_png_jpg.rf.56f4f273dbcb48621671895f87b052af_rot-15.jpg,train,over-arch,0.71188754,1,34.27535077,0.475869584,0.491933377
image_0765_png_jpg.rf.70795b7bb134c19f3efb679b4ef53332_flip.jpg,train,over-arch,0.71643937,1,32.9161352,0.52192019,0.498196702
image_0184_png_jpg.rf.bc34131faf4bac15a6dcbc8d26cbe896_flip.jpg,train,over-arch,0.6580957,1,32.9161352,0.502396047,0.50178839
image_0034_png_jpg.rf.84e9ff482fdf36bfef13ebe2a60b27b1_flip.jpg,train,over-arch,0.6571016,1,31.22807717,0.467459322,0.497516632
image_0345_jpg.rf.b0ac6a283a51dfb1fb33980008696e1f_flip.jpg,train,over-arch,0.7058734,1,33.01179847,0.514044218,0.502816583
image_0289_jpg.rf.aea7d7e7b5d7f58903795df6585f0c96_rot-15.jpg,train,over-arch,0.69302964,1,33.70735013,0.460722354,0.491156165
image_0816_png_jpg.rf.fe53857907c628700a9b8da69e490490.jpg,train,over-arch,0.755307,1,33.03571429,0.487551714,0.503002094
image_0248_png_jpg.rf.def901a54122784e4cd2c8c2380f0ddc.jpg,train,over-arch,0.7015563,1,32.92211416,0.477211865,0.499595553
image_0924_png_jpg.rf.b458c19e4a8819ee7723f767c0471cf8_rot-15.jpg,train,over-arch,0.70719916,1,34.31521046,0.482130087,0.494559433
image_0151_png_jpg.rf.bfbe3c839d751af22aaf35af67d13773.jpg,train,over-arch,0.70126015,1,32.96994579,0.484838407,0.501311688
image_0203_jpg.rf.49d3f8210e1f2042ecf2d21a83288822.jpg,train,over-arch,0.6783217,1,32.05915179,0.510243337,0.495954011
image_0105_png_jpg.rf.ba400afde9e23bcf91d832245be88a58.jpg,train,over-arch,0.680348,1,32.97592474,0.484781932,0.500319285
image_0183_jpg.rf.f6a4b5e72777eaf0d05a1585306e7c77_flip.jpg,train,over-arch,0.6947138,1,32.32222577,0.462908538,0.491861084
image_0182_jpg.rf.5ff0c8bc30bddef6d6d51bfd5c0773d0.jpg,train,over-arch,0.7017303,1,32.50956633,0.488099159,0.498144457
image_0358_png_jpg.rf.80c5b688f63cd3296eae0a3a9b48ce5b.jpg,train,over-arch,0.6824054,1,33.03571429,0.472429635,0.502043752
image_0446_png_jpg.rf.665ec95eb79a96c8733ce0b7b4df9b7b.jpg,train,over-arch,0.6675693,1,32.39397321,0.522537212,0.496159758
image_0124_png_jpg.rf.91d63a31a460bd514d1e42ad850f22cc_flip.jpg,train,over-arch,0.655572,1,32.14485013,0.535550697,0.499236439
image_0189_jpg.rf.467171e0b7facc7c93612c146ab7516a_rot-15.jpg,train,over-arch,0.69458413,1,34.31321747,0.470672106,0.497809518
image_0953_png_jpg.rf.9309f6309b16f9b4570f441a1dea576f_rot-15.jpg,train,over-arch,0.6977559,1,34.30723852,0.474522355,0.495245056
image_0749_png_jpg.rf.526ef95875065296f203cc0a23cf5f59_rot-15.jpg,train,over-arch,0.6850111,1,34.21954719,0.478965487,0.493369613
image_0232_png_jpg.rf.af03330909a30399359dc6427f15353e_flip.jpg,train,over-arch,0.6946982,1,32.88225446,0.514322424,0.500028787
image_0359_jpg.rf.ac88a1841e7bc8eaf146d6c3592ec99d.jpg,train,over-arch,0.685664,1,32.74473852,0.472236996,0.49866786
image_0047_png_jpg.rf.9782295892afcfa4410d2cb497a56a20.jpg,train,over-arch,0.6566843,1,31.58482143,0.54089725,0.497627078
image_0234_jpg.rf.94d8ce4e32da4da7b5641e93fdf5c9f8.jpg,train,over-arch,0.67672837,1,32.45176977,0.473124883,0.503726315
image_0396_png_jpg.rf.88928b95854cd626ea0f1099462d4a96.jpg,train,over-arch,0.6798342,1,32.27240115,0.483936885,0.502603351
image_0335_png_jpg.rf.b1095d0759d3c5ac4b0adc606c14e240_rot-15.jpg,train,over-arch,0.712577,1,34.26339286,0.479722858,0.494284396
image_0114_png_jpg.rf.a69b4c2afec57734b8f2704c77f17de0_rot-15.jpg,train,over-arch,0.69209075,1,33.76913265,0.464733052,0.493379084
image_0447_png_jpg.rf.84a4a6ada43ad7c73eaade42fe52a2e8_flip.jpg,train,over-arch,0.6909661,1,32.07110969,0.493013655,0.504627848
image_0736_png_jpg.rf.1dfa574d6ad2c25ca4c778345f976137_rot-15.jpg,train,over-arch,0.659027,1,32.74673151,0.534613283,0.507236864
image_0079_png_jpg.rf.3bfe8cac2f0c6e5e55baa188f686a2ab_rot-15.jpg,train,over-arch,0.657742,1,33.59773597,0.509734633,0.503668385
image_0748_png_jpg.rf.67eef5bc58b7a61f1046d63ce54612ef_rot-15.jpg,train,over-arch,0.6867987,1,33.20113202,0.46974702,0.49409552
image_0070_png_jpg.rf.c305ddd5baf935f4b596e61fcb24f8d8.jpg,train,over-arch,0.72431505,1,31.89772003,0.467607419,0.492075517
image_0132_png_jpg.rf.c9a609f4b5c63c85b901e7404a05518e_rot-15.jpg,train,over-arch,0.6685153,1,34.21954719,0.480653208,0.492656833
image_0945_png_jpg.rf.2ca2cff43e71235df895bfc31cd3c45e.jpg,train,over-arch,0.6998427,1,32.41191008,0.508682932,0.496725439
image_0049_png_jpg.rf.4baa9f06d584fa00ad8f3a14ac075f5c.jpg,train,over-arch,0.72350657,1,33.03571429,0.48270716,0.502184493
image_0023_png_jpg.rf.8f53470888c7b02f67bd0d37f157788a.jpg,train,over-arch,0.7349117,1,32.47967156,0.488825543,0.503747188
image_0007_png_jpg.rf.471c8047044dc1a935a244ef96868a1c_flip.jpg,train,over-arch,0.65090895,1,32.03324298,0.472045731,0.496879587
image_0953_png_jpg.rf.a2fe9180fee3542b457eb799328b29bf_rot-15.jpg,train,over-arch,0.68245167,1,33.87476084,0.527953048,0.502674038
image_0255_jpg.rf.bbaa2cd086c78a4e14be06a95806ba74_rot-15.jpg,train,over-arch,0.67597914,1,34.28531569,0.481965546,0.495575283
image_0889_png_jpg.rf.3256c9c8779cc2713e5b06f70fa440c8_flip.jpg,train,over-arch,0.70015574,1,32.31026786,0.521422055,0.497718138
image_0712_png_jpg.rf.efcf3669627e08720e6fdb4bd0ce44b5_flip.jpg,train,over-arch,0.64068353,1,31.8877551,0.509054107,0.503942831
image_0151_png_jpg.rf.bb6e48e6b26600fbd2cdd4d8a4835eb0.jpg,train,over-arch,0.67889243,1,31.8359375,0.512204045,0.508272751
image_0313_jpg.rf.6fa56c4564c267528923ed3abdf7b342.jpg,train,over-arch,0.6775215,1,32.43981186,0.481388741,0.502173703
image_0431_png_jpg.rf.1889b37773a8b3b7c2d440b8596900d0.jpg,train,over-arch,0.6783614,1,32.93407207,0.492403136,0.498321219
image_0398_jpg.rf.8d207c15ebe14744149a4807dc816c74_rot-15.jpg,train,over-arch,0.6725041,1,33.57581314,0.477915394,0.493626326
image_0342_jpg.rf.f0cc348bc0943e100ada0ef963cce359.jpg,train,over-arch,0.64273363,1,32.26642219,0.487682313,0.504311659
image_0457_png_jpg.rf.fa0f85b207b5c7992b932597c87781b1.jpg,train,over-arch,0.6758151,1,32.02327806,0.493177958,0.49808693
image_0392_png_jpg.rf.443581d780598682d9cb8bfe0eacf764_rot-15.jpg,train,over-arch,0.67411685,1,34.28531569,0.47478922,0.494663479
image_0413_png_jpg.rf.c8ffee24ab92c49cd6e7816a26558173_flip.jpg,train,over-arch,0.69150203,1,32.36208546,0.517812509,0.500080825
image_0398_jpg.rf.8e00941bcc3a3b784e232444597e0ad6_flip.jpg,train,over-arch,0.68574023,1,32.89421237,0.509843753,0.502899182
image_0023_png_jpg.rf.2365f42f794b458cfbf6cf6f0123e031_rot-15.jpg,train,over-arch,0.7512874,1,34.31919643,0.483931788,0.496090775
image_0422_jpg.rf.479f49a2a15829d8ed0420535da99b7f_flip.jpg,train,over-arch,0.7373603,1,32.95200893,0.51930489,0.498802183
image_0882_png_jpg.rf.a847cd05ed9bb14065b90c3f9770a67b.jpg,train,over-arch,0.66891813,1,31.93359375,0.509161441,0.505553728
image_0446_png_jpg.rf.665ec95eb79a96c8733ce0b7b4df9b7b_flip.jpg,train,over-arch,0.667607,1,32.39397321,0.472999155,0.496160052
image_0248_png_jpg.rf.163d9293804ebc686b45cdfed2f7cf35_flip.jpg,train,over-arch,0.68510973,1,32.58729273,0.508848181,0.502630316
image_0030_png_jpg.rf.f7268ce39ceea1c263dd3e9e617e1fc9_rot-15.jpg,train,over-arch,0.6896729,1,33.45822704,0.478151252,0.493749203
image_0044_png_jpg.rf.98cf8c8c3c32cda58077af5344f257ee.jpg,train,over-arch,0.67472345,1,31.86583227,0.517566788,0.499159145
image_0105_png_jpg.rf.b96cf8e096ebead9a845c3e87f37d3a4.jpg,train,over-arch,0.6793219,1,31.68845663,0.466295486,0.500112514
image_0602_png_jpg.rf.b4f37f70bb93306ce1f26c6119722919.jpg,train,over-arch,0.65912765,1,32.3301977,0.47939556,0.504882789
image_0225_png_jpg.rf.d298c44a6029a2e75b47c1b85e01ebdd.jpg,train,over-arch,0.72446626,1,33.00183355,0.476827379,0.502234877
image_0918_png_jpg.rf.af7c8b6237dc4fb1a18987731eb9fc93.jpg,train,over-arch,0.6950374,1,32.69292092,0.515883791,0.497014994
image_0896_png_jpg.rf.d98ed243b361273dddb975ee7b3b9a4a.jpg,train,over-arch,0.6697378,1,32.50956633,0.489949543,0.502304473
image_0446_png_jpg.rf.665ec95eb79a96c8733ce0b7b4df9b7b_rot-15.jpg,train,over-arch,0.66411895,1,33.68742028,0.522067012,0.502329723
image_0070_png_jpg.rf.1884402bf07daf6ce39119b3b3a5440e_flip.jpg,train,over-arch,0.67362076,1,32.35809949,0.508617783,0.50324772
image_0361_jpg.rf.03a5329bd6ac94dbfa023ffc5404fb69.jpg,train,over-arch,0.6672929,1,33.00183355,0.484619721,0.500178879
image_0164_png_jpg.rf.10c7c2c2992432f1835451b360b54dc0_rot-15.jpg,train,over-arch,0.64189404,1,32.2006537,0.517992273,0.504345767
image_0831_png_jpg.rf.1cd29fbf714a882809feb8f13211ed9e_flip.jpg,train,over-arch,0.6902628,1,31.80604273,0.525443625,0.499148968
image_0141_png_jpg.rf.5f886f27e85bccc7700986faf7ec6364_rot-15.jpg,train,over-arch,0.70732635,1,34.31521046,0.482129855,0.494577367
image_0899_png_jpg.rf.485c5cf8e1305e521584769cd0cb69bf_flip.jpg,train,over-arch,0.6683491,1,31.74824617,0.515594076,0.499534355
image_0398_jpg.rf.303a9e7eb6ad6be729fc12ec26c8558a_rot-15.jpg,train,over-arch,0.66360676,1,33.47018495,0.467990978,0.488857102
image_0835_png_jpg.rf.38f298ab134d8eb93e5595a5ac49b28c.jpg,train,over-arch,0.7340263,1,32.99386161,0.477601303,0.498716343
image_0650_png_jpg.rf.3cc8a8e5b0f3cb7bdf6c17db8aada338.jpg,train,over-arch,0.6815463,1,31.89572704,0.528514791,0.499421447
image_0345_jpg.rf.0d6bd2870dd2ce705d8674a0ab56fc11_rot-15.jpg,train,over-arch,0.6538589,1,32.57732781,0.487674551,0.496572204
image_0301_jpg.rf.c2db2b6165b9e7b4485d1f0c2a658bb5_rot-15.jpg,train,over-arch,0.6792512,1,34.32916135,0.476941735,0.496221184
image_0203_jpg.rf.49d3f8210e1f2042ecf2d21a83288822_flip.jpg,train,over-arch,0.67835915,1,32.05915179,0.485292353,0.495953792
image_0079_png_jpg.rf.3bfe8cac2f0c6e5e55baa188f686a2ab.jpg,train,over-arch,0.6584974,1,32.48365753,0.510812146,0.500832662
image_0130_png_jpg.rf.d701941df89a37bc735f3b0b69e73ebb.jpg,train,over-arch,0.6565291,1,31.85586735,0.482771828,0.493173992
image_0151_png_jpg.rf.52d2cc3bf58dc2b9ab9a1fa48b6a20ae_flip.jpg,train,over-arch,0.6785804,1,31.66254783,0.490742072,0.505470394
image_0026_png_jpg.rf.a79e2378ba819ca0b9c0c99f36808cc0_rot-15.jpg,train,over-arch,0.7006202,1,34.17769452,0.482766472,0.494565409
image_0151_png_jpg.rf.89b44738714cbde2567d2618f7f91541_rot-15.jpg,train,over-arch,0.70822555,1,34.31720344,0.482327173,0.494710193
image_0088_png_jpg.rf.c22d3d0aedf28775159eeced7c98b250_flip.jpg,train,over-arch,0.68313193,1,32.01729911,0.459726085,0.500428022
image_0235_jpg.rf.36cbacea532e989a87e42f13454e993f_flip.jpg,train,over-arch,0.68193865,1,32.92809311,0.521331373,0.498799069
image_0204_jpg.rf.28c0b3431f62ef785e061094bd9800de_rot-15.jpg,train,over-arch,0.719959,1,34.26139987,0.48153809,0.492772512
image_0482_png_jpg.rf.3151ffe0b88b465e86348f55e15809f7_flip.jpg,train,over-arch,0.68517184,1,32.98389668,0.521803882,0.499734302
image_0065_png_jpg.rf.ac8a1c706a929bd95e42126a63b1db0f_rot-15.jpg,train,over-arch,0.67141676,1,33.52997449,0.522300194,0.507720732
image_0295_jpg.rf.dbb1f89d745af77f353a4a0246602e2c.jpg,train,over-arch,0.6755128,1,32.39995217,0.479369916,0.504465889
image_0384_png_jpg.rf.dfd02f956928b3f167ae022124835bdc_flip.jpg,train,over-arch,0.70541525,1,33.03571429,0.507521965,0.50064482
image_0412_jpg.rf.c3b1c1fcdf7f8f30b62efa81c00fee87_rot-15.jpg,train,over-arch,0.7190169,1,34.25542092,0.477696062,0.493166241
image_0334_png_jpg.rf.60ee8b8a266ad6bf84e00bb779a3b6fb_rot-15.jpg,train,over-arch,0.68324745,1,33.77511161,0.474169712,0.494951485
image_0314_jpg.rf.ec4c55a21cb66714b0d39cf8f8c8b276_rot-15.jpg,train,over-arch,0.70995617,1,34.2833227,0.481326748,0.4947931
image_0067_png_jpg.rf.bb8794be74507429f4bd5a9f1bd58afe_rot-15.jpg,train,over-arch,0.6626337,1,33.25892857,0.502474424,0.504165596
image_0375_png_jpg.rf.c7953525cfe9a7d5625de530d2ea9904.jpg,train,over-arch,0.6937991,1,32.3700574,0.478715478,0.499753897
image_0087_png_jpg.rf.e9d8c2561340658522a8e5cc837da8c6_flip.jpg,train,over-arch,0.6581762,1,32.29233099,0.50513038,0.504641008
image_0184_png_jpg.rf.bc34131faf4bac15a6dcbc8d26cbe896_rot-15.jpg,train,over-arch,0.6554785,1,34.20758929,0.493133825,0.499883533
image_0182_jpg.rf.5ff0c8bc30bddef6d6d51bfd5c0773d0_flip.jpg,train,over-arch,0.7017296,1,32.50956633,0.507435217,0.498145187
image_0812_png_jpg.rf.3abcc9cf92d0b13c48f6d0093d080b83_flip.jpg,train,over-arch,0.69717973,1,33.03571429,0.52092735,0.502626917
image_0038_png_jpg.rf.b3499e6ad91bd995648acc13f291fbee.jpg,train,over-arch,0.666507,1,32.13687819,0.485486216,0.495037096
image_0030_png_jpg.rf.12f132ba5e1e0e04ede0fe50bdd70115_flip.jpg,train,over-arch,0.71239156,1,32.48365753,0.522839814,0.500560286
image_0366_jpg.rf.d3c0c37fcd207777ce3bb0430728e2cc.jpg,train,over-arch,0.6823194,1,32.85634566,0.519902203,0.502241574
image_0047_png_jpg.rf.7eb7c23bc54842e88b15e676afcc4381_flip.jpg,train,over-arch,0.69809693,1,33.03571429,0.522697681,0.503759447
image_0607_png_jpg.rf.bcb82d0570e7a506110e50c3f0bd2f81_flip.jpg,train,over-arch,0.6607419,1,32.35809949,0.509459968,0.49947982
image_0105_png_jpg.rf.b96cf8e096ebead9a845c3e87f37d3a4_rot-15.jpg,train,over-arch,0.6724458,1,33.01777742,0.466767696,0.490753698
image_0070_png_jpg.rf.c305ddd5baf935f4b596e61fcb24f8d8_rot-15.jpg,train,over-arch,0.7218144,1,33.20113202,0.472499205,0.484887097
image_0182_jpg.rf.e456010a635c77d09d1728f2bc68f099_rot-15.jpg,train,over-arch,0.6896151,1,33.4761639,0.513994291,0.500309182
image_0038_png_jpg.rf.b3499e6ad91bd995648acc13f291fbee_rot-15.jpg,train,over-arch,0.6630364,1,33.20910395,0.491377199,0.492833527
image_0113_png_jpg.rf.6e062a1b47bf89f54e93b85b4b6ce87a_flip.jpg,train,over-arch,0.6662286,1,32.03125,0.45817583,0.494848808
image_0087_png_jpg.rf.e9d8c2561340658522a8e5cc837da8c6_rot-15.jpg,train,over-arch,0.6572964,1,33.61367985,0.490535648,0.502151374
image_0377_jpg.rf.deac4b55436ee9c286f8fbe25a86abcd_flip.jpg,train,over-arch,0.6516864,1,31.87978316,0.462071764,0.500360196
image_0769_png_jpg.rf.2234e08724f336fdd162b52408b890da.jpg,train,over-arch,0.7016517,1,32.95798788,0.475656899,0.498277453
image_0301_jpg.rf.c2db2b6165b9e7b4485d1f0c2a658bb5.jpg,train,over-arch,0.6826817,1,33.03571429,0.475142483,0.502330311
image_0630_png_jpg.rf.8edee498b8e9b719e4f935f60b50278c_rot-15.jpg,train,over-arch,0.69122595,1,34.21954719,0.514694618,0.5030787
image_0976_png_jpg.rf.9afcfec23a47cd60e3a45d3b698de79f_rot-15.jpg,train,over-arch,0.70991576,1,34.23349809,0.481517288,0.493826977
image_0007_png_jpg.rf.80f858f8ea2f4160230bd468d39e839b_flip.jpg,train,over-arch,0.6343998,1,32.07310268,0.492483337,0.503501195
image_0305_jpg.rf.e7c3d23138271de228417ad52ae5c255_flip.jpg,train,over-arch,0.69372165,1,33.03571429,0.518878787,0.503621567
image_0299_png_jpg.rf.25046fdf0683529caa37f4edce57ff72.jpg,train,over-arch,0.72586447,1,32.5255102,0.494221783,0.500978785
image_0168_png_jpg.rf.7e1f24efd01b0b41f524f881674387e8_rot-15.jpg,train,over-arch,0.67240447,1,34.18566645,0.47878391,0.494715398
image_0521_png_jpg.rf.565bef6f250b5c4cb4ad6664111913c0_flip.jpg,train,over-arch,0.6974474,1,32.02726403,0.502553706,0.501709332
image_0851_png_jpg.rf.68a58ae81c3bd2af9b5a16dbc1a0393c_rot-15.jpg,train,over-arch,0.69642365,1,34.23748406,0.479915051,0.493443315
image_0565_png_jpg.rf.504bc344c79544f428dc754ad1142f87_rot-15.jpg,train,over-arch,0.6869965,1,34.14979273,0.494142321,0.499304964
image_0748_png_jpg.rf.db253e0058959cf9e2fbaa9f8de9354f_rot-15.jpg,train,over-arch,0.69914216,1,33.7890625,0.473221248,0.494501037
image_0255_jpg.rf.bbaa2cd086c78a4e14be06a95806ba74_flip.jpg,train,over-arch,0.6797515,1,32.9819037,0.51548814,0.500316014
image_0204_jpg.rf.3a7b77c2454a4cc60f839002e59e5d25_flip.jpg,train,over-arch,0.7038786,1,32.82844388,0.486766661,0.503544249
image_0055_png_jpg.rf.bd3ddc52f3ccbbb5d8dd34e8c91173fd_rot-15.jpg,train,over-arch,0.7149203,1,34.35108418,0.484636102,0.498292906
image_0430_png_jpg.rf.ecc97ef9d0491d89435c552b242f49d9_rot-15.jpg,train,over-arch,0.69392496,1,34.31122449,0.493050615,0.500384254
image_0135_png_jpg.rf.748be7aa057ec6782c09716af027f67a_rot-15.jpg,train,over-arch,0.70574117,1,33.74521684,0.487063322,0.493235655
image_0685_png_jpg.rf.5ce9dcfc6fc8b7733d74657ec5e2ebcb_flip.jpg,train,over-arch,0.6946658,1,32.37205038,0.521186724,0.499685244
image_0388_jpg.rf.e8a902f265cce7179a17231a52b44c0c_flip.jpg,train,over-arch,0.67298365,1,32.88624043,0.51728296,0.500290503
image_0685_png_jpg.rf.5ce9dcfc6fc8b7733d74657ec5e2ebcb.jpg,train,over-arch,0.69466746,1,32.37205038,0.474350252,0.499684531
image_0086_png_jpg.rf.bd3647e6cf504c4fb272bcd298675224_rot-15.jpg,train,over-arch,0.6672978,1,33.12938457,0.470293079,0.490993219
image_0946_png_jpg.rf.de12a65a7e4ea93730bb37956084cc77.jpg,train,over-arch,0.6961598,1,32.98588967,0.484149049,0.503742491
image_0559_png_jpg.rf.abd53430295b73d77e6f44d6226c8877_rot-15.jpg,train,over-arch,0.6810361,1,33.62364477,0.498929836,0.503459611
image_0945_png_jpg.rf.13c50f9ca9a7d1e9156298734567a08d_rot-15.jpg,train,over-arch,0.6982375,1,33.62962372,0.511612285,0.500205222
image_0842_png_jpg.rf.5c25a0df70c75137b2cdcd52636f8087_flip.jpg,train,over-arch,0.7047336,1,32.99984056,0.512303642,0.500966699
image_0134_png_jpg.rf.a4bc087a293d50f7d7c374547f3de5a6_flip.jpg,train,over-arch,0.69422793,1,32.15481505,0.524349535,0.494430607
image_0630_png_jpg.rf.e9f8d593a19d152c9ef51438a5898b12_flip.jpg,train,over-arch,0.6698182,1,31.90569196,0.474075702,0.491140715
image_0154_png_jpg.rf.a7d6eead9f9bc67ae5400ea0be178127_flip.jpg,train,over-arch,0.7110838,1,31.40545281,0.518779894,0.500411601
image_0298_png_jpg.rf.1b0bd55e38c41b04b7e186d8e9f18962_flip.jpg,train,over-arch,0.7272622,1,33.03571429,0.511323034,0.502831643
image_0765_png_jpg.rf.fb6f5a2c8c861ddc84b77ede86066274.jpg,train,over-arch,0.7084828,1,32.32820472,0.476240328,0.497668881
image_0006_png_jpg.rf.5dcfd2ffefa7c07baee376ec280198e9.jpg,train,over-arch,0.6725771,1,32.96396684,0.48643604,0.500203585
image_0457_png_jpg.rf.58b977340e97f74be3f82644d8043adc_flip.jpg,train,over-arch,0.7055254,1,32.9559949,0.519090554,0.4983398
image_0335_png_jpg.rf.a7dd606a286a8f3c1ca9eeea1c515c56_rot-15.jpg,train,over-arch,0.6948077,1,33.69539222,0.46996943,0.494079106
image_0834_png_jpg.rf.ae91c4aab7b267abb8a5405391d7a52e_rot-15.jpg,train,over-arch,0.69448155,1,34.33912628,0.47376526,0.495828822
image_0116_png_jpg.rf.45d690c7d5cd3dca9a8ad0bd92ed1bf8_flip.jpg,train,over-arch,0.72670484,1,33.01379145,0.506302508,0.501889066
image_0290_jpg.rf.a928d7dbb5ce9f52182142176f49222d_rot-15.jpg,train,over-arch,0.6621653,1,33.2808514,0.479678627,0.493202728
image_0358_png_jpg.rf.c4798d59b71223bf8e699e9da9db4ef5_flip.jpg,train,over-arch,0.65102875,1,31.81600765,0.540144723,0.504724534
image_0221_png_jpg.rf.a81be118ec6a6855a67715949597b24c_rot-15.jpg,train,over-arch,0.6897236,1,34.3490912,0.482578192,0.495829592
image_0182_jpg.rf.4001639173c9a277d0b8c1009463a14a_flip.jpg,train,over-arch,0.708543,1,32.87826849,0.507332424,0.499713321
image_0570_png_jpg.rf.7d028c9779ff8d0aef49c12a7b0a7e0d_flip.jpg,train,over-arch,0.65239704,1,31.86981824,0.490313566,0.50239787
image_0570_png_jpg.rf.711f5ebc8760e7cde24d014d80e6ee5c.jpg,train,over-arch,0.67141646,1,32.27439413,0.529118803,0.494705474
image_0248_png_jpg.rf.def901a54122784e4cd2c8c2380f0ddc_flip.jpg,train,over-arch,0.7015556,1,32.92211416,0.518324195,0.499595649
image_0065_png_jpg.rf.24de42bd1b2f1fb8d063ebe437031008_rot-15.jpg,train,over-arch,0.66964906,1,33.52200255,0.522049188,0.50774936
image_0105_png_jpg.rf.e137f84ef8686cbd8377f3b2ecdec5b6_flip.jpg,train,over-arch,0.7158059,1,33.03571429,0.51015984,0.500182136
image_0330_png_jpg.rf.f9c173c384b847afd655da340114ea68_rot-15.jpg,train,over-arch,0.69386536,1,33.62165179,0.478825632,0.494850117
image_0723_png_jpg.rf.99085c7be1967447ba2ca1a88bc762fa.jpg,train,over-arch,0.6807975,1,31.84789541,0.476380699,0.498534526
image_0034_png_jpg.rf.20b647d9b05bee334e3b54906f95310b_rot-15.jpg,train,over-arch,0.68120927,1,34.18566645,0.477388781,0.493848441
image_0120_png_jpg.rf.05080c494e373fb8521be095ba14c2dc_rot-15.jpg,train,over-arch,0.6491458,1,33.62763074,0.498612332,0.496159182
image_0570_png_jpg.rf.7d028c9779ff8d0aef49c12a7b0a7e0d.jpg,train,over-arch,0.65243506,1,31.86981824,0.505221007,0.502398356
image_0001_png_jpg.rf.96a580760ca3352fcc444825b2ae489a_rot-15.jpg,train,over-arch,0.6863217,1,34.30125957,0.485422638,0.497490496
image_0796_png_jpg.rf.585a462959b10a72a8afa715ddd453ea.jpg,train,over-arch,0.71664476,1,32.99984056,0.474625142,0.501260954
image_0417_jpg.rf.afcc30774605b6fa5c0591a2e4d52834.jpg,train,over-arch,0.66435844,1,32.42586097,0.477723958,0.507869449
image_0462_png_jpg.rf.4eca080b5e966b1aa96b3389eaa09a47.jpg,train,over-arch,0.7158212,1,32.52949617,0.48609323,0.500658753
image_0057_png_jpg.rf.89fa067a740ea7b85fa2c30581f80083_flip.jpg,train,over-arch,0.7137848,1,33.01777742,0.515384947,0.499273202
image_0771_png_jpg.rf.7413b789b323e4706f356a393ad14158.jpg,train,over-arch,0.68663824,1,32.94204401,0.475667373,0.499566859
image_0559_png_jpg.rf.10757d5c7bd2fec6e473acba07953afd_rot-15.jpg,train,over-arch,0.70034146,1,34.18965242,0.486892866,0.496053497
image_0855_png_jpg.rf.578788f6395d72a82ce9235f4feb7a70_flip.jpg,train,over-arch,0.6658532,1,32.62316645,0.488271635,0.501839498
image_0023_png_jpg.rf.2365f42f794b458cfbf6cf6f0123e031_flip.jpg,train,over-arch,0.75915754,1,33.00581952,0.513248744,0.500309558
image_0475_png_jpg.rf.61f15390babe5440701f874a85624983.jpg,train,over-arch,0.7159451,1,32.94005102,0.474879512,0.499630386
image_0105_png_jpg.rf.131f72a14bfa96b7c451c6db63d06ee2_flip.jpg,train,over-arch,0.6649546,1,32.38201531,0.502536557,0.499348453
image_0275_jpg.rf.b71b69e50dc5da42f3d21e1e6ea6b73a_flip.jpg,train,over-arch,0.68784255,1,33.03571429,0.522544887,0.500543199
image_0182_png_jpg.rf.97a7de49a332bb4e1ce6b65d4ab2a1f7_flip.jpg,train,over-arch,0.6530198,1,31.49115115,0.485449079,0.504536876
image_0685_png_jpg.rf.5ce9dcfc6fc8b7733d74657ec5e2ebcb_rot-15.jpg,train,over-arch,0.69306284,1,33.58179209,0.477563052,0.493999722
image_0234_jpg.rf.94d8ce4e32da4da7b5641e93fdf5c9f8_rot-15.jpg,train,over-arch,0.6713687,1,33.77909758,0.474726512,0.497005163
image_0375_png_jpg.rf.f9d6fececd035e9b26aabb9193dfd60e_rot-15.jpg,train,over-arch,0.69443995,1,33.74123087,0.496089489,0.501463753
image_0340_jpg.rf.d419722bf6c7fa8d72d4c64312a1dc90_rot-15.jpg,train,over-arch,0.7030976,1,34.21356824,0.480072739,0.494198234
image_0057_png_jpg.rf.89fa067a740ea7b85fa2c30581f80083_rot-15.jpg,train,over-arch,0.70765483,1,34.31521046,0.482242473,0.49460709
image_0151_png_jpg.rf.52d2cc3bf58dc2b9ab9a1fa48b6a20ae.jpg,train,over-arch,0.67862445,1,31.66254783,0.504791562,0.505469999
image_0361_jpg.rf.03a5329bd6ac94dbfa023ffc5404fb69_rot-15.jpg,train,over-arch,0.6652737,1,34.2833227,0.486234167,0.4965885
image_0388_jpg.rf.e8a902f265cce7179a17231a52b44c0c_rot-15.jpg,train,over-arch,0.6702453,1,34.18765944,0.479732444,0.4948257
image_0158_png_jpg.rf.b35574af2b6568382fcb835b230bc36b.jpg,train,over-arch,0.6825953,1,32.43183992,0.469228852,0.498168056
image_0360_jpg.rf.23121d957974429984704c224bbc1917_rot-15.jpg,train,over-arch,0.6654051,1,34.24545599,0.473894658,0.494089564
image_0350_png_jpg.rf.03cd57db1f72f4fc8e64b03400ebca55_flip.jpg,train,over-arch,0.6904144,1,33.03571429,0.51484107,0.500373706
image_0055_png_jpg.rf.d93263dbacecbf5fa1888f760c27e4c1.jpg,train,over-arch,0.6814535,1,31.97743941,0.465089696,0.505109228
image_0014_png_jpg.rf.5ed2193c18d0156e011da4858b0ce346.jpg,train,over-arch,0.65181905,1,32.48166454,0.475018649,0.497334344
image_0927_png_jpg.rf.4da898affa854b6d38ecde5d6f0c26d3_flip.jpg,train,over-arch,0.676561,1,31.8100287,0.504106936,0.497808161
image_0924_png_jpg.rf.5cd2e519b68ea521c793447263c60509_rot-15.jpg,train,over-arch,0.6978106,1,33.99832589,0.474803369,0.489488375
image_0248_png_jpg.rf.def901a54122784e4cd2c8c2380f0ddc_rot-15.jpg,train,over-arch,0.6966188,1,34.21556122,0.478790752,0.493848182
image_0723_png_jpg.rf.ad86f8651301cbddd18e3add7e77bc9d_flip.jpg,train,over-arch,0.7192103,1,32.9819037,0.505110881,0.500359745
image_0844_png_jpg.rf.64362e1a511c069bd2444f7eded82210_flip.jpg,train,over-arch,0.6902399,1,32.33219069,0.529419488,0.501453744
image_0114_png_jpg.rf.6d696591c0b23524182155b6ffade1f3.jpg,train,over-arch,0.69906694,1,32.38002232,0.490897475,0.501400467
image_0311_jpg.rf.6def4ad5d8a44fb9bbbe1024084972f0_flip.jpg,train,over-arch,0.6924861,1,32.96396684,0.510252584,0.499215747
image_0291_png_jpg.rf.6c03ce7d7387dd6e005f20459e22fd36_rot-15.jpg,train,over-arch,0.7019632,1,34.24545599,0.481443859,0.493754951
image_0244_jpg.rf.e859fb3af9050c2e2251dc70111f1612_flip.jpg,train,over-arch,0.66628814,1,32.57134885,0.511105663,0.504988838
image_0290_jpg.rf.7445aeee9eb3c28b14f5115e9ec15ecf.jpg,train,over-arch,0.7022182,1,32.97193878,0.467055848,0.49832704
image_0889_png_jpg.rf.3256c9c8779cc2713e5b06f70fa440c8_rot-15.jpg,train,over-arch,0.6959917,1,33.63759566,0.476845763,0.491569536
image_0137_png_jpg.rf.143f56f7ff92fc2590ee65527a003e76_flip.jpg,train,over-arch,0.7183345,1,31.75023916,0.506172987,0.497268292
image_0038_png_jpg.rf.051f42757b17e81435a4932660a06a82.jpg,train,over-arch,0.70013726,1,32.93805804,0.478760842,0.499405493
image_0712_png_jpg.rf.efcf3669627e08720e6fdb4bd0ce44b5.jpg,train,over-arch,0.6406844,1,31.8877551,0.48648003,0.503943102
image_0159_jpg.rf.def1c944fbe6b7bd45fc81dadd66bce2_flip.jpg,train,over-arch,0.68731046,1,33.01379145,0.519090213,0.501591763
image_0001_png_jpg.rf.b060224b056da2d912d12cc0303bd282.jpg,train,over-arch,0.6799812,1,32.47967156,0.489635978,0.502900983
image_0921_png_jpg.rf.b7d1a6305b6175772fc585817837fb58.jpg,train,over-arch,0.67859256,1,32.16677296,0.523960129,0.497328999
image_0295_jpg.rf.a6e61bc1b4abe09f9713cec09f7f0801.jpg,train,over-arch,0.68899804,1,32.40991709,0.469987851,0.500999254
image_0384_png_jpg.rf.dfd02f956928b3f167ae022124835bdc.jpg,train,over-arch,0.7054189,1,33.03571429,0.48801471,0.500645036
image_0232_png_jpg.rf.af03330909a30399359dc6427f15353e.jpg,train,over-arch,0.6946943,1,32.88225446,0.481212984,0.50002817
image_0342_jpg.rf.ddbec0f12784204d2f7d3873580e499e_flip.jpg,train,over-arch,0.66520584,1,32.9041773,0.51960638,0.500117272
image_0837_png_jpg.rf.4b245367417869c0aa9d5620230d3c13.jpg,train,over-arch,0.68605447,1,32.96994579,0.472158373,0.4989409
image_0456_png_jpg.rf.1ea898095a162815beec1c0793d1318c.jpg,train,over-arch,0.704942,1,33.03571429,0.475057149,0.503459811
image_0204_jpg.rf.3a7b77c2454a4cc60f839002e59e5d25.jpg,train,over-arch,0.7038776,1,32.82445791,0.508767893,0.503543827
image_0863_png_jpg.rf.3bc48834706b3285b513f4c4560812d8.jpg,train,over-arch,0.6698669,1,32.1348852,0.489947243,0.499760306
image_0127_png_jpg.rf.54a9e0b0ee33b60f6f0a3ac91a50962c_rot-15.jpg,train,over-arch,0.6990286,1,34.31122449,0.475507526,0.496149228
image_0450_png_jpg.rf.ab3a196b0a7cd61f7cd54d3a300310bc_flip.jpg,train,over-arch,0.6968509,1,33.03571429,0.516494956,0.500686852
image_0447_png_jpg.rf.84a4a6ada43ad7c73eaade42fe52a2e8.jpg,train,over-arch,0.6910067,1,32.07310268,0.502521368,0.504628134
image_0130_png_jpg.rf.d701941df89a37bc735f3b0b69e73ebb_rot-15.jpg,train,over-arch,0.6532861,1,33.15330038,0.485684277,0.489361843
image_0748_png_jpg.rf.db253e0058959cf9e2fbaa9f8de9354f.jpg,train,over-arch,0.70512706,1,32.4736926,0.470971792,0.501592999
image_0195_jpg.rf.b5525fee23c66465ef73432235c66aa5.jpg,train,over-arch,0.6642423,1,32.30827487,0.496517845,0.499882923
image_0685_png_jpg.rf.ffc4a65c8c5760cad4f29ac1e4afd01d_flip.jpg,train,over-arch,0.6769794,1,32.14684311,0.456596565,0.501226271
image_0924_png_jpg.rf.5cd2e519b68ea521c793447263c60509.jpg,train,over-arch,0.69988245,1,32.7208227,0.471430156,0.496173002
image_0314_jpg.rf.ec4c55a21cb66714b0d39cf8f8c8b276.jpg,train,over-arch,0.7149826,1,32.99585459,0.479270989,0.499705129
image_0558_png_jpg.rf.b5e8f7e673146c3d03d5d0a8f9df4870_flip.jpg,train,over-arch,0.7067933,1,32.23453444,0.510549572,0.505247334
image_0889_png_jpg.rf.ecc39f1e64bcb6c70edfa40dbbbb74b5_flip.jpg,train,over-arch,0.6770049,1,32.0053412,0.456587237,0.498233822
image_0231_png_jpg.rf.13533a028cc6aa1fcf32922b6567da9e_flip.jpg,train,over-arch,0.6964205,1,33.0078125,0.510001896,0.499217663
image_0075_png_jpg.rf.0b30afe913c424a9977ecc3c3f1e1e9b_rot-15.jpg,train,over-arch,0.73084605,1,33.70735013,0.524350014,0.503053827
image_0124_png_jpg.rf.91d63a31a460bd514d1e42ad850f22cc.jpg,train,over-arch,0.6556103,1,32.14485013,0.459985668,0.499236511
image_0559_png_jpg.rf.abd53430295b73d77e6f44d6226c8877.jpg,train,over-arch,0.6817387,1,32.30030293,0.499370398,0.503694902
image_0398_jpg.rf.8d207c15ebe14744149a4807dc816c74_flip.jpg,train,over-arch,0.67260945,1,32.26243622,0.519895158,0.499476253
image_0855_png_jpg.rf.578788f6395d72a82ce9235f4feb7a70_rot-15.jpg,train,over-arch,0.6631676,1,33.69140625,0.504791926,0.503408066
image_0151_png_jpg.rf.bb6e48e6b26600fbd2cdd4d8a4835eb0_flip.jpg,train,over-arch,0.678892,1,31.8359375,0.483330987,0.508272972
image_0221_png_jpg.rf.a81be118ec6a6855a67715949597b24c.jpg,train,over-arch,0.6944266,1,33.03571429,0.480747446,0.500408805
image_0216_jpg.rf.ef480b6b85a7469ee441688b2b4ee0c0_flip.jpg,train,over-arch,0.6912538,1,33.03571429,0.523278321,0.502542338
image_0342_jpg.rf.ddbec0f12784204d2f7d3873580e499e.jpg,train,over-arch,0.6652047,1,32.9041773,0.475927902,0.50011767
image_0422_jpg.rf.61d199a775c76ffef6512ad6ced94299_rot-15.jpg,train,over-arch,0.7164597,1,33.74123087,0.510952748,0.506953766
image_0044_png_jpg.rf.abe7a997aae22c1d583d95ed74b959bd.jpg,train,over-arch,0.69611603,1,32.92012117,0.483252115,0.501116154
image_0313_jpg.rf.4313486659c76df29bf00ad3ef52a4ad_flip.jpg,train,over-arch,0.6952181,1,32.97991071,0.512269928,0.500835402
image_0068_png_jpg.rf.c77384a339c97b3998c40c696456e7f2_flip.jpg,train,over-arch,0.6767019,1,32.11495536,0.505273065,0.500187853
image_0334_png_jpg.rf.612bb57b5b774fedbe73986d3c03340a.jpg,train,over-arch,0.690824,1,32.39795918,0.472078584,0.497901946
image_0001_png_jpg.rf.0dd6ede8cb5a576defa664359ff42c2f_rot-15.jpg,train,over-arch,0.6608246,1,32.98389668,0.476027904,0.491565719
image_0070_png_jpg.rf.4d1fbcc78e35ce5337c42e8281572c7e_rot-15.jpg,train,over-arch,0.68468505,1,34.20958227,0.48423904,0.497918143
image_0748_png_jpg.rf.67eef5bc58b7a61f1046d63ce54612ef_flip.jpg,train,over-arch,0.6923318,1,31.86782526,0.528220879,0.502123697
image_0221_png_jpg.rf.c6330e86cc04072ce81f024761c5ee39_rot-15.jpg,train,over-arch,0.66619617,1,33.84287309,0.500609184,0.501720377
image_0128_png_jpg.rf.d43062a41ee81a91e458474407bbc4bf_flip.jpg,train,over-arch,0.6754296,1,32.10299745,0.517584661,0.50311861
image_0927_png_jpg.rf.4da898affa854b6d38ecde5d6f0c26d3.jpg,train,over-arch,0.67655903,1,31.8100287,0.491426596,0.497808032
image_0835_png_jpg.rf.1ddb15cb2494b972f8f1140c496c973c_rot-15.jpg,train,over-arch,0.7223462,1,34.24346301,0.518125521,0.506675643
image_0482_png_jpg.rf.27f68be4b6893dca60e7295b4c7499ec.jpg,train,over-arch,0.64458483,1,31.81401467,0.50914741,0.498556452
image_0344_jpg.rf.883484f056dd0d9fcd2fa72ec4e5dc64_flip.jpg,train,over-arch,0.66723335,1,31.84988839,0.477343642,0.49715396
image_0255_png_jpg.rf.61629c8b4a94eda96cbd777bdc34c14e_rot-15.jpg,train,over-arch,0.6525244,1,32.94403699,0.486288497,0.495739293
image_0412_png_jpg.rf.1d4eb45a1a794a6e9ee3957d24233e4e_rot-15.jpg,train,over-arch,0.6867499,1,34.27535077,0.487198856,0.497025601
image_0842_png_jpg.rf.5c25a0df70c75137b2cdcd52636f8087.jpg,train,over-arch,0.70473444,1,32.99984056,0.483230783,0.500966553
image_0034_png_jpg.rf.84e9ff482fdf36bfef13ebe2a60b27b1_rot-15.jpg,train,over-arch,0.6532649,1,32.54145408,0.527313476,0.505213814
image_0128_png_jpg.rf.bd9ef12084c12987f0ba147d32e26f9c_flip.jpg,train,over-arch,0.69328743,1,32.95798788,0.519122737,0.499361561
image_0376_png_jpg.rf.ab960fa5a2c9015539a72e7d74618006_rot-15.jpg,train,over-arch,0.7189465,1,34.34510523,0.47381421,0.495397596
image_0127_png_jpg.rf.083467b9b2f6a404bbe6982d7daeb7f2_flip.jpg,train,over-arch,0.6703213,1,31.83394452,0.526309038,0.500775425
image_0419_jpg.rf.df98cccdcd0a443a0ab9bb22dc5265d2_rot-15.jpg,train,over-arch,0.67705107,1,33.57979911,0.537708543,0.506696824
image_0234_jpg.rf.bfd8b63a83e38ab941638bc3ede9cfdd.jpg,train,over-arch,0.68011856,1,32.25845026,0.476624293,0.498557851
image_0256_jpg.rf.6291a410bae27c4a5d493e7d527b11bb_rot-15.jpg,train,over-arch,0.6734097,1,33.98836097,0.526193581,0.505280865
image_0295_jpg.rf.492c688c6b689c1de74c7f976c5791cc_flip.jpg,train,over-arch,0.695859,1,32.99984056,0.520063479,0.500841618
image_0464_png_jpg.rf.d87e1627648276efc048a592e1fd66d1_flip.jpg,train,over-arch,0.7157907,1,33.01179847,0.508896734,0.503245155
image_0768_png_jpg.rf.d55d1142aff6ed865c70701f24fdf990.jpg,train,over-arch,0.7115531,1,33.03571429,0.480422881,0.501340508
image_0131_png_jpg.rf.6fcc50cb8e5776ccd3816b037e321c9c_flip.jpg,train,over-arch,0.68922555,1,33.00980548,0.508585331,0.501742859
image_0132_png_jpg.rf.c9a609f4b5c63c85b901e7404a05518e_flip.jpg,train,over-arch,0.67111987,1,32.92610013,0.517072948,0.497823972
image_0315_jpg.rf.3a6f3a160ef0f8d683d02d7e7dacfe71_rot-15.jpg,train,over-arch,0.6507135,1,33.04966518,0.482486126,0.494369181
image_0290_jpg.rf.7445aeee9eb3c28b14f5115e9ec15ecf_flip.jpg,train,over-arch,0.7022215,1,32.97193878,0.528477524,0.498326727
image_0963_png_jpg.rf.b48dcda9b31349ab40d9e19b9428c866_rot-15.jpg,train,over-arch,0.69857913,1,34.29129464,0.482293571,0.497300479
image_0456_png_jpg.rf.eb02c7733b4fb3b534c796cf8c6de0b0_rot-15.jpg,train,over-arch,0.68715423,1,33.94252232,0.515798891,0.50312143
image_0951_png_jpg.rf.0160c0be2b427c9bbb0fcc032b9ec8db_flip.jpg,train,over-arch,0.70461273,1,32.98389668,0.518366907,0.503212026
image_0358_png_jpg.rf.ae563ca7ac07565d529624b6abf2114e.jpg,train,over-arch,0.6622202,1,32.69690689,0.537788594,0.497096374
image_0345_png_jpg.rf.b7c44bc63c44b23d68ad394afc8842dd.jpg,train,over-arch,0.69975466,1,32.99784758,0.477974206,0.498717834
image_0949_png_jpg.rf.3de676a9bd46a96454028cfae1f6d5a6.jpg,train,over-arch,0.6760792,1,32.99585459,0.474993997,0.500381958
image_0851_png_jpg.rf.f5b6e843881fdd3be86e4e4e3ab880fb.jpg,train,over-arch,0.67824894,1,31.71037946,0.527364517,0.498287224
image_0413_png_jpg.rf.c8ffee24ab92c49cd6e7816a26558173_rot-15.jpg,train,over-arch,0.6878302,1,33.65752551,0.479866936,0.494783672
image_0030_png_jpg.rf.f7268ce39ceea1c263dd3e9e617e1fc9.jpg,train,over-arch,0.6916524,1,32.32023278,0.472876025,0.498703235
image_0105_png_jpg.rf.ba400afde9e23bcf91d832245be88a58_flip.jpg,train,over-arch,0.6803466,1,32.97592474,0.510753583,0.500319152
image_0063_png_jpg.rf.0fcf384834db9a284ee6f9bbabd9ed67_rot-15.jpg,train,over-arch,0.6993218,1,33.62563776,0.524289059,0.503089392
image_0845_png_jpg.rf.7972f165996b3fa05fb02d57ec86eae4.jpg,train,over-arch,0.6886754,1,32.92610013,0.482929565,0.501003954
image_0068_png_jpg.rf.9fe771beefceea4172253a259c201815.jpg,train,over-arch,0.7054674,1,33.0078125,0.480891974,0.500246672
image_0116_png_jpg.rf.162d61b358b6e96f0662a55c80cd4186_rot-15.jpg,train,over-arch,0.7049933,1,33.59972895,0.483800042,0.493672921
image_0946_png_jpg.rf.db02921fc9b0ca9a0ae51df4b36462d7_rot-15.jpg,train,over-arch,0.6774136,1,33.69937819,0.509648068,0.501994238
image_0073_png_jpg.rf.53dd7ff354d15860eb5c29e878d6f9b1_flip.jpg,train,over-arch,0.6980819,1,33.0078125,0.52089588,0.500702799
image_0162_jpg.rf.fce8e0809e97737a15998e49c47d0360.jpg,train,over-arch,0.7367691,1,33.03571429,0.481952808,0.501359656
image_0105_png_jpg.rf.131f72a14bfa96b7c451c6db63d06ee2.jpg,train,over-arch,0.6649576,1,32.38201531,0.492998314,0.499348326
image_0447_png_jpg.rf.84a4a6ada43ad7c73eaade42fe52a2e8_rot-15.jpg,train,over-arch,0.6825955,1,33.09749681,0.509667368,0.50902577
image_0421_jpg.rf.20faf0baf83be50e8813f7910cb329ee_rot-15.jpg,train,over-arch,0.7045229,1,33.73923788,0.504967837,0.499763886
image_0152_png_jpg.rf.553d014f39037ca15e1abf078c858b78.jpg,train,over-arch,0.723498,1,32.94802296,0.486138728,0.499328288
image_0003_png_jpg.rf.d3f3967fee6c13834dcbb7801d1b46c5.jpg,train,over-arch,0.6806368,1,32.71085778,0.526362216,0.496535184
image_0086_png_jpg.rf.78be72f594467b6de4962f92510978a5.jpg,train,over-arch,0.70237255,1,32.96994579,0.481107926,0.498798684
image_0482_png_jpg.rf.3151ffe0b88b465e86348f55e15809f7.jpg,train,over-arch,0.68505996,1,32.98389668,0.473733855,0.49973386
image_0398_jpg.rf.8d207c15ebe14744149a4807dc816c74.jpg,train,over-arch,0.6726062,1,32.26243622,0.475639881,0.499476592
image_0542_png_jpg.rf.c0b619c7b58e5966985ffa55b6512360.jpg,train,over-arch,0.6756399,1,33.00382653,0.481410705,0.50197057
image_0291_png_jpg.rf.053d7b65144959d4af504a644c7e7dd5_flip.jpg,train,over-arch,0.67381835,1,32.09103954,0.490388088,0.500047518
image_0255_jpg.rf.119d1a47de1b0724353d607c8a748094_flip.jpg,train,over-arch,0.6679968,1,32.40593112,0.512314726,0.500247741
image_0422_jpg.rf.479f49a2a15829d8ed0420535da99b7f_rot-15.jpg,train,over-arch,0.7312672,1,34.24944196,0.478648333,0.493171911
image_0085_png_jpg.rf.af7dcc5937c8a752e7580de6bd1daf60.jpg,train,over-arch,0.64905226,1,32.24449936,0.474950995,0.496630233
image_0153_jpg.rf.9e5a06b5cde1f0e3bfdfcc404d43673f_rot-15.jpg,train,over-arch,0.69754773,1,33.77710459,0.478741611,0.49822361
image_0357_jpg.rf.c64b1f7229c970659b165df38a80fea1.jpg,train,over-arch,0.7080597,1,33.03571429,0.478167159,0.502803989
image_0003_png_jpg.rf.65c2d7e9ed12defdd81f68992145d6d7.jpg,train,over-arch,0.7092175,1,32.78858418,0.537402396,0.496197389
image_0275_jpg.rf.b71b69e50dc5da42f3d21e1e6ea6b73a.jpg,train,over-arch,0.6879185,1,33.03571429,0.472989486,0.500543495
image_0457_png_jpg.rf.58b977340e97f74be3f82644d8043adc.jpg,train,over-arch,0.7055248,1,32.9559949,0.476445115,0.498339425
image_0137_png_jpg.rf.143f56f7ff92fc2590ee65527a003e76.jpg,train,over-arch,0.71833307,1,31.75023916,0.489363064,0.497268239
image_0695_png_jpg.rf.16ac38c33e92a932ccee96443e2807d6_flip.jpg,train,over-arch,0.71193385,1,32.95400191,0.511854135,0.499841477
image_0001_png_jpg.rf.96a580760ca3352fcc444825b2ae489a_flip.jpg,train,over-arch,0.6908796,1,32.98987564,0.511493766,0.501312626
image_0006_png_jpg.rf.8c4c5e5ff6b9e72909ef87cd59d3576f_rot-15.jpg,train,over-arch,0.66070914,1,33.58976403,0.492056537,0.500694218
image_0149_png_jpg.rf.37c8eb7428de81a46f64cde79f9c2cdb_rot-15.jpg,train,over-arch,0.7055977,1,34.33912628,0.479209905,0.497783438
image_0412_png_jpg.rf.1d4eb45a1a794a6e9ee3957d24233e4e_flip.jpg,train,over-arch,0.69092786,1,32.99984056,0.509828537,0.500357536
image_0927_png_jpg.rf.c903d571db2a74aefcd21ded624a0935.jpg,train,over-arch,0.67868733,1,32.33219069,0.524329791,0.494913965
image_0303_jpg.rf.50089217602d3f2eba955dee7f51be8a_rot-15.jpg,train,over-arch,0.6760142,1,34.29129464,0.482217495,0.497829534
image_0330_png_jpg.rf.f9c173c384b847afd655da340114ea68.jpg,train,over-arch,0.6993212,1,32.3042889,0.476685334,0.500423285
image_0963_png_jpg.rf.b48dcda9b31349ab40d9e19b9428c866.jpg,train,over-arch,0.7031737,1,32.99585459,0.480873984,0.501966545
image_0412_png_jpg.rf.3ca9d0f9fcdd2121e664bd19bb783814_rot-15.jpg,train,over-arch,0.67759556,1,34.0760523,0.513092592,0.502082126
image_0154_png_jpg.rf.24b62c8ad981944eeab3a0acc861758b_rot-15.jpg,train,over-arch,0.7510513,1,34.25542092,0.482472515,0.492839122
image_0181_jpg.rf.1308acc3e6e140d6f4706025b2596286_rot-15.jpg,train,over-arch,0.6503363,1,33.72927296,0.495330187,0.496971512
image_0313_jpg.rf.6fa56c4564c267528923ed3abdf7b342_flip.jpg,train,over-arch,0.67752373,1,32.43981186,0.514145114,0.502173426
image_0882_png_jpg.rf.b74299786743986a97113ad99eba6fd7_rot-15.jpg,train,over-arch,0.71101546,1,34.35108418,0.476361345,0.495636657
image_0007_png_jpg.rf.80f858f8ea2f4160230bd468d39e839b_rot-15.jpg,train,over-arch,0.6361079,1,33.41238839,0.502551543,0.504286881
image_0158_png_jpg.rf.b35574af2b6568382fcb835b230bc36b_flip.jpg,train,over-arch,0.6826028,1,32.43183992,0.526305372,0.49816843
image_0918_png_jpg.rf.4066f11b5f6ad00e829b45c43d63366b_rot-15.jpg,train,over-arch,0.6858432,1,33.14732143,0.53671556,0.500820495
image_0195_jpg.rf.6ff28d94f03945e872611617213aaa22_rot-15.jpg,train,over-arch,0.69997877,1,34.30723852,0.480422063,0.495984296
image_0889_png_jpg.rf.ecc39f1e64bcb6c70edfa40dbbbb74b5.jpg,train,over-arch,0.67696935,1,32.0053412,0.538946469,0.498233833
image_0558_png_jpg.rf.695c71359e6253f02c31114800c2ea9b_flip.jpg,train,over-arch,0.7213121,1,33.0078125,0.511432684,0.501395883
image_0030_png_jpg.rf.56f4f273dbcb48621671895f87b052af.jpg,train,over-arch,0.71788204,1,32.96595982,0.473142801,0.498322232
image_0345_jpg.rf.a5dd0328328363c9a31ae23bb0e8a8f4_rot-15.jpg,train,over-arch,0.66167027,1,33.11543367,0.495857955,0.497701065
image_0831_png_jpg.rf.1cd29fbf714a882809feb8f13211ed9e_rot-15.jpg,train,over-arch,0.68508404,1,33.11742666,0.472938446,0.491991694
image_0947_png_jpg.rf.214af5bb319cea1e180969b7d3bddb0b_rot-15.jpg,train,over-arch,0.7014555,1,34.33514031,0.481642007,0.496433442
image_0124_png_jpg.rf.91d63a31a460bd514d1e42ad850f22cc_rot-15.jpg,train,over-arch,0.648892,1,33.30875319,0.458897369,0.488061813
image_0065_png_jpg.rf.ac8a1c706a929bd95e42126a63b1db0f_flip.jpg,train,over-arch,0.67640483,1,32.22257653,0.471288621,0.50151921
image_0855_png_jpg.rf.07ee3d8ad2fa6b89ceddedcea520d4dc_rot-15.jpg,train,over-arch,0.6721508,1,33.64158163,0.470677763,0.487044518
image_0127_png_jpg.rf.54a9e0b0ee33b60f6f0a3ac91a50962c_flip.jpg,train,over-arch,0.70412153,1,33.01179847,0.521810218,0.502639731
image_0358_jpg.rf.e4a7b6ecb206d1121f0ecee5ace0895e_flip.jpg,train,over-arch,0.67364913,1,32.41191008,0.45637917,0.495471258
image_0301_jpg.rf.c2db2b6165b9e7b4485d1f0c2a658bb5_flip.jpg,train,over-arch,0.68272257,1,33.03571429,0.520392771,0.502329682
image_0044_png_jpg.rf.98cf8c8c3c32cda58077af5344f257ee_flip.jpg,train,over-arch,0.67472094,1,31.86583227,0.477970616,0.49915931
image_0127_png_jpg.rf.561c9a8432d75c8022e52515d7428dd0_flip.jpg,train,over-arch,0.69653946,1,32.62316645,0.472322913,0.499093401
image_0253_jpg.rf.818b5c810913685a42b0f5c2afcd4bf5.jpg,train,over-arch,0.70846796,1,33.03571429,0.477954558,0.501565566
image_0712_png_jpg.rf.2d39d61b0f23274ad5a75dcdf63589d4.jpg,train,over-arch,0.6459209,1,32.26642219,0.518187805,0.500570208
image_0345_jpg.rf.0d6bd2870dd2ce705d8674a0ab56fc11.jpg,train,over-arch,0.657301,1,31.23604911,0.485963538,0.499775308
image_0047_png_jpg.rf.41e7fef0cb379103401188d258fb8261_rot-15.jpg,train,over-arch,0.6640256,1,33.0337213,0.521864215,0.506849291
image_0055_png_jpg.rf.d93263dbacecbf5fa1888f760c27e4c1_flip.jpg,train,over-arch,0.68176115,1,31.97743941,0.530448336,0.505109796
image_0421_jpg.rf.78e2010e7e7b2df4f32a8bde611cdba8_rot-15.jpg,train,over-arch,0.7273286,1,34.34111926,0.478593761,0.498766081
image_0430_png_jpg.rf.ecc97ef9d0491d89435c552b242f49d9_flip.jpg,train,over-arch,0.69863766,1,33.01379145,0.50299895,0.50217293
image_0465_png_jpg.rf.e5c970aa4159907562cda6f744d20d5c.jpg,train,over-arch,0.6996536,1,32.40792411,0.500773932,0.503415431
image_0044_png_jpg.rf.abe7a997aae22c1d583d95ed74b959bd_rot-15.jpg,train,over-arch,0.6921641,1,34.18765944,0.484046669,0.496773697
image_0301_jpg.rf.1a269d31646a15a993c68fff00a0bb44_flip.jpg,train,over-arch,0.64449733,1,31.87181122,0.502513414,0.508634378
image_0255_png_jpg.rf.4086d4c18c58b845194c6f265ed2ecb6_flip.jpg,train,over-arch,0.7090858,1,33.03571429,0.513491538,0.501736915
image_0200_jpg.rf.90b3aca288c643b66ec16df379f5897a_flip.jpg,train,over-arch,0.71273243,1,33.01179847,0.514976856,0.499394009
image_0855_png_jpg.rf.07ee3d8ad2fa6b89ceddedcea520d4dc_flip.jpg,train,over-arch,0.673368,1,32.38799426,0.52886545,0.494820268
image_0235_jpg.rf.77aa48ff309e0ab7d49d3f9a4c3622be_flip.jpg,train,over-arch,0.65259486,1,32.50159439,0.490692589,0.502269748
image_0340_jpg.rf.367304e4ac80e2623c89dd1f7b2d6b05_flip.jpg,train,over-arch,0.68888503,1,32.3700574,0.509487792,0.50304229
image_0413_png_jpg.rf.756a573298e9d62d1f623cfd75ca5449.jpg,train,over-arch,0.70547175,1,32.92610013,0.487220195,0.500355818
image_0313_jpg.rf.6fa56c4564c267528923ed3abdf7b342_rot-15.jpg,train,over-arch,0.6741878,1,33.73923788,0.482769962,0.497630297
image_0067_png_jpg.rf.53494e71c43c15446309466ae1e4fa32.jpg,train,over-arch,0.70511514,1,33.03571429,0.476889078,0.500582021
image_0339_jpg.rf.8cfbc58f4f33a1cc96956592ac05558a_rot-15.jpg,train,over-arch,0.69538015,1,34.29926658,0.482515717,0.497119326
image_0213_jpg.rf.15a4a3953d583cced6f4bff49db86213_flip.jpg,train,over-arch,0.699331,1,32.96595982,0.50126181,0.502667688
image_0193_jpg.rf.cb18f83510501f38820c83a72b7975f9.jpg,train,over-arch,0.65688473,1,32.35809949,0.514840097,0.498347798
image_0313_jpg.rf.4313486659c76df29bf00ad3ef52a4ad_rot-15.jpg,train,over-arch,0.6910909,1,34.28531569,0.48479483,0.496845056
image_0350_png_jpg.rf.03cd57db1f72f4fc8e64b03400ebca55.jpg,train,over-arch,0.69037354,1,33.03571429,0.480693925,0.500373158
image_0344_png_jpg.rf.325f960862b7839cfdc7e2db05eca255.jpg,train,over-arch,0.73223037,1,33.03571429,0.48723774,0.501562042
image_0085_png_jpg.rf.22fd79143016655f0b1e55aabd467241.jpg,train,over-arch,0.68503815,1,32.78260523,0.524807337,0.498605853
image_0200_jpg.rf.90b3aca288c643b66ec16df379f5897a_rot-15.jpg,train,over-arch,0.70683986,1,34.32118941,0.482571879,0.494818683
image_0113_png_jpg.rf.6e062a1b47bf89f54e93b85b4b6ce87a_rot-15.jpg,train,over-arch,0.6624491,1,33.2808514,0.536048934,0.504779999
image_0340_jpg.rf.d419722bf6c7fa8d72d4c64312a1dc90_flip.jpg,train,over-arch,0.7065477,1,32.90617028,0.517642244,0.499443121
image_0114_png_jpg.rf.d54a9c9b5688297bbf9fd25afb7614f6_flip.jpg,train,over-arch,0.7204731,1,32.97991071,0.514729982,0.499928848
image_0105_png_jpg.rf.e137f84ef8686cbd8377f3b2ecdec5b6_rot-15.jpg,train,over-arch,0.7097667,1,34.35108418,0.486883636,0.496760999
image_0329_jpg.rf.aed537e84c7fafd02d66dfb40b9dfa35.jpg,train,over-arch,0.6702326,1,32.54145408,0.517471684,0.495354093
image_0729_png_jpg.rf.0378123d43194a173cddeb977e564637.jpg,train,over-arch,0.69112027,1,32.42386798,0.498272952,0.499578768
image_0834_png_jpg.rf.ae91c4aab7b267abb8a5405391d7a52e.jpg,train,over-arch,0.6991676,1,33.03571429,0.471877566,0.502785889
image_0007_png_jpg.rf.471c8047044dc1a935a244ef96868a1c.jpg,train,over-arch,0.6508733,1,32.03324298,0.523491136,0.496879104
image_0055_png_jpg.rf.d93263dbacecbf5fa1888f760c27e4c1_rot-15.jpg,train,over-arch,0.6758583,1,33.3207111,0.466484179,0.496147415
image_0291_png_jpg.rf.053d7b65144959d4af504a644c7e7dd5_rot-15.jpg,train,over-arch,0.66896373,1,33.37053571,0.505180291,0.50144657
image_0248_png_jpg.rf.7096cb89a738f0cbcf95840c3a7c8ba5_flip.jpg,train,over-arch,0.68885285,1,32.42785395,0.524101904,0.496365998
image_0271_png_jpg.rf.3afc99e112a553e29c5fe8a31b48640f_rot-15.jpg,train,over-arch,0.6912682,1,33.05365115,0.490541347,0.493010586
image_0127_png_jpg.rf.083467b9b2f6a404bbe6982d7daeb7f2_rot-15.jpg,train,over-arch,0.6656404,1,33.17522321,0.471919867,0.493342649
image_0070_png_jpg.rf.1884402bf07daf6ce39119b3b3a5440e_rot-15.jpg,train,over-arch,0.670206,1,33.65353954,0.487018459,0.499703926
image_0330_png_jpg.rf.73fc6f9a9e65966d5f3fa53b66298827.jpg,train,over-arch,0.70771736,1,33.03571429,0.476026077,0.501997149
image_0397_png_jpg.rf.53728db7abb7f0c852967029640da1d2_rot-15.jpg,train,over-arch,0.72989666,1,34.25940689,0.476986034,0.494063731
image_0244_jpg.rf.a5af3244c7931d97f2c9951d0317b529.jpg,train,over-arch,0.66252583,1,32.42984694,0.483671517,0.501177225
image_0023_png_jpg.rf.8f53470888c7b02f67bd0d37f157788a_flip.jpg,train,over-arch,0.73482627,1,32.47767857,0.506709616,0.503747236
image_0810_png_jpg.rf.40b5ef668297c14a4c35b8d58751a894.jpg,train,over-arch,0.7035871,1,33.03571429,0.474093055,0.501433336
image_0329_jpg.rf.2958724f8f8794e6d4dcdd011263155f_flip.jpg,train,over-arch,0.6822975,1,33.01977041,0.509204935,0.503540116
image_0765_png_jpg.rf.70795b7bb134c19f3efb679b4ef53332_rot-15.jpg,train,over-arch,0.71127737,1,34.22751913,0.476304957,0.491906214
image_0558_png_jpg.rf.695c71359e6253f02c31114800c2ea9b.jpg,train,over-arch,0.72130895,1,33.0078125,0.484103179,0.501395322
image_0075_png_jpg.rf.2141de4962b3ec28f3f3033454cdd09d.jpg,train,over-arch,0.7337379,1,32.47767857,0.475961035,0.502369789
image_0128_png_jpg.rf.bd9ef12084c12987f0ba147d32e26f9c_rot-15.jpg,train,over-arch,0.6881445,1,34.23748406,0.478110238,0.493432997
image_0175_jpg.rf.578c8801831605adb56068904d71a51c_flip.jpg,train,over-arch,0.6832673,1,33.03172832,0.507833694,0.498225983
image_0087_png_jpg.rf.e9d8c2561340658522a8e5cc837da8c6.jpg,train,over-arch,0.6581392,1,32.29233099,0.490406344,0.504641274
image_0103_png_jpg.rf.c6172429b42e0b8c0376b38480e801db.jpg,train,over-arch,0.6936777,1,32.07110969,0.469251621,0.497539175
image_0255_png_jpg.rf.61629c8b4a94eda96cbd777bdc34c14e_flip.jpg,train,over-arch,0.65772176,1,31.62468112,0.510767271,0.499168402
image_0094_png_jpg.rf.17c62d63a52040f8e4ddebd2b76c24eb_rot-15.jpg,train,over-arch,0.69636154,1,34.1796875,0.488140403,0.49847487
image_0244_jpg.rf.e859fb3af9050c2e2251dc70111f1612.jpg,train,over-arch,0.6663997,1,32.57134885,0.484429506,0.504989034
image_0234_jpg.rf.bfd8b63a83e38ab941638bc3ede9cfdd_rot-15.jpg,train,over-arch,0.67816633,1,33.58577806,0.479268197,0.493124008
image_0835_png_jpg.rf.1ddb15cb2494b972f8f1140c496c973c.jpg,train,over-arch,0.72901887,1,32.94403699,0.519602553,0.501606562
image_0606_png_jpg.rf.77c343bc1030bfae860ba6b39302f751.jpg,train,over-arch,0.68374044,1,32.50956633,0.487455253,0.500919084
image_0946_png_jpg.rf.baa3c0be098f216455b416f6b7c10870_flip.jpg,train,over-arch,0.67353195,1,32.07310268,0.474988789,0.49612418
image_0330_png_jpg.rf.73fc6f9a9e65966d5f3fa53b66298827_rot-15.jpg,train,over-arch,0.70251626,1,34.34510523,0.477781875,0.496116728
image_0094_png_jpg.rf.17c62d63a52040f8e4ddebd2b76c24eb.jpg,train,over-arch,0.6994426,1,32.87029656,0.487093597,0.501566075
image_0314_jpg.rf.ec4c55a21cb66714b0d39cf8f8c8b276_flip.jpg,train,over-arch,0.715066,1,32.99784758,0.516264463,0.499705714
image_0087_png_jpg.rf.25524347cf655c95cab58329f0e7820f_rot-15.jpg,train,over-arch,0.71539736,1,34.27734375,0.480738308,0.495954205
image_0951_png_jpg.rf.0160c0be2b427c9bbb0fcc032b9ec8db_rot-15.jpg,train,over-arch,0.7024105,1,34.23349809,0.478561864,0.497539968
image_0253_jpg.rf.b3280876e8538e3ea3915ba04d6de1f1_rot-15.jpg,train,over-arch,0.68721443,1,33.78308355,0.477406828,0.497471092
image_0834_png_jpg.rf.86991feec9429e2d6a5fa10eaad92852_rot-15.jpg,train,over-arch,0.6709699,1,33.79902742,0.46751348,0.497185993
image_0607_png_jpg.rf.bcb82d0570e7a506110e50c3f0bd2f81.jpg,train,over-arch,0.6608222,1,32.35809949,0.486076242,0.499479383
image_0122_png_jpg.rf.8a7c326bcfb49c177f8891cd62f8a672_rot-15.jpg,train,over-arch,0.6670691,1,34.14580676,0.485722964,0.496044943
image_0234_jpg.rf.94d8ce4e32da4da7b5641e93fdf5c9f8_flip.jpg,train,over-arch,0.67653155,1,32.45176977,0.522410491,0.503726273
image_0844_png_jpg.rf.fdf7843d1cbd616adf6714b0efd91950_flip.jpg,train,over-arch,0.7182408,1,33.00980548,0.514629112,0.500928882
image_0219_png_jpg.rf.4ddcd5b1e9ef33e0c7a00b7a6c9a3916_rot-15.jpg,train,over-arch,0.68660927,1,34.26339286,0.481014794,0.495210038
image_0055_png_jpg.rf.8d0813573bcd4ff9393156d1dd855672_rot-15.jpg,train,over-arch,0.70162517,1,33.57581314,0.481110976,0.493737661
image_0075_png_jpg.rf.405063a30bc7205f78903a4894a34f3e_rot-15.jpg,train,over-arch,0.74841046,1,34.3490912,0.480885226,0.495172901
image_0863_png_jpg.rf.f210158bb67118bc81af0d146230b6c9_flip.jpg,train,over-arch,0.7011021,1,32.93407207,0.513369524,0.498689304
image_0331_jpg.rf.1ef5b18170adb00c5259599254037158_flip.jpg,train,over-arch,0.6834583,1,32.65505421,0.513057122,0.50138157
image_0182_jpg.rf.5ff0c8bc30bddef6d6d51bfd5c0773d0_rot-15.jpg,train,over-arch,0.6972819,1,33.82493622,0.489901041,0.495539278
image_0889_png_jpg.rf.ecc39f1e64bcb6c70edfa40dbbbb74b5_rot-15.jpg,train,over-arch,0.6742518,1,33.04767219,0.538356126,0.508776841
image_0465_png_jpg.rf.1585e317b39c6840f1a8e534afee0e13.jpg,train,over-arch,0.68335736,1,31.59478635,0.507039385,0.504735101
image_0392_png_jpg.rf.443581d780598682d9cb8bfe0eacf764_flip.jpg,train,over-arch,0.6781493,1,33.00183355,0.522981896,0.501330133
image_0037_png_jpg.rf.7ae66fe6182c36fe92b7fbfb341c4876.jpg,train,over-arch,0.65932244,1,31.87779018,0.528532649,0.493641137
image_0073_png_jpg.rf.53dd7ff354d15860eb5c29e878d6f9b1_rot-15.jpg,train,over-arch,0.6933998,1,34.30524554,0.476851728,0.494588004
image_0899_png_jpg.rf.485c5cf8e1305e521584769cd0cb69bf.jpg,train,over-arch,0.6683118,1,31.75023916,0.47994249,0.499534548
image_0976_png_jpg.rf.9afcfec23a47cd60e3a45d3b698de79f.jpg,train,over-arch,0.7159114,1,32.95400191,0.479821741,0.498808515
image_0417_jpg.rf.aa72461f56750726215af904e048f9dc_flip.jpg,train,over-arch,0.6374215,1,31.25398597,0.523181091,0.508532416
image_0334_png_jpg.rf.60ee8b8a266ad6bf84e00bb779a3b6fb.jpg,train,over-arch,0.68808323,1,32.44579082,0.472007712,0.501796738
image_0014_png_jpg.rf.5ed2193c18d0156e011da4858b0ce346_rot-15.jpg,train,over-arch,0.6441401,1,33.5020727,0.469735325,0.487761256
image_0339_jpg.rf.7cc4510310b4f350020305313daa064c.jpg,train,over-arch,0.6787117,1,32.32023278,0.518941794,0.494428513
image_0068_png_jpg.rf.c77384a339c97b3998c40c696456e7f2.jpg,train,over-arch,0.6767026,1,32.11495536,0.490262911,0.50018725
image_0358_png_jpg.rf.c4798d59b71223bf8e699e9da9db4ef5_rot-15.jpg,train,over-arch,0.6481859,1,33.13536352,0.458235431,0.493587482
image_0422_jpg.rf.61d199a775c76ffef6512ad6ced94299_flip.jpg,train,over-arch,0.7195752,1,32.67897003,0.482499567,0.503803701
image_0331_jpg.rf.1ef5b18170adb00c5259599254037158.jpg,train,over-arch,0.68346196,1,32.65505421,0.482477527,0.501381526
image_0131_png_jpg.rf.6fcc50cb8e5776ccd3816b037e321c9c_rot-15.jpg,train,over-arch,0.6855069,1,34.30125957,0.487982735,0.498605649
image_0358_png_jpg.rf.80c5b688f63cd3296eae0a3a9b48ce5b_rot-15.jpg,train,over-arch,0.6778592,1,34.32517538,0.474504221,0.495295772
image_0927_png_jpg.rf.add75ad2e2df52c6128e5a7143070a29_flip.jpg,train,over-arch,0.7004716,1,32.90617028,0.507842986,0.500550626
image_0316_jpg.rf.6c33636814a1a38dbe8b7b28d1e66f78.jpg,train,over-arch,0.69614524,1,32.90816327,0.474643104,0.499455437
image_0065_png_jpg.rf.ac8a1c706a929bd95e42126a63b1db0f.jpg,train,over-arch,0.67648566,1,32.22257653,0.524246645,0.501519031
image_0366_jpg.rf.d3c0c37fcd207777ce3bb0430728e2cc_flip.jpg,train,over-arch,0.68232286,1,32.85634566,0.47563444,0.502241201
image_0520_png_jpg.rf.29a8bd3fa65a57910779b27817235bef_rot-15.jpg,train,over-arch,0.71464974,1,34.34311224,0.476354926,0.497081328
image_0606_png_jpg.rf.9d4b477c950c0bef96fb360192605a47_rot-15.jpg,train,over-arch,0.68220496,1,33.58378508,0.468477498,0.48869119
image_0162_jpg.rf.fce8e0809e97737a15998e49c47d0360_rot-15.jpg,train,over-arch,0.7297663,1,34.34510523,0.483361458,0.496979183
image_0055_png_jpg.rf.bd3ddc52f3ccbbb5d8dd34e8c91173fd_flip.jpg,train,over-arch,0.72158796,1,33.03571429,0.511998339,0.502332719
image_0259_png_jpg.rf.9de45d34371b74725df255a30b24946a.jpg,train,over-arch,0.7198989,1,33.03571429,0.483486474,0.50141223
image_0304_jpg.rf.5a94b451952c0f36a46d9b7bb404a46e_rot-15.jpg,train,over-arch,0.6508329,1,33.66749043,0.490237318,0.494438304
image_0226_png_jpg.rf.0e8615015272a42b37c8f7bf6593088a_rot-15.jpg,train,over-arch,0.71274513,1,34.23349809,0.485280281,0.496163038
image_0255_png_jpg.rf.4086d4c18c58b845194c6f265ed2ecb6_rot-15.jpg,train,over-arch,0.7041659,1,34.34311224,0.483424383,0.49737448
image_0164_png_jpg.rf.a972334b8e65a8e424856bdcede59406.jpg,train,over-arch,0.69104284,1,32.9819037,0.476969231,0.498642583
image_0882_png_jpg.rf.a847cd05ed9bb14065b90c3f9770a67b_rot-15.jpg,train,over-arch,0.6612018,1,33.07358099,0.514742687,0.511425012
image_0175_jpg.rf.578c8801831605adb56068904d71a51c_rot-15.jpg,train,over-arch,0.6794711,1,34.31321747,0.489570056,0.495534437
image_0164_png_jpg.rf.a972334b8e65a8e424856bdcede59406_flip.jpg,train,over-arch,0.6910828,1,32.9819037,0.518566525,0.498642221
image_0712_png_jpg.rf.2d39d61b0f23274ad5a75dcdf63589d4_rot-15.jpg,train,over-arch,0.64309514,1,33.56186224,0.516846892,0.505318044
image_0270_jpg.rf.3c2a9ab2449a8dc61928114efe2f5a84.jpg,train,over-arch,0.6680351,1,32.35411352,0.472657746,0.499622138
image_0723_png_jpg.rf.ad86f8651301cbddd18e3add7e77bc9d_rot-15.jpg,train,over-arch,0.71352553,1,34.28930166,0.491502749,0.498169771
image_0085_png_jpg.rf.af7dcc5937c8a752e7580de6bd1daf60_rot-15.jpg,train,over-arch,0.6488444,1,33.57581314,0.478274705,0.490975319
image_0255_jpg.rf.0d1672716b7df70b4fd743a64ecc068f_flip.jpg,train,over-arch,0.665952,1,32.30628189,0.520795981,0.500537271
image_0837_png_jpg.rf.f7db8f374e59acd29a721c16a5120bc6_flip.jpg,train,over-arch,0.67152035,1,32.57932079,0.511477683,0.501611152
image_0413_png_jpg.rf.756a573298e9d62d1f623cfd75ca5449_flip.jpg,train,over-arch,0.70547336,1,32.92610013,0.50831579,0.500355377
image_0049_png_jpg.rf.8571b0f154662f4f6c0aafaa812f1457_flip.jpg,train,over-arch,0.6846645,1,31.39947385,0.515266395,0.504021797
image_0385_png_jpg.rf.392f57b4b156c2519b211dc72659da44_rot-15.jpg,train,over-arch,0.7161447,1,34.34510523,0.492296494,0.499416583
image_0358_jpg.rf.c66e1ba49f520af29429966b2d4f3096_flip.jpg,train,over-arch,0.66852635,1,32.29033801,0.468794719,0.500761286
image_0295_jpg.rf.dbb1f89d745af77f353a4a0246602e2c_rot-15.jpg,train,over-arch,0.6763437,1,33.57382015,0.480355087,0.499257673
image_0345_jpg.rf.0d6bd2870dd2ce705d8674a0ab56fc11_flip.jpg,train,over-arch,0.6574558,1,31.23604911,0.50957204,0.499775342
image_0349_jpg.rf.12fc38a3c0630d5d78494cd98a6657b9_flip.jpg,train,over-arch,0.6841361,1,33.01179847,0.51940391,0.501198639
image_0304_jpg.rf.c27df58762ee7e0b14861fc235ffae26_rot-15.jpg,train,over-arch,0.66674936,1,34.19164541,0.487739348,0.495525549
image_0203_jpg.rf.0e7786243e80c0faa843caba0158a366.jpg,train,over-arch,0.70266527,1,33.02375638,0.475323535,0.504287491
image_0345_jpg.rf.b0ac6a283a51dfb1fb33980008696e1f.jpg,train,over-arch,0.705877,1,33.01179847,0.48149167,0.502816623
image_0162_jpg.rf.fce8e0809e97737a15998e49c47d0360_flip.jpg,train,over-arch,0.73676944,1,33.03571429,0.513583474,0.501359686
image_0073_png_jpg.rf.53dd7ff354d15860eb5c29e878d6f9b1.jpg,train,over-arch,0.69808125,1,33.0078125,0.474639476,0.500702644
image_0398_jpg.rf.8e00941bcc3a3b784e232444597e0ad6.jpg,train,over-arch,0.68574196,1,32.89421237,0.485691529,0.502899312
image_0521_png_jpg.rf.68732b57e99efdb3d8d828d51e974e34_flip.jpg,train,over-arch,0.7261533,1,32.94602997,0.512801286,0.498796864
image_0483_png_jpg.rf.fe24aa44f46f02ba2aa2593ebe09cda1_rot-15.jpg,train,over-arch,0.7159894,1,34.25143495,0.485307813,0.496383078
image_0946_png_jpg.rf.baa3c0be098f216455b416f6b7c10870.jpg,train,over-arch,0.67353153,1,32.07110969,0.52054535,0.496123256
image_0345_png_jpg.rf.b7c44bc63c44b23d68ad394afc8842dd_flip.jpg,train,over-arch,0.69975245,1,32.99784758,0.517562058,0.498717611
image_0619_png_jpg.rf.ffa4ca4a87fb4aeda75413d79812ead5.jpg,train,over-arch,0.71559703,1,32.95200893,0.481875669,0.499444964
image_0248_png_jpg.rf.163d9293804ebc686b45cdfed2f7cf35.jpg,train,over-arch,0.6851498,1,32.58330676,0.486687557,0.502630264
image_0289_jpg.rf.1839eabc3882f0b2c35436626788d83c.jpg,train,over-arch,0.7104296,1,33.03571429,0.465627525,0.502518485
image_0344_jpg.rf.666339cc754a8111d0d79521cd49e0db_flip.jpg,train,over-arch,0.6625344,1,31.66254783,0.481381439,0.506912811
image_0303_jpg.rf.827518acfa0dbc22721b01e663afc0b3_flip.jpg,train,over-arch,0.6468517,1,31.48716518,0.5155566,0.500067145
image_0221_png_jpg.rf.a81be118ec6a6855a67715949597b24c_flip.jpg,train,over-arch,0.69442356,1,33.03571429,0.514788221,0.50040887
image_0465_png_jpg.rf.1585e317b39c6840f1a8e534afee0e13_flip.jpg,train,over-arch,0.68332005,1,31.59677934,0.488496498,0.504735516
image_0816_png_jpg.rf.fe53857907c628700a9b8da69e490490_rot-15.jpg,train,over-arch,0.7475361,1,34.35108418,0.488157698,0.499900479
image_0243_png_jpg.rf.43a6d33a2ad79848fe08ead1850e74ad_flip.jpg,train,over-arch,0.6731143,1,32.63911033,0.493645463,0.502396328
image_0375_png_jpg.rf.c7953525cfe9a7d5625de530d2ea9904_rot-15.jpg,train,over-arch,0.6880097,1,33.68742028,0.480740418,0.494676392
image_0570_png_jpg.rf.711f5ebc8760e7cde24d014d80e6ee5c_flip.jpg,train,over-arch,0.6714547,1,32.27439413,0.466414626,0.494705065
image_0131_png_jpg.rf.0f2b4b951e2ebbe8f56d593b4b5c1435_flip.jpg,train,over-arch,0.6770597,1,32.44579082,0.516246487,0.500506447
image_0924_png_jpg.rf.b458c19e4a8819ee7723f767c0471cf8.jpg,train,over-arch,0.71322244,1,33.02375638,0.480003967,0.499252146
image_0316_jpg.rf.6c33636814a1a38dbe8b7b28d1e66f78_flip.jpg,train,over-arch,0.6961034,1,32.90816327,0.520892087,0.499455316
image_0265_png_jpg.rf.4acb5b1a49cca10da944e516c51e50db.jpg,train,over-arch,0.69765073,1,32.39795918,0.472960846,0.497562405
image_0193_png_jpg.rf.9ac4116642b29adaeda3766bc8c8f96e_rot-15.jpg,train,over-arch,0.7014652,1,34.30723852,0.49011981,0.498929302
image_0492_png_jpg.rf.8edb7844f2fe91c125bb45fc51a87cdd.jpg,train,over-arch,0.70318365,1,32.98788265,0.47148561,0.503481467
image_0158_png_jpg.rf.b35574af2b6568382fcb835b230bc36b_rot-15.jpg,train,over-arch,0.67839694,1,33.70934311,0.471891254,0.490615133
image_0007_png_jpg.rf.471c8047044dc1a935a244ef96868a1c_rot-15.jpg,train,over-arch,0.64801824,1,33.07756696,0.518492045,0.502047255
image_0103_png_jpg.rf.c6172429b42e0b8c0376b38480e801db_rot-15.jpg,train,over-arch,0.68975896,1,33.41836735,0.472705776,0.490353734
image_0712_png_jpg.rf.2d39d61b0f23274ad5a75dcdf63589d4_flip.jpg,train,over-arch,0.645919,1,32.26642219,0.477347537,0.500570372
image_0134_png_jpg.rf.a4bc087a293d50f7d7c374547f3de5a6.jpg,train,over-arch,0.694231,1,32.15481505,0.471185518,0.494430509
image_0226_png_jpg.rf.0e8615015272a42b37c8f7bf6593088a_flip.jpg,train,over-arch,0.7174817,1,32.92012117,0.511865704,0.500015702
image_0606_png_jpg.rf.9d4b477c950c0bef96fb360192605a47_flip.jpg,train,over-arch,0.6834526,1,32.34614158,0.531025282,0.496997458
image_0132_png_jpg.rf.1f2bcd7f6e7bffde604758c85755cc24_flip.jpg,train,over-arch,0.66731167,1,32.86830357,0.476515873,0.501965142
image_0085_png_jpg.rf.8266bbd511cce596dca428064b92eb36_flip.jpg,train,over-arch,0.65557724,1,32.4477838,0.521577186,0.499935235
image_0834_png_jpg.rf.86991feec9429e2d6a5fa10eaad92852.jpg,train,over-arch,0.674887,1,32.47967156,0.465858834,0.505848996
image_0339_jpg.rf.8cfbc58f4f33a1cc96956592ac05558a_flip.jpg,train,over-arch,0.69930655,1,33.01977041,0.514461466,0.50172794
image_0226_png_jpg.rf.0e8615015272a42b37c8f7bf6593088a.jpg,train,over-arch,0.7174834,1,32.92012117,0.483669811,0.50001608
image_0196_jpg.rf.d66fbc8aaa0e8d64f0b3f6be03dfb5a0.jpg,train,over-arch,0.7115172,1,32.9041773,0.477995082,0.499437306
image_0120_png_jpg.rf.1ace0233c3194ac5a71d947c3f8871b9.jpg,train,over-arch,0.66912705,1,32.86232462,0.484553649,0.500011532
image_0203_jpg.rf.0e7786243e80c0faa843caba0158a366_flip.jpg,train,over-arch,0.70266217,1,33.02375638,0.520212372,0.504288126
image_0295_jpg.rf.a6e61bc1b4abe09f9713cec09f7f0801_flip.jpg,train,over-arch,0.68900037,1,32.40991709,0.525547773,0.500998657
image_0898_png_jpg.rf.95d39398b406cf4d999b5b5b7fca16a3_flip.jpg,train,over-arch,0.648524,1,32.11296237,0.482490635,0.503300565
image_0630_png_jpg.rf.b9c728c2af0be22b96ab2b2ce1952cbe.jpg,train,over-arch,0.7037886,1,33.03571429,0.480891883,0.501809992
image_0358_jpg.rf.7cb3cb8bebbe9d509ff2279c6f0a2280_flip.jpg,train,over-arch,0.6998888,1,33.01977041,0.518055069,0.499226942
image_0360_jpg.rf.23121d957974429984704c224bbc1917_flip.jpg,train,over-arch,0.6689484,1,32.97393176,0.523115887,0.50118385
image_0482_png_jpg.rf.27f68be4b6893dca60e7295b4c7499ec_rot-15.jpg,train,over-arch,0.6431672,1,32.8902264,0.508338466,0.501058409
image_0259_png_jpg.rf.08464bd194a1245c05439aa73cc02b18_rot-15.jpg,train,over-arch,0.7044104,1,33.62563776,0.483651848,0.494070435
image_0324_jpg.rf.cf5cca1739eb1e5d549be55d640226db.jpg,test,flat foot,0.61970806,1,32.31026786,0.470992783,0.497592675
image_0373_jpg.rf.00bee0647611eb89ebc12bec6fb50c2a.jpg,test,flat foot,0.64997333,1,32.73676658,0.489007041,0.504339274
image_0220_jpg.rf.29cc3dd66a931a8f21391a267ecff104.jpg,test,flat foot,0.7070077,1,33.03571429,0.478512103,0.502721036
image_0118_png_jpg.rf.33887f28f80952e77c346c8c3dc4432f.jpg,test,flat foot,0.6912145,1,32.62715242,0.523144629,0.502446944
image_0264_jpg.rf.6b0754a094fe91ad0a35598bc56669bb.jpg,test,flat foot,0.64543694,1,31.92562181,0.487064845,0.491605803
image_0310_png_jpg.rf.cb0c08d3e1196025be5ae2dfb747f289.jpg,test,flat foot,0.6936437,1,32.99984056,0.464621509,0.503655002
image_0059_png_jpg.rf.5615261a0eabde9f95d4f1a902e2de7a.jpg,test,flat foot,0.6863163,1,33.03571429,0.467437175,0.503268433
image_0363_png_jpg.rf.f255d8da809a2d4f28ff78b680e2337f.jpg,test,flat foot,0.63001096,1,31.68845663,0.527161829,0.499981267
image_0408_jpg.rf.5a17b6a965dd6b81265804ad0181a3ad.jpg,test,flat foot,0.69160604,1,32.91414222,0.476426332,0.499321841
image_0172_jpg.rf.92298caee432d16190f67b9bb9064727.jpg,test,flat foot,0.6734956,1,32.51155931,0.532592986,0.497555471
image_0385_jpg.rf.e18475ba007cb0641c2d0cf648759c0d.jpg,test,flat foot,0.6843686,1,33.01777742,0.466941371,0.505087422
image_0381_png_jpg.rf.2ffc412ab0153a4db336b3f9b4cd9e5c.jpg,test,flat foot,0.68784064,1,32.94204401,0.491032963,0.501588348
image_0513_png_jpg.rf.745799854a07b7cc96cd9f247f80a7bb.jpg,test,flat foot,0.67479706,1,31.80404974,0.466982699,0.494990285
image_0697_png_jpg.rf.e5957482154362ac7b29745e29298dba.jpg,test,flat foot,0.6703246,1,32.21859056,0.506522222,0.506186833
image_0078_png_jpg.rf.6c244ac452960c984116fafab7eae6c5.jpg,test,flat foot,0.70371467,1,32.57334184,0.488650816,0.501909413
image_0156_jpg.rf.09714184cae1f78ed2b770488229915b.jpg,test,flat foot,0.7186674,1,32.55341199,0.484122745,0.502641694
image_0386_jpg.rf.c871035abb732e9ed63760e34af8dbd5.jpg,test,flat foot,0.64103043,1,32.27040816,0.5041313,0.502090086
image_0041_png_jpg.rf.54c7b8917b43268ceb9c810112e3fd39.jpg,test,flat foot,0.70205545,1,32.48166454,0.500981409,0.501493432
image_0077_png_jpg.rf.d3fb007887a148ec2c3aef897cb923c5.jpg,test,flat foot,0.6513996,1,31.12244898,0.484047164,0.502555555
image_0369_jpg.rf.1899abb1edfb7e3e82210dcb676cb52e.jpg,test,flat foot,0.6358958,1,32.73278061,0.529946172,0.492590879
image_0632_png_jpg.rf.2f4f1bdd07f29d8098a62d4deda48e2f.jpg,test,flat foot,0.68925893,1,33.02375638,0.484582766,0.501938085
image_0323_jpg.rf.30d51130d0ae8f43dd0870a928ac33aa.jpg,test,flat foot,0.5985232,1,32.03125,0.514320323,0.498908433
image_0373_jpg.rf.841d551dc117d383704b7d67b978728a.jpg,test,flat foot,0.6531685,1,33.01977041,0.48865549,0.502996996
image_0032_png_jpg.rf.fdfa53086a2792f31b2dc58904de553c.jpg,test,flat foot,0.6773956,1,32.92610013,0.472444239,0.4979043
image_0488_png_jpg.rf.859b4739fff64795fa2ee4d2e35551e9.jpg,test,flat foot,0.6727842,1,32.0571588,0.512431501,0.506833787
image_0643_png_jpg.rf.25a081772f7448ea51ed6ea504bc0f17.jpg,test,flat foot,0.68593764,1,32.69690689,0.519358941,0.498043138
image_0437_png_jpg.rf.209ea54faae2bae9e7ba0e6abb433f1b.jpg,test,flat foot,0.7047236,1,32.98588967,0.482175375,0.503731604
image_0611_png_jpg.rf.4d1d36de64bbab9f1430a3b5d1fbb6de.jpg,test,flat foot,0.71115696,1,33.00183355,0.484026571,0.499673024
image_0371_jpg.rf.c12b0ff1f68cbb398399fca2fb0be846.jpg,test,flat foot,0.68590343,1,32.50757334,0.533045066,0.49923175
image_0060_png_jpg.rf.7c97742c30c2b1e2dd7a8615582e33e4.jpg,test,flat foot,0.7185062,1,32.41589605,0.472565016,0.501110204
image_0697_png_jpg.rf.205557bf224b0d10ca196f6b06bb813c.jpg,test,flat foot,0.6649811,1,32.19268176,0.480432687,0.496159631
image_0032_png_jpg.rf.3aea00de50f455a32eaca1368f01161f.jpg,test,flat foot,0.6775764,1,32.95798788,0.4727317,0.498129097
image_0261_jpg.rf.30de3b26c1d18595b6034105a00d1301.jpg,test,flat foot,0.651441,1,32.54145408,0.51504128,0.500874064
image_0697_png_jpg.rf.0ab462a64bf59b4802605318e5c08b97.jpg,test,flat foot,0.6822252,1,32.75071747,0.483777348,0.496461389
image_0206_png_jpg.rf.977d93b8aceb99e69ede84374cfd8ffb.jpg,test,flat foot,0.6592459,1,32.80452806,0.489239477,0.498238608
image_0670_png_jpg.rf.fb53297e9aa570a40ae50d1a44cec830.jpg,test,flat foot,0.6260846,1,32.43981186,0.473663003,0.503487516
image_0987_png_jpg.rf.f078c47d0e71ea88b564bbbb40363fd4.jpg,test,flat foot,0.6782996,1,33.02176339,0.48436806,0.501904571
image_0481_png_jpg.rf.0770ff7df02ddb4c066b5065ff8592aa.jpg,test,flat foot,0.62741196,1,32.83442283,0.486253914,0.496613458
image_0642_png_jpg.rf.769c72825ea94a20c21c54ae3809e29a.jpg,test,flat foot,0.6947675,1,32.99186862,0.477243446,0.502861527
image_0670_png_jpg.rf.5a075d1879675daf5a65a211cf155512.jpg,test,flat foot,0.63529944,1,33.01578444,0.477598321,0.503623578
image_0205_png_jpg.rf.9c439275578e80272504d9dfe92b7c1d.jpg,test,flat foot,0.62750286,1,31.49314413,0.507487527,0.492835251
image_0318_jpg.rf.c5ee2fffa95614b710afa46aea9de5b7.jpg,test,flat foot,0.6621134,1,32.86033163,0.485265618,0.499574414
image_0101_png_jpg.rf.0b7ed5eb5e8185bf29d4bb82f0a3f448.jpg,test,flat foot,0.6937428,1,32.67897003,0.486683065,0.495702553
image_0124_png_jpg.rf.7dffc88d8b5f3155b143e7dbf4ac4b39.jpg,test,flat foot,0.7055879,1,32.89421237,0.479013875,0.499541918
image_0423_png_jpg.rf.625dc548917e6229a04930487b6169d0.jpg,test,flat foot,0.66422224,1,32.90218431,0.484229982,0.499392724
image_0035_png_jpg.rf.b5e811d704b2cd376d3bd78b6cda9319.jpg,test,flat foot,0.65384096,1,33.00980548,0.488722415,0.507207433
image_0346_png_jpg.rf.d3b2a1721fbd3abde956b3d669a6e258.jpg,test,flat foot,0.7122611,1,33.00183355,0.485569739,0.501439222
image_0155_jpg.rf.4e1fe9462712641e8dead4a7c26dda2d.jpg,test,flat foot,0.70056325,1,33.03571429,0.472192352,0.503038509
image_0292_jpg.rf.8b46be4655d1a6f79b2626e9d6c2f497.jpg,test,normal,0.6603224,1,32.5394611,0.499819231,0.498957748
image_0104_png_jpg.rf.62b702ca8944695ba9bd618204d37610.jpg,test,normal,0.688559,1,32.91015625,0.480267903,0.500457197
image_0180_png_jpg.rf.04e59eba19805bda2a2e92dadf3d745e.jpg,test,normal,0.6795976,1,32.86830357,0.47932408,0.498692359
image_0071_png_jpg.rf.784e4544c55487aecaa09a8f4bf29027.jpg,test,normal,0.6646154,1,32.28834503,0.476051635,0.502659099
image_0249_jpg.rf.d162eb8c0955659e39260449aaf95088.jpg,test,normal,0.66445667,1,32.43981186,0.484779033,0.503005292
image_0169_png_jpg.rf.2ee19a761b557b3c1ca2f224c44b6f6d.jpg,test,normal,0.71944964,1,32.9819037,0.476224054,0.503295364
image_0714_png_jpg.rf.ba6c3949370fb5674f9f360dfd5fe84b.jpg,test,normal,0.6736784,1,32.47767857,0.480686259,0.504168919
image_0372_jpg.rf.b7d4c5252c8c2e7ee2be4ba600e4ae96.jpg,test,normal,0.6538159,1,32.90617028,0.474633123,0.499361326
image_0294_jpg.rf.01123f885ac2a5986ce30eba355544ba.jpg,test,normal,0.6924334,1,32.9300861,0.479062251,0.500462409
image_0735_png_jpg.rf.e315d5e654ce9505932cc101608f39ac.jpg,test,normal,0.67510444,1,31.65457589,0.509142754,0.50794366
image_0414_png_jpg.rf.ac1fff1b1ea3e41d9d57b02019ee0d7f.jpg,test,normal,0.6532286,1,32.97193878,0.486708054,0.503215584
image_0800_png_jpg.rf.e2b40cb25c723c60da2f7f3d545e5b9f.jpg,test,normal,0.70058346,1,32.79257015,0.519469613,0.496758653
image_0280_jpg.rf.773fc0356d8b7dea2c34f7a158cd30e1.jpg,test,normal,0.6719826,1,32.86232462,0.48385226,0.501986674
image_0639_png_jpg.rf.fe3570ba1ed7eaa1613467557d9a5df7.jpg,test,normal,0.7086013,1,32.35012755,0.479551529,0.501437532
image_0185_png_jpg.rf.d744f0be04d87a35b9d67b1bb7d295d1.jpg,test,normal,0.6945763,1,33.03571429,0.475805541,0.500739881
image_0046_png_jpg.rf.8e7322e4ed6a22b65619284c81ef5659.jpg,test,normal,0.67378086,1,31.72433036,0.498736153,0.498551474
image_0402_jpg.rf.26eb39e73b22e1f736be5947ced5fbce.jpg,test,normal,0.68243843,1,32.92809311,0.488951345,0.500332404
image_0676_png_jpg.rf.a031fdab2978c0b0fac2794c601b3e81.jpg,test,normal,0.71232224,1,33.03571429,0.476180167,0.501588571
image_0128_png_jpg.rf.0359d51fc8410ffe3c29b102fb9075a8.jpg,test,normal,0.7070123,1,32.95400191,0.480091435,0.50075572
image_0120_png_jpg.rf.9f3ec8ca9a6f80778d531216d838957b.jpg,test,normal,0.68037456,1,32.59725765,0.478773399,0.497887711
image_0185_jpg.rf.943ad90330c9bab09c5229779de4f0ad.jpg,test,normal,0.6750332,1,32.3959662,0.535588518,0.497147592
image_0190_jpg.rf.a9e7eef881f991eaab2b5d6f2ccd86eb.jpg,test,normal,0.7012177,1,32.95200893,0.470960333,0.498098027
image_0802_png_jpg.rf.3e3c5754b27e65d698752f85acc31140.jpg,test,normal,0.70289016,1,32.80851403,0.523870416,0.499066122
image_0158_jpg.rf.17fad6acd6a0fdf128258e9c2968d94a.jpg,test,normal,0.66845745,1,32.6690051,0.47416423,0.495642366
image_0259_jpg.rf.184a92556ef7b4f023f584e9116cc543.jpg,test,normal,0.72760785,1,33.01179847,0.479381896,0.50179585
image_0215_png_jpg.rf.3b00eb6fdfcbb7771ddf3fe7e3c9090a.jpg,test,normal,0.71284616,1,33.0078125,0.478771721,0.502175447
image_0967_png_jpg.rf.683c90a32bd69a044c1b2065fc5c9f69.jpg,test,normal,0.70614886,1,32.99386161,0.471675739,0.504083012
image_0075_png_jpg.rf.e64bd0d964ed83cf71cab570850061c0.jpg,test,normal,0.6537112,1,32.16876594,0.519714747,0.495809336
image_0010_png_jpg.rf.f221448217da561c26c12284f39cc540.jpg,test,normal,0.6789346,1,32.93407207,0.511649518,0.498960023
image_0468_png_jpg.rf.2c2d7db6139d11e78ca0ba6137f39d85.jpg,test,normal,0.71295434,1,32.96994579,0.486596432,0.501107855
image_0721_png_jpg.rf.18a6da5671eb71149271ccfbff88abef.jpg,test,normal,0.6671165,1,32.43781888,0.475320317,0.503064295
image_0132_png_jpg.rf.ffd5387329b0bfbcb89dc8b316077000.jpg,test,normal,0.67142534,1,32.41191008,0.495496441,0.497374413
image_0111_png_jpg.rf.77b224c75600ed2f9536ba2997786131.jpg,test,normal,0.64684594,1,32.29631696,0.511899021,0.499387216
image_0305_png_jpg.rf.928919e64f909eb4c44ae1452e24f2be.jpg,test,normal,0.7007845,1,32.94005102,0.479916763,0.49900217
image_0203_png_jpg.rf.bb872942ee8236a76eb16f481e9b3542.jpg,test,normal,0.6615703,1,33.01179847,0.486835217,0.503043712
image_0798_png_jpg.rf.d10c0adb22241c58f09111ca293efce4.jpg,test,normal,0.6767457,1,32.5912787,0.467066234,0.497466665
image_0350_jpg.rf.dafb575911ca07fbb1c2bd670bc0f4ea.jpg,test,normal,0.69166464,1,32.93606505,0.478797098,0.499314749
image_0296_jpg.rf.d21da37d867915e0be7dcc14420cbf21.jpg,test,normal,0.6921657,1,32.89421237,0.48204562,0.500046216
image_0026_png_jpg.rf.99201758e1c08ca497b6a1ddb34ef77c.jpg,test,normal,0.66805387,1,32.92410714,0.490374389,0.49982932
image_0461_png_jpg.rf.653ce5449aa7cc94fb78dbee5276dc0f.jpg,test,normal,0.6601381,1,31.93757972,0.499934347,0.501698205
image_0336_png_jpg.rf.e788058a3ae1c4d21a7fa03e8e843ade.jpg,test,normal,0.68946487,1,32.76666135,0.509573464,0.500722946
image_0191_png_jpg.rf.69dd5c39614347877a774008a546f6e2.jpg,test,normal,0.70761806,1,33.03571429,0.480008869,0.500842334
image_0469_png_jpg.rf.edc040aacbb259551c8d6a8a5871b28f.jpg,test,normal,0.7174076,1,32.90019133,0.483747035,0.49969299
image_0173_jpg.rf.d32b4dc39a777fddc3caa1833bdef9a0.jpg,test,normal,0.67799073,1,32.23254145,0.485220098,0.505336402
image_0121_png_jpg.rf.8c3ed2dc27e0cb4f6ce25f25aacd68d5.jpg,test,normal,0.6589307,1,32.19666773,0.508151029,0.497523077
image_0308_jpg.rf.117a211751a6dc5929d0969b55ac533d.jpg,test,normal,0.6688415,1,32.79854911,0.490502351,0.49989783
image_0147_png_jpg.rf.086a0ab9306a052954029eecc8283533.jpg,test,normal,0.70746887,1,32.41589605,0.460139074,0.504659902
image_0283_jpg.rf.7fd0ce120e8367ba7f57b9b45f41c942.jpg,test,normal,0.654864,1,32.42785395,0.493312214,0.501263602
image_0152_png_jpg.rf.5f980b1e341b7817e2cfafa162052881.jpg,test,normal,0.66479164,1,31.35762117,0.483798226,0.495584226
image_0309_jpg.rf.f7dd00f8a916aa55b7bc8dfbc644231a.jpg,test,normal,0.70041406,1,33.01777742,0.474689097,0.502810948
image_0011_png_jpg.rf.724584f4dd887092ea61bcc93ceaf7b5.jpg,test,normal,0.68683624,1,33.00382653,0.480615521,0.500099139
image_0031_png_jpg.rf.7d1d3e0286c5eac1d7ffe099b566160e.jpg,test,normal,0.6842121,1,33.01379145,0.483337619,0.500648325
image_0192_jpg.rf.508126d7e7880b5dde8981723711395a.jpg,test,normal,0.6483815,1,32.40393814,0.529629111,0.497010302
image_0414_jpg.rf.421d1a3d826e1a94837d5fe53256b6bc.jpg,test,normal,0.66612744,1,32.3441486,0.502929426,0.502196195
image_0689_png_jpg.rf.93a5dfd7c2ecd187ba6f42f0c3d91eef.jpg,test,normal,0.7056303,1,32.94602997,0.484178996,0.501120244
image_0266_jpg.rf.473026b7cae54804cc366cb074f8ab76.jpg,test,normal,0.652888,1,32.15680804,0.488887656,0.502459086
image_0030_png_jpg.rf.4cb46439bb689653110b3f07349f226c.jpg,test,normal,0.685423,1,32.96197385,0.48166987,0.499831833
image_0076_png_jpg.rf.450e68a49ba6483e956962306260d295.jpg,test,normal,0.7176675,1,32.93606505,0.480825892,0.503249729
image_0194_jpg.rf.2e8b913e68aff93f370ae07e8efef201.jpg,test,normal,0.66809666,1,32.43183992,0.490053956,0.503310014
image_0147_png_jpg.rf.1d1fd6fd83ca2d81ede9a7cb628d0a20.jpg,test,normal,0.7159594,1,32.99784758,0.468095207,0.503145302
image_0989_png_jpg.rf.e54db897cd63934dae97c394452ba2cc.jpg,test,normal,0.65012056,1,32.43981186,0.516038796,0.49823497
image_0104_png_jpg.rf.25ed11d9fb96f2d48fcef960cdcb3ac3.jpg,test,normal,0.6577802,1,31.89772003,0.512378124,0.50057382
image_0173_jpg.rf.025663c9960cf84bec758405922912bc.jpg,test,normal,0.6665551,1,32.06911671,0.471410608,0.500753991
image_0348_png_jpg.rf.4956da305cd69803da0848f5864fe80c.jpg,test,normal,0.6350387,1,31.59478635,0.513176487,0.504521532
image_0299_jpg.rf.24320698ec66ebfffd9138083ff72176.jpg,test,normal,0.69034326,1,32.94403699,0.481927533,0.497211678
image_0392_jpg.rf.d4d15ebda243f66069f84c29368e460e.jpg,test,normal,0.66758776,1,31.71635842,0.47484341,0.506155348
image_0789_png_jpg.rf.0feaf1d2324b6a75ae44354549d99fae.jpg,test,normal,0.6579855,1,31.81202168,0.532814897,0.498491174
image_0325_jpg.rf.413825c828226f29af0600d612fc292b.jpg,test,normal,0.6858475,1,32.41788903,0.497558437,0.501787656
image_0599_png_jpg.rf.fe397a5870730658a45aa7382e7b2440.jpg,test,normal,0.66988885,1,31.67450574,0.49410161,0.499413904
image_0354_jpg.rf.9deae21025960d8db542970e016fa071.jpg,test,normal,0.6862207,1,32.89620536,0.509836117,0.502476114
image_0969_png_jpg.rf.49c14ee722afa17fb8452f177a07fd6c.jpg,test,normal,0.6846611,1,33.02176339,0.490988056,0.502074235
image_0800_png_jpg.rf.cd8474b4bcfda9e5ac78be94ec4467db.jpg,test,normal,0.6916471,1,32.35411352,0.519482632,0.500269846
image_0789_png_jpg.rf.d78febfdac70227fab0396f4015ddc89.jpg,test,normal,0.692138,1,32.88823342,0.479350409,0.500444746
image_0152_png_jpg.rf.873bbcb7cfd8d52e719ad4866b80a9b1.jpg,test,normal,0.701471,1,32.64508929,0.4933992,0.502519132
image_0553_png_jpg.rf.0960c3061cb72b0ff6a370bc63713b17.jpg,test,normal,0.6592287,1,32.41191008,0.506806409,0.49939128
image_0209_jpg.rf.36bcbf46be2d99dcdb0ab622444c495f.jpg,test,normal,0.6585471,1,31.72034439,0.48272345,0.496950609
image_0806_png_jpg.rf.e292cd9df2c61bfc32d77ec9d5af2239.jpg,test,normal,0.7139899,1,33.03571429,0.477535031,0.502885706
image_0160_jpg.rf.5183ffcccb0ab3856ca22af4b2e85d41.jpg,test,normal,0.6657853,1,32.35809949,0.459047351,0.501058668
image_0174_jpg.rf.212712739f1c81d6f9e4c3868efea6ff.jpg,test,normal,0.7024451,1,32.91414222,0.479317016,0.501276229
image_0178_jpg.rf.e0e4d43fa6ed0cc951eba261d90ee635.jpg,test,normal,0.6765286,1,32.3441486,0.479975367,0.497162904
image_0177_jpg.rf.e2694b4efb1e6d09db86ec47b8067b27.jpg,test,normal,0.6679235,1,32.99585459,0.482611537,0.500851503
image_0554_png_jpg.rf.b6ea1f8943c91e6fb46bf67fc21a1352.jpg,test,normal,0.6923656,1,33.03571429,0.473707362,0.500531225
image_0106_png_jpg.rf.669652929dae44e07dc98875402c1f5c.jpg,test,normal,0.6669694,1,32.94005102,0.490500164,0.501610803
image_0310_jpg.rf.965684ea4c8e48d96633a5ebc3d686e0.jpg,test,normal,0.6891294,1,32.93606505,0.477701985,0.500199052
image_0214_png_jpg.rf.381610df7110d1fb64b4672bbaa015b2.jpg,test,normal,0.6809831,1,32.87627551,0.487520285,0.500598928
image_0348_png_jpg.rf.e75bed707a7fb1a2ccd9acb3f648c83b.jpg,test,normal,0.6439787,1,31.30779656,0.485012389,0.505572917
image_0334_jpg.rf.3da41a53e84f82b5e5c144bd6f494566.jpg,test,normal,0.63200766,1,31.66852679,0.512842761,0.501301623
image_0393_png_jpg.rf.9b7e7956de8f4a6d8fe7e5ab24566480.jpg,test,normal,0.71023774,1,32.95001594,0.49151394,0.5031576
image_0245_jpg.rf.b39d9775af08a9d714feef832ce0d31d.jpg,test,normal,0.681335,1,32.89421237,0.473652025,0.499851908
image_0113_png_jpg.rf.c6f7f3cdbbcf2396e6f126ef3dedbdcd.jpg,test,normal,0.7106168,1,33.03571429,0.475145217,0.501963874
image_0395_jpg.rf.4663d66c4b65dc81438f7558b5e1c563.jpg,test,normal,0.67489177,1,32.96197385,0.488435695,0.499633212
image_0052_png_jpg.rf.3a62ee9bf77d9edc50e00a2f91e2a7a5.jpg,test,normal,0.6580722,1,31.17625957,0.506337399,0.499056258
image_0053_png_jpg.rf.b7ec567309891c31f29285327c04175c.jpg,test,normal,0.6314827,1,31.97544643,0.454374794,0.494546003
image_0210_png_jpg.rf.c5af37ddf8dbe267d4d0b874db1f133b.jpg,test,normal,0.6526832,1,32.28236607,0.525807036,0.499612674
image_0126_png_jpg.rf.a5ee1ca2613493a6de5083c5ce011be8.jpg,test,normal,0.70888996,1,32.92809311,0.488256849,0.500832178
image_0747_png_jpg.rf.b90302937139e1add57e182d5709b9ee.jpg,test,normal,0.7005015,1,32.47967156,0.465018126,0.496121964
image_0415_jpg.rf.416c736292cd0dbf37d28b304db682aa.jpg,test,normal,0.7063963,1,33.00382653,0.473097884,0.501917357
image_0051_png_jpg.rf.026e7c3d85fd02dd82904a9703e839c9.jpg,test,normal,0.6640894,1,32.3042889,0.495104975,0.50489681
image_0308_jpg.rf.eeea75617504cbadc1cd5cbf415fe873.jpg,test,normal,0.6685977,1,32.84438776,0.49101395,0.5001566
image_0205_jpg.rf.a7a030e8972bd345ba44382e817f3a17.jpg,test,normal,0.6649635,1,32.65505421,0.476740021,0.505816722
image_0418_jpg.rf.3ec4bbb614c36c948e5ad3aa0d76cbca.jpg,test,normal,0.6367142,1,32.91812819,0.483614744,0.498747775
image_0292_jpg.rf.975efddc9410a8ca170af0a29263fcd0.jpg,test,normal,0.683788,1,32.8902264,0.482448527,0.501691741
image_0694_png_jpg.rf.2585a5108b85556a6451eeaa47923a74.jpg,test,normal,0.6980338,1,32.45774872,0.470855677,0.502709098
image_0615_png_jpg.rf.4014fbfd2320e81cea1d7a3584b0dc9a.jpg,test,normal,0.7057046,1,32.92610013,0.475291251,0.49865169
image_0197_jpg.rf.eb527f108bd2318a1e86de722ccb0b9b.jpg,test,normal,0.6694852,1,32.44579082,0.473084506,0.497907034
image_0166_png_jpg.rf.84511ea311ba96fc9a85e030b9082626.jpg,test,normal,0.71018916,1,32.34215561,0.467080859,0.495651888
image_0027_png_jpg.rf.a4300b836018add79f23061ec3ce6caa.jpg,test,normal,0.6572265,1,32.24250638,0.461724249,0.498142739
image_0360_png_jpg.rf.00a5de775d94d79c9aff7b96dda2c809.jpg,test,normal,0.69910836,1,33.03571429,0.480211739,0.501697302
image_0416_jpg.rf.dae7f06e0e26c803cbbbef603541a879.jpg,test,normal,0.6850514,1,32.95001594,0.479065411,0.499327289
image_0342_png_jpg.rf.7353c94bfa23941d2a5b0bfdcc8a5c09.jpg,test,normal,0.6925087,1,32.98987564,0.489339976,0.50077656
image_0372_jpg.rf.f91e1685ef4090de676e1280834c77b1.jpg,test,normal,0.6438314,1,32.74673151,0.520208643,0.501898819
image_0180_png_jpg.rf.383bcf0d277e13b2657622ae71b03bb5.jpg,test,normal,0.6632249,1,32.27439413,0.532115493,0.49702237
image_0051_png_jpg.rf.1f2b500b932501483de5881f2f234586.jpg,test,normal,0.6683549,1,32.24051339,0.471431053,0.494889027
image_0237_jpg.rf.1ac4c0efed1d868920cffbbabefdd684.jpg,test,normal,0.67665887,1,32.09901148,0.469052687,0.497921854
image_0201_png_jpg.rf.92d98581e9b5b0c54fbb362cdfbe59a5.jpg,test,normal,0.71503776,1,33.04169324,0.486404868,0.503424695
image_0300_jpg.rf.b80d18be9dd2ed7b8780236c0fd7e6e8.jpg,test,normal,0.6592496,1,32.421875,0.500310273,0.502685993
image_0143_png_jpg.rf.6c32e29ef1f979d395f98abd6b6d8cac.jpg,test,normal,0.69459707,1,32.54145408,0.471646754,0.505653864
image_0973_png_jpg.rf.78c4c5bd940ef0653c399ab986efa93b.jpg,test,normal,0.72870255,1,33.01179847,0.472897904,0.502533839
image_0222_jpg.rf.857cafa3a1d77589fd52a787a353b413.jpg,test,normal,0.6590607,1,31.82597258,0.466743192,0.504139456
image_0217_jpg.rf.294006fb9d0a7f526ec8c87044057055.jpg,test,normal,0.6845939,1,32.66103316,0.497265936,0.501669202
image_0362_jpg.rf.c856a9c229efafa3911a212d00e5f1c3.jpg,test,normal,0.6658456,1,32.92012117,0.484159912,0.500599519
image_0238_png_jpg.rf.d4c7df3c0e5cf689d092221a3de5a58b.jpg,test,normal,0.70466655,1,33.00183355,0.477400393,0.498917214
image_0128_png_jpg.rf.c21a6edbd952001fc120a4218084905e.jpg,test,normal,0.7097802,1,32.97791773,0.481536669,0.501266191
image_0126_png_jpg.rf.e3b1c87c206a840870c871a5ebfec166.jpg,test,normal,0.69207597,1,32.50159439,0.473564638,0.500531274
image_0146_png_jpg.rf.567eacf6d69e7b5129f2fb02ae9d1dd7.jpg,test,normal,0.71695364,1,32.95400191,0.482520086,0.500384029
image_0277_jpg.rf.e0066161855692ed8103c3141cc293b3.jpg,test,normal,0.6816119,1,33.03571429,0.474817081,0.502164517
image_0107_png_jpg.rf.a97f9c4ae20f825303f27dfd0ab556ef.jpg,test,normal,0.67340213,1,32.42386798,0.474918129,0.499425623
image_0577_png_jpg.rf.c012e6e1c0edf8d29adeaf401e798378.jpg,test,normal,0.68203205,1,32.88823342,0.480170675,0.500296959
image_0074_png_jpg.rf.ff102fa3520462b33136f6360b05796c.jpg,test,normal,0.6782954,1,32.46372768,0.47585153,0.496573253
image_0265_jpg.rf.74917f0cf06f89773907d7c0f7df7352.jpg,test,normal,0.6762945,1,31.99139031,0.479839879,0.494254113
image_0178_png_jpg.rf.8242ed691ad9b6dcdc33696134b03439.jpg,test,normal,0.6940416,1,32.98588967,0.481357235,0.499968077
image_0173_png_jpg.rf.9383311ac889bf7efc5761789a332a8c.jpg,test,normal,0.7096291,1,33.03571429,0.477796507,0.50191069
image_0117_png_jpg.rf.96907679d692ef7e5b963200427491b9.jpg,test,normal,0.7098967,1,33.03571429,0.47434486,0.501963248
image_0288_jpg.rf.00c632a75aa588a748f5bbdcded6ee6f.jpg,test,normal,0.65653974,1,32.26044324,0.479320101,0.494853193
image_0237_jpg.rf.7cd9749b91fb4ecd4c87ae67a3ab7718.jpg,test,normal,0.67808074,1,32.38002232,0.469058861,0.498477541
image_0502_png_jpg.rf.eb45ac154c81ae29e74968683996d460.jpg,test,normal,0.70544297,1,33.03571429,0.479785723,0.500242241
image_0341_jpg.rf.ae548a4e81efde1c0609f41fed6b8e2b.jpg,test,normal,0.65689015,1,31.93160077,0.483006772,0.506989603
image_0074_png_jpg.rf.997c9a6e1a7b1b598a0f77bf85a0223e.jpg,test,normal,0.6307888,1,31.71436543,0.482242466,0.498415952
image_0171_jpg.rf.74b536573471850aff94667bf256c848.jpg,test,normal,0.69911575,1,33.03571429,0.472264769,0.502448658
image_0386_png_jpg.rf.7f4de6aad532e514765f1e5c113eb393.jpg,test,normal,0.694788,1,33.00980548,0.478989225,0.501312005
image_0418_jpg.rf.8474358974bf421667e6a019aad2bd52.jpg,test,normal,0.6246641,1,32.53348214,0.495453172,0.50153244
image_0350_jpg.rf.a001c2667418a5dfef0aaf4efc91f8a4.jpg,test,normal,0.6872003,1,32.88225446,0.518618935,0.50037521
image_0148_png_jpg.rf.5fb4dae2e50d903d16511e781edcd945.jpg,test,normal,0.6979397,1,32.91414222,0.479853048,0.500115237
image_0121_png_jpg.rf.e5acfd6a25e5690fe6e4d707f857e590.jpg,test,normal,0.69848776,1,32.97991071,0.484192503,0.499012291
image_0005_png_jpg.rf.87d2a5ec874493502d11436e347cabb6.jpg,test,normal,0.70812416,1,33.03571429,0.481065461,0.501783621
image_0076_png_jpg.rf.7dd11f2dbae1567233bfcb486012634d.jpg,test,normal,0.7046305,1,32.53547513,0.512081065,0.501766086
image_0599_png_jpg.rf.28099ced026ba04682c16e70ca3b7bc0.jpg,test,normal,0.7185446,1,32.95798788,0.484121694,0.499300984
image_0551_png_jpg.rf.51073f4e46fc509152aa604cded722d3.jpg,test,normal,0.6709496,1,32.94802296,0.482868882,0.498926542
image_0044_png_jpg.rf.2f9c513f5aa0a40ae2c057394487709d.jpg,test,normal,0.66638404,1,32.9559949,0.483810948,0.499724317
image_0227_jpg.rf.af4c62e7b8a34a3bd6b397d98e58335b.jpg,test,normal,0.68521214,1,32.96197385,0.476701756,0.499596514
image_0260_jpg.rf.ae7a0a598c408c5d71d933a47dab836b.jpg,test,normal,0.70372957,1,32.91214923,0.473908444,0.499430159
image_0774_png_jpg.rf.9348bcccd25a0a348e5a1cad017f6e1c.jpg,test,normal,0.68002385,1,32.48166454,0.4855715,0.499577486
image_0157_jpg.rf.06ef93ef2443e1e49dba664357948919.jpg,test,normal,0.6594431,1,32.45575574,0.52333123,0.492580395
image_0390_jpg.rf.71847bb2f55d48566870fad41935b280.jpg,test,normal,0.62102723,1,31.72831633,0.499918541,0.494832969
image_0174_jpg.rf.718760ea54c25bce82e4f085cddf104f.jpg,test,normal,0.6946377,1,32.28037309,0.478416787,0.498356824
image_0010_png_jpg.rf.01830aa5c3a714127d54e76fac0e6d00.jpg,test,normal,0.6880663,1,32.94005102,0.482602769,0.501942659
image_0026_png_jpg.rf.0acc9ecfb9d90606bcab33a18258d25b.jpg,test,normal,0.6558616,1,32.31226084,0.492539116,0.502897823
image_0081_png_jpg.rf.3fae4764d72b1167a9c8c5b0168e8367.jpg,test,normal,0.6458872,1,31.88177615,0.484973283,0.501735373
image_0727_png_jpg.rf.f0850f581a6c7f16732f2901c841f9c1.jpg,test,normal,0.6735767,1,32.46970663,0.514217324,0.501595636
image_0365_jpg.rf.08e67d1d5ae8e7be04b8ebc9e08d94b7.jpg,test,normal,0.66743994,1,32.11296237,0.517078059,0.500256988
image_0054_png_jpg.rf.e70ac9fb68fb1db22f194e2400ccea2d.jpg,test,normal,0.6558875,1,32.5912787,0.50728902,0.501819065
image_0574_png_jpg.rf.c1f06696724416c2684dd878767b7746.jpg,test,normal,0.6931693,1,33.01179847,0.493044876,0.502609091
image_0198_jpg.rf.54fc885895f7d79246a011f10f47cd25.jpg,test,normal,0.6829436,1,32.90019133,0.473668355,0.501115157
image_0185_jpg.rf.0c573f8b25d363d841d710e55f70bf8b.jpg,test,normal,0.6920692,1,33.0078125,0.470663462,0.504020975
image_0300_jpg.rf.148d301f6e8f5d095b60fea17ee6f14b.jpg,test,normal,0.68265367,1,32.94802296,0.484341185,0.501614417
image_0655_png_jpg.rf.d55e2f89f238763565d7fa152bd66109.jpg,test,normal,0.7011344,1,32.88823342,0.488463965,0.500257354
image_0577_png_jpg.rf.0728d022a78be25bfda471b38df559b1.jpg,test,normal,0.68785,1,32.88424745,0.477304753,0.499366489
image_0601_png_jpg.rf.9afc4afe3138cd88ac0a9be24ea610ca.jpg,test,normal,0.723069,1,32.94602997,0.485011969,0.498723026
image_0650_png_jpg.rf.2f11ebcd10fcde1b115d5070a5eb5d5b.jpg,test,over-arch,0.7087819,1,32.99186862,0.483250697,0.503339005
image_0195_jpg.rf.45bc2cd612136c5b8892d537a467cda9.jpg,test,over-arch,0.6718677,1,31.8877551,0.481306085,0.504661956
image_0258_jpg.rf.b698cd90b53676468d986c86dc38eb03.jpg,test,over-arch,0.68370396,1,32.38400829,0.519534637,0.495522195
image_0748_png_jpg.rf.9ee16cdf6050a63c62f453033bc06289.jpg,test,over-arch,0.7189436,1,33.02375638,0.472419085,0.501568072
image_0290_jpg.rf.3d640252513c95adcb6e1c4f9952d714.jpg,test,over-arch,0.7014999,1,32.9300861,0.466994635,0.498632342
image_0013_png_jpg.rf.0de6f844291072e01162cf48a0010916.jpg,test,over-arch,0.62578964,1,31.50709503,0.524692222,0.493407132
image_0069_png_jpg.rf.9e830f273ae86188865ff2eb49a0b616.jpg,test,over-arch,0.7237822,1,33.03571429,0.467619103,0.502936246
image_0759_png_jpg.rf.e1889228b8e4de026c8082ed0ed78b7f.jpg,test,over-arch,0.6707206,1,32.46572066,0.496513096,0.503952852
image_0298_png_jpg.rf.a4eecfc7269a25c45ba1dff0308f00e7.jpg,test,over-arch,0.699589,1,32.40792411,0.532760424,0.492839061
image_0794_png_jpg.rf.c20ef2ba5c4af659ab14553ebe5bd1ec.jpg,test,over-arch,0.73047274,1,33.03571429,0.473876085,0.502283526
image_0419_jpg.rf.cfad75219c55ceb3e52da2824fbeb6ab.jpg,test,over-arch,0.7021991,1,33.0337213,0.47404501,0.500767024
image_0855_png_jpg.rf.6dbcafb0ea7b95e101e056f8ba2fa857.jpg,test,over-arch,0.6938961,1,32.96795281,0.47351445,0.499307794
image_0951_png_jpg.rf.f2378801471b7d82bbbd735f83ed6aad.jpg,test,over-arch,0.7116182,1,33.0078125,0.474754025,0.502320397
image_0570_png_jpg.rf.635a15fcea3fe340fa8e817346f94f77.jpg,test,over-arch,0.6911032,1,32.99984056,0.482130546,0.501139427
image_0377_jpg.rf.e90bcd932621cab78c23e02c60fb985f.jpg,test,over-arch,0.6937667,1,33.03571429,0.47030874,0.502790097
image_0879_png_jpg.rf.fe916c6b0fb00fac0079e507fa33746b.jpg,test,over-arch,0.65120864,1,32.9041773,0.491497849,0.49907672
image_0882_png_jpg.rf.cfc79539354d165d2a3b4f8736debae2.jpg,test,over-arch,0.698341,1,32.50956633,0.482017915,0.500393088
image_0571_png_jpg.rf.03c29ebc0eb4200b30f267c6d30b3e40.jpg,test,over-arch,0.68983805,1,32.89221939,0.479649295,0.50098891
image_0275_jpg.rf.85fc5ceccd6b0bb937801518231bc3cb.jpg,test,over-arch,0.67558867,1,32.45974171,0.475491613,0.49937266
image_0699_png_jpg.rf.4c364f4dcbdf65f48f8b8ea32c4840a2.jpg,test,over-arch,0.69718385,1,32.53348214,0.526561733,0.497298752
image_0837_png_jpg.rf.709659794ac8a51054825d2bb0234ed4.jpg,test,over-arch,0.667577,1,32.55141901,0.528623515,0.497790313
image_0759_png_jpg.rf.9b28aa7aa6e9cf095fbbcecdd979c2a5.jpg,test,over-arch,0.6933662,1,32.95798788,0.479804956,0.500827681
image_0038_png_jpg.rf.f11371a2c2fdedc66cee8a29131b5c89.jpg,test,over-arch,0.68284893,1,32.28635204,0.515413875,0.499387004
image_0896_png_jpg.rf.544a6009277c72a24e0dec9008f49c40.jpg,test,over-arch,0.67630684,1,32.57533482,0.48020476,0.504824511
image_0377_png_jpg.rf.2291300a4823b74ed85bea9138f5a13c.jpg,test,over-arch,0.7496692,1,32.94802296,0.477047318,0.4979735
image_0079_png_jpg.rf.0a2686184698005b4067f6b2eebe12d3.jpg,test,over-arch,0.68978477,1,33.03571429,0.479846891,0.500429348
image_0832_png_jpg.rf.c5e943006f23907e25e585c2c48a2915.jpg,test,over-arch,0.6783268,1,32.98987564,0.478692104,0.500753942
image_0607_png_jpg.rf.83a935102a66af20d73d83e5bead4231.jpg,test,over-arch,0.6819609,1,32.91414222,0.476041904,0.499679669
image_0069_png_jpg.rf.1be6e5964cdb5c8178cb085bf7bd6664.jpg,test,over-arch,0.68125176,1,32.45774872,0.482066809,0.501858616
image_0485_png_jpg.rf.084a1f0936f64e851560e03fc7689b32.jpg,test,over-arch,0.71146995,1,32.94005102,0.485429192,0.500019278
image_0088_png_jpg.rf.b52faf4030c10a159179e596d5397aa3.jpg,test,over-arch,0.6754147,1,31.8877551,0.470664552,0.495482377
image_0243_png_jpg.rf.e1f0d438f89d506c46ad262bb1c36731.jpg,test,over-arch,0.66253203,1,31.99736926,0.513111498,0.504943229
image_0244_jpg.rf.786089a78c95dfdb62c6be3bcdd3abb1.jpg,test,over-arch,0.6841678,1,32.99186862,0.47281464,0.501812927
image_0411_jpg.rf.c3b428cda158a1d2885fd23ddd73a072.jpg,test,over-arch,0.683174,1,31.98740434,0.462560591,0.50363779
image_0270_png_jpg.rf.8adcc05ed7f71344dd6f4c21d146b55a.jpg,test,over-arch,0.7032761,1,33.03571429,0.482412604,0.500662626
image_0132_png_jpg.rf.184e02859378b4f1e372f5624139c58b.jpg,test,over-arch,0.6419133,1,31.78611288,0.529957486,0.497921024
image_0411_jpg.rf.4268191b6cac5d2ce901544c53b7b7e5.jpg,test,over-arch,0.72974795,1,33.03571429,0.477025624,0.504496173
image_0067_png_jpg.rf.2eb3d1fbe8cf58589a4401dfd403f16d.jpg,test,over-arch,0.69400567,1,33.00980548,0.481233865,0.501399973
image_0889_png_jpg.rf.525345af53e1478d5d0f39fd0344118e.jpg,test,over-arch,0.7154898,1,32.89421237,0.4812706,0.499386198
image_0314_jpg.rf.2765996dd4ca08a52b88023fbd9f3fe6.jpg,test,over-arch,0.6986379,1,32.38400829,0.47771689,0.501362552
image_0203_jpg.rf.3983891f9c63b46930426feccacfc389.jpg,test,over-arch,0.6715713,1,32.3700574,0.450767486,0.500903742
image_0564_png_jpg.rf.1ec1d713a8abafafd289fc89d3ef7cf1.jpg,test,over-arch,0.660232,1,31.85786033,0.511294879,0.49383514
image_0003_png_jpg.rf.e3aa78c31242ba54dd738dced750ae5d.jpg,test,over-arch,0.7282748,1,33.03571429,0.470608894,0.503043883
image_0736_png_jpg.rf.9bd333d6b1a5353e3d8278ac439e0107.jpg,test,over-arch,0.6979095,1,33.03571429,0.4764231,0.501303771
image_0447_png_jpg.rf.aba9a512644b78c6d44596ec7b91fac0.jpg,test,over-arch,0.7265007,1,32.92809311,0.487412766,0.498346551
image_0771_png_jpg.rf.917e37ebc9482447c27b8c64ebfe980b.jpg,test,over-arch,0.67108846,1,32.41988202,0.474044032,0.501825084
image_0193_jpg.rf.4c0b36617c703a4b52c12ece208bfa37.jpg,test,over-arch,0.6641207,1,32.46572066,0.468093493,0.499812752
image_0475_png_jpg.rf.0cf042552c7b493aa8f68192a5d33c48.jpg,test,over-arch,0.7051658,1,32.86033163,0.478879691,0.501254209
image_0070_png_jpg.rf.d54cd0173a69fd735259522cc3dabdbf.jpg,test,over-arch,0.7448882,1,32.95001594,0.476345893,0.498333017
image_0037_png_jpg.rf.3deed098c877370d652daac926e58b71.jpg,test,over-arch,0.6970803,1,33.01777742,0.478813872,0.502164469
image_0079_png_jpg.rf.2110eecb16483d715c81ad7d3f98b66b.jpg,test,over-arch,0.6812493,1,32.44977679,0.484896154,0.500767244
image_0065_png_jpg.rf.3078c99e2e175fba074813152afd1f21.jpg,test,over-arch,0.6847139,1,32.99585459,0.472814575,0.500916395
image_0313_jpg.rf.64ea307ba45bc5bcb37c408bee8a6399.jpg,test,over-arch,0.6542008,1,31.60873724,0.476801772,0.496573805
image_0446_png_jpg.rf.61cfe2a51d601aebd60de75392d54806.jpg,test,over-arch,0.68088025,1,32.98788265,0.475729141,0.500716192
image_0289_jpg.rf.a26f1faa3e2fb029f4f9eb29b9a4242e.jpg,test,over-arch,0.69084555,1,31.99936224,0.461756107,0.496483955
image_0343_jpg.rf.e6ffddbb5e218c2d529068ed69ef4a42.jpg,test,over-arch,0.702117,1,33.03571429,0.478151302,0.500926891
image_0985_png_jpg.rf.df8d9bc9c90994571e4138efd2428352.jpg,test,over-arch,0.63830554,1,32.19268176,0.523402446,0.494990023
image_0044_png_jpg.rf.7c68cfb9d47ed64584e6647a30c4a303.jpg,test,over-arch,0.6795042,1,31.99936224,0.480224191,0.496188566
image_0116_png_jpg.rf.821c975d77eb7889f0fe1d7d12f81581.jpg,test,over-arch,0.72235453,1,32.97193878,0.507964385,0.498311016
image_0351_png_jpg.rf.45a96efe140220e2a9de63eb4c531d7c.jpg,test,over-arch,0.7192705,1,32.96396684,0.47756147,0.499279777
image_0316_jpg.rf.a4f3d8d5db4b89184379b17917f74b7b.jpg,test,over-arch,0.6549967,1,31.84191645,0.47221085,0.497423934
image_0183_jpg.rf.eee4b74479ede11b17a719dcc80937f6.jpg,test,over-arch,0.71188235,1,33.03571429,0.467307568,0.503868919
image_0924_png_jpg.rf.41ade938dfda14e6aca59938e081f8d7.jpg,test,over-arch,0.69635767,1,32.54145408,0.514706534,0.503645121
image_0005_png_jpg.rf.1c87b4e5270880ced6ea282f4874f87f.jpg,test,over-arch,0.65092057,1,32.39995217,0.474792709,0.496934039
image_0831_png_jpg.rf.357994894ae0e183b247869065aeda59.jpg,test,over-arch,0.71987545,1,32.89421237,0.475093719,0.498961435
image_0736_png_jpg.rf.2c8a7768548511949cac0ef3b4c53f97.jpg,test,over-arch,0.69047534,1,32.45376276,0.470089447,0.501649668
image_0374_png_jpg.rf.0bf316c9747c9bf3475dcac422a6737f.jpg,test,over-arch,0.6616033,1,31.5489477,0.482718469,0.504952461
image_0951_png_jpg.rf.1bc5cdcf9f3df20dd38e078c7bcc2b6e.jpg,test,over-arch,0.7016369,1,32.42785395,0.466466821,0.50388315
image_0275_jpg.rf.becda1da52cdeb2033641ef2aaa7741f.jpg,test,over-arch,0.6726637,1,32.40593112,0.476125949,0.501367401
image_0819_png_jpg.rf.276df4f5ae2588e505c1168ada33740d.jpg,test,over-arch,0.7137781,1,32.96197385,0.474311309,0.498850032
image_0007_png_jpg.rf.0c4c47a4e683dc69dcbb81120063ebcd.jpg,test,over-arch,0.6771186,1,32.98389668,0.476666532,0.502068874
image_0043_png_jpg.rf.ff32054fae15e5896ee264f74dd4918b.jpg,test,over-arch,0.6914498,1,33.00183355,0.481388495,0.500133433
image_0373_png_jpg.rf.f87fc3aab4b7522bd7e5708098866f1d.jpg,test,over-arch,0.6783082,1,32.38002232,0.500949896,0.498187428
image_0396_jpg.rf.ed57261a061db63db214605d90436c03.jpg,test,over-arch,0.6544161,1,31.57286352,0.524206904,0.494579419
image_0963_png_jpg.rf.59f5e480694fc54c9287a60211309605.jpg,test,over-arch,0.67886627,1,32.4736926,0.492232362,0.498084031
image_0366_jpg.rf.2fc8815b06b0bdbf24517e3163619a28.jpg,test,over-arch,0.6871768,1,32.96396684,0.476944456,0.498265556
image_0456_png_jpg.rf.c36e47abd86e8a44f2845f943f7bb060.jpg,test,over-arch,0.6989583,1,32.43582589,0.468590377,0.504494213
image_0193_jpg.rf.6f0c7e07b67d5b3dbd95d54fd6cad156.jpg,test,over-arch,0.6790587,1,33.03571429,0.481072056,0.500814998
image_0068_png_jpg.rf.594e8ccb1ac7754e1e263a9e47cb75f2.jpg,test,over-arch,0.7106268,1,32.96994579,0.482848978,0.498930216
image_0087_png_jpg.rf.9d48afe4b1ece82e7b5d226a07de0510.jpg,test,over-arch,0.70887023,1,32.38002232,0.471571506,0.500661401
image_0120_png_jpg.rf.71c119079a246904370c12e6b8510a08.jpg,test,over-arch,0.6570166,1,32.29033801,0.473894335,0.50054304
image_0122_png_jpg.rf.b17870ed2f022c0d9ad63a5b7a4b1d72.jpg,test,over-arch,0.68915266,1,32.94802296,0.478657561,0.500095302
image_0141_png_jpg.rf.3e992f9bf953c7cc0a29527f4662893c.jpg,test,over-arch,0.6803323,1,31.90768495,0.523956934,0.501941305
image_0373_png_jpg.rf.7e63ec9b3ab1c5b953c92504e0a6c824.jpg,test,over-arch,0.66978556,1,31.92562181,0.496854661,0.495096132
image_0284_png_jpg.rf.8ab54a26056d5eb0cf743266b06c47b4.jpg,test,over-arch,0.6603022,1,31.39548788,0.469685929,0.502279989
image_0417_jpg.rf.6a7745a9b2a9b0d6339c6437f057ca1b.jpg,test,over-arch,0.6794782,1,32.99784758,0.471851845,0.505235717
image_0457_png_jpg.rf.bc52e3f81eca4525718d8960e7bfd883.jpg,test,over-arch,0.6786464,1,31.80604273,0.468932979,0.499170722
image_0564_png_jpg.rf.4640b20dfb2c2aa18b53bec4fdcef2c9.jpg,test,over-arch,0.6940366,1,32.95400191,0.495208995,0.500789267
image_0396_png_jpg.rf.579720189ef29ddd7596e7c1ce4196b4.jpg,test,over-arch,0.7195726,1,33.0078125,0.479917421,0.500787833
image_0088_png_jpg.rf.f1df45cb66f7ed75b2a958f0c239b350.jpg,test,over-arch,0.665586,1,32.89819834,0.4887076,0.500121405
image_0797_png_jpg.rf.251d6a0eafa9fe0332ff5cc249a854e1.jpg,test,over-arch,0.7266644,1,32.96994579,0.4764849,0.499093789
image_0281_png_jpg.rf.bdadce6caa2883befae5d1e1c323c926.jpg,test,over-arch,0.73538893,1,32.96197385,0.490177956,0.500699021
image_0543_png_jpg.rf.2a2784b918a74573f5cf9545f85bd6a1.jpg,test,over-arch,0.69356745,1,32.90617028,0.482911841,0.498843572
image_0976_png_jpg.rf.c2ee9122b98bfcfc56ebb63564b32640.jpg,test,over-arch,0.71064657,1,32.77264031,0.517122446,0.501952215
image_0571_png_jpg.rf.f85f817e0ac6d95d2530593503b396c5.jpg,test,over-arch,0.66394746,1,31.75023916,0.472978283,0.497103138
image_0284_png_jpg.rf.5a81de1d908fbd02276b231334a5126d.jpg,test,over-arch,0.7054293,1,32.96197385,0.474030367,0.500416313
image_0042_png_jpg.rf.1aa340aa2230c16019db787c77abb2d5.jpg,test,over-arch,0.780939,1,33.03571429,0.486277821,0.501914537
image_0869_png_jpg.rf.b34144e6460fda67d632215035d0e8f5.jpg,test,over-arch,0.67014736,1,32.35212054,0.465083265,0.500522862
image_0899_png_jpg.rf.0f3748feeb097cd5fc911dfa923905d9.jpg,test,over-arch,0.69615775,1,32.93207908,0.476545172,0.499666635
image_0376_png_jpg.rf.99b157e8496111c4c0d33647a20c1e9c.jpg,test,over-arch,0.7145247,1,32.95001594,0.522702613,0.498720543
image_0291_jpg.rf.3558a162b327c9793c0e0c51b823d0ae.jpg,test,over-arch,0.68236214,1,33.01777742,0.476451796,0.501060883
image_0069_png_jpg.rf.5c6cb878d8535e7cd85c7e7a89115971.jpg,test,over-arch,0.6970355,1,33.00183355,0.48186565,0.50021188
image_0025_png_jpg.rf.1e0e3bb9ba3ad2c8c7db95928aab63f4.jpg,test,over-arch,0.6978381,1,33.03571429,0.483559241,0.501411084
image_0315_jpg.rf.6936e6500b3cac5f230869e4a5ec3629.jpg,test,over-arch,0.6720703,1,32.24051339,0.523208733,0.494726515
image_0103_png_jpg.rf.be02bd502874c483204538181ab569f0.jpg,test,over-arch,0.7081604,1,33.03571429,0.472231725,0.502488187
image_0073_png_jpg.rf.c501ca06188070a7387f2f5615c0fad3.jpg,test,over-arch,0.68617654,1,32.95200893,0.526442417,0.497915221
image_0257_jpg.rf.56c99c31e21c81a3a69c233061e46bb7.jpg,test,over-arch,0.6597675,1,32.2265625,0.494114276,0.500699943
image_0164_png_jpg.rf.f3fe3de8d401c00a105b4192209cf6e7.jpg,test,over-arch,0.67704976,1,32.38600128,0.469500217,0.496054308
image_0582_png_jpg.rf.c9bea20533d8e0e95178d811e686de2b.jpg,test,over-arch,0.7126697,1,33.0078125,0.470611342,0.501260388
image_0975_png_jpg.rf.11bc7e3baee31b3d1b29bc9a984f6491.jpg,test,over-arch,0.7023197,1,33.03571429,0.475445653,0.501843972
image_0335_png_jpg.rf.f508fa0dd711f427246504fb83855e23.jpg,test,over-arch,0.7060472,1,32.88624043,0.515578909,0.501601548
image_0921_png_jpg.rf.9df292c5ab22fd237025d5fe2b1f8ee0.jpg,test,over-arch,0.71005046,1,32.94802296,0.480330718,0.500348627
image_0685_png_jpg.rf.8d71ba4aac2a6e2098c81e2b15bc3791.jpg,test,over-arch,0.7147108,1,32.96595982,0.48023333,0.499504415
image_0301_jpg.rf.8620a39f4fee4d5255bafe1e478ef891.jpg,test,over-arch,0.6604303,1,31.91964286,0.480257974,0.497413403
image_0606_png_jpg.rf.9c7ec776dc8667af6793d0f5cd676e2d.jpg,test,over-arch,0.7076139,1,33.03571429,0.476149016,0.500873033
image_0005_png_jpg.rf.7e87f8551ead0736425845fee5a830da.jpg,test,over-arch,0.6516936,1,32.30030293,0.477960421,0.49927955
image_0067_png_jpg.rf.4c0e9b58ae9582cc1bc40cf8d65236d8.jpg,test,over-arch,0.6650795,1,32.15680804,0.518458554,0.499192036
image_0339_jpg.rf.7e9fb8933a9563cabc369608cfe61a5e.jpg,test,over-arch,0.68813264,1,32.21061862,0.481271635,0.504741132
image_0290_png_jpg.rf.ddb91cb9a4bf370154a11702f44b53d8.jpg,test,over-arch,0.71209866,1,33.03571429,0.484162963,0.502091629
image_0103_png_jpg.rf.09d17ae0402a33c2e655164baf066a65.jpg,test,over-arch,0.68950033,1,32.50956633,0.521366082,0.500485399
image_0374_png_jpg.rf.d3c2f250800983ef9057822bd3e451a2.jpg,test,over-arch,0.70627576,1,33.03571429,0.477065739,0.500615245
image_0729_png_jpg.rf.91112a4898eadbf6756195fd0a41e272.jpg,test,over-arch,0.71464247,1,32.94802296,0.482659298,0.500323884
image_0067_png_jpg.rf.272e06bb9c93eaba62cce8ec273060f5.jpg,test,over-arch,0.6775339,1,31.90369898,0.467287847,0.50528675
image_0331_jpg.rf.70972f2d4c3be3e2f94ad8ef308c0693.jpg,test,over-arch,0.70321935,1,33.01777742,0.478990394,0.497994087
image_0258_jpg.rf.008a4e9b73c8e498d7e870cc9b7fc5d7.jpg,test,over-arch,0.7111442,1,32.99984056,0.483411678,0.50003871
